date,open,high,low,close,volume,ma20,ma50,rsi,macd,signal,company
2024-08-21,1480.464784262564,1494.964564922092,1477.2426107826689,1485.8433837890625,7769996,1485.8434,1485.8434,,0.0,0.0,RELIANCE
2024-08-22,1490.1312336221058,1493.6012664349316,1477.8869991875908,1485.2979736328125,10445782,1485.5707,1485.5707,,-0.0435,-0.0087,RELIANCE
2024-08-23,1490.8749048344312,1498.3849993365056,1485.5955458508122,1487.1322021484375,9249654,1486.0912,1486.0912,,0.0692,0.0069,RELIANCE
2024-08-26,1494.0722092753902,1509.9600269352031,1490.131267553257,1499.6490478515625,8816114,1489.4807,1489.4807,,1.1552,0.2366,RELIANCE
2024-08-27,1497.5671500638725,1500.516654009415,1486.6117113802566,1487.6031494140625,6251156,1489.1052,1489.1052,,1.032,0.3956,RELIANCE
2024-08-28,1492.1141436005682,1494.567928369235,1480.2168879705305,1485.4715576171875,9610286,1488.4996,1488.4996,,0.7537,0.4673,RELIANCE
2024-08-29,1490.2303777286736,1523.8401488737275,1481.2083164719252,1507.90283203125,38335358,1491.2714,1491.2714,,2.3164,0.8371,RELIANCE
2024-08-30,1520.865886117465,1526.5418444404818,1490.4534771750382,1496.6995849609375,41620730,1491.95,1491.95,,2.6207,1.1938,RELIANCE
2024-09-02,1497.9388431759776,1513.7275412609433,1493.7252318027681,1503.267822265625,11240852,1493.2075,1493.2075,,3.3531,1.6257,RELIANCE
2024-09-03,1508.2250430567562,1509.9600595401412,1494.5927706873033,1496.203857421875,10923800,1493.5071,1493.5071,,3.3253,1.9656,RELIANCE
2024-09-04,1487.850885016148,1504.50709100704,1486.6612078847159,1501.5823974609375,11983304,1494.2413,1494.2413,,3.6946,2.3114,RELIANCE
2024-09-05,1506.0439573959175,1512.7113538076746,1474.3179410781217,1480.192138671875,16264168,1493.0705,1493.0705,,2.2356,2.2962,RELIANCE
2024-09-06,1479.721175380084,1484.182646260627,1449.110527949692,1452.2830810546875,19394228,1489.933,1489.933,,-1.1594,1.6051,RELIANCE
2024-09-09,1453.943716732093,1457.339440034618,1443.1370191466497,1449.9283447265625,9010298,1487.0755,1487.0755,,-3.9939,0.4853,RELIANCE
2024-09-10,1447.9951044503912,1459.4462610127246,1445.0951000796938,1449.0113525390625,10768260,1484.5379,1484.5379,36.2864,-6.2424,-0.8602,RELIANCE
2024-09-11,1450.5232999620255,1456.1744477064742,1435.1560121734635,1439.0721435546875,9760202,1481.6963,1481.6963,33.9141,-8.7257,-2.4333,RELIANCE
2024-09-12,1444.5250498204912,1473.2767495080643,1433.4953029575859,1467.1298828125,22349376,1480.8395,1480.8395,44.1138,-8.3336,-3.6134,RELIANCE
2024-09-13,1463.7590600068495,1470.451266381587,1456.918113729867,1460.016357421875,8711328,1479.6826,1479.6826,37.9539,-8.499,-4.5905,RELIANCE
2024-09-16,1464.8991851443227,1468.2204780575375,1452.2087310287416,1458.752197265625,5481774,1478.581,1478.581,40.6159,-8.6325,-5.3989,RELIANCE
2024-09-17,1461.3796100548857,1464.8248328952707,1454.0677548146177,1459.6942138671875,5935328,1477.6367,1477.6367,41.5502,-8.5636,-6.0318,RELIANCE
2024-09-18,1457.413889315684,1469.3111455549956,1448.0448484372855,1450.919921875,8574714,1475.8905,1476.3644,29.4842,-9.1119,-6.6478,RELIANCE
2024-09-19,1453.6959512825117,1463.8581906691413,1443.0876132109174,1457.0916748046875,16955902,1474.4802,1475.4884,35.2038,-8.9454,-7.1074,RELIANCE
2024-09-20,1461.3795684407844,1482.1997658201985,1458.7770437683578,1473.2025146484375,30897320,1473.7837,1475.389,39.516,-7.4278,-7.1714,RELIANCE
2024-09-23,1478.2340798324108,1488.6441789861601,1476.2015834923338,1480.5887451171875,8832314,1472.8307,1475.6057,44.5671,-5.5649,-6.8501,RELIANCE
2024-09-24,1475.7554165819738,1487.6526722077606,1475.1357678514642,1476.6229248046875,17137444,1472.2817,1475.6464,41.2298,-4.3583,-6.3518,RELIANCE
2024-09-25,1471.1948125268714,1483.6869066134093,1467.5264194610884,1481.15869140625,7069002,1472.066,1475.8584,50.3853,-3.0015,-5.6817,RELIANCE
2024-09-26,1477.8870868947113,1491.122760061236,1475.309372285805,1485.12451171875,18818998,1470.9271,1476.2016,66.1782,-1.5879,-4.8629,RELIANCE
2024-09-27,1486.1655345930462,1520.345334807694,1479.2254687210307,1513.10791015625,20597478,1471.7475,1477.5197,74.8489,1.77,-3.5364,RELIANCE
2024-09-30,1506.3908994638518,1511.9181178232873,1461.7761901136828,1463.9324951171875,27008814,1469.7808,1477.0511,54.2538,0.4579,-2.7375,RELIANCE
2024-10-01,1467.9726595996829,1475.2100841908111,1450.3002051077794,1452.2830810546875,16431642,1467.5847,1476.2255,53.7299,-1.5047,-2.4909,RELIANCE
2024-10-03,1424.2750076222521,1436.9902726871705,1390.070396353704,1394.928466796875,37757294,1462.252,1473.603,32.5088,-7.6005,-3.5128,RELIANCE
2024-10-04,1391.9046094477658,1405.2145916660443,1369.9442340651563,1374.653564453125,37072876,1456.9751,1470.5109,30.56,-13.9071,-5.5917,RELIANCE
2024-10-07,1381.5689173076198,1384.5432314460647,1349.7189700751067,1358.9888916015625,22181340,1452.3104,1467.1314,28.679,-19.9393,-8.4612,RELIANCE
2024-10-08,1361.2195630224157,1389.004637160655,1353.4119887771337,1385.3858642578125,17020808,1449.0833,1464.7271,35.6774,-22.3324,-11.2355,RELIANCE
2024-10-09,1385.5594536683957,1388.979866453412,1360.7486928237201,1362.8306884765625,14310610,1444.7742,1461.8158,33.8777,-25.7522,-14.1388,RELIANCE
2024-10-10,1368.209166456891,1374.132983939481,1357.699948504806,1359.31103515625,22358646,1440.7862,1458.9685,31.9285,-28.4187,-16.9948,RELIANCE
2024-10-11,1358.2700551936466,1371.4314188021033,1357.1050671377104,1360.35205078125,7980122,1435.4473,1456.3032,27.9131,-30.101,-19.616,RELIANCE
2024-10-14,1367.6390728953818,1368.2587216327886,1356.5350159311083,1360.7734375,12221432,1430.4851,1453.7892,25.8927,-31.0424,-21.9013,RELIANCE
2024-10-15,1346.8933067731043,1359.9554295521655,1329.2208521541709,1332.5174560546875,33762794,1424.1734,1450.6797,23.5871,-33.6803,-24.2571,RELIANCE
2024-10-16,1328.5268821992931,1352.3213935222657,1326.1722170162907,1342.4813232421875,20034438,1418.3128,1447.9747,25.078,-34.5683,-26.3193,RELIANCE
2024-10-17,1354.0067695283685,1356.7332239102464,1340.4737382347967,1344.811279296875,15543660,1413.0073,1445.4585,24.6348,-34.6842,-27.9923,RELIANCE
2024-10-18,1340.5976258716714,1356.70849216764,1329.840427555484,1347.66162109375,12082452,1407.5358,1443.13,17.102,-34.1524,-29.2243,RELIANCE
2024-10-21,1355.4196212833501,1362.2357572594483,1346.1000802528206,1357.476806640625,14067408,1401.7495,1441.1381,24.9036,-32.5636,-29.8922,RELIANCE
2024-10-22,1357.4769157261562,1364.2187428070656,1328.7500227270916,1331.8482666015625,15831960,1394.3125,1438.6542,23.3636,-32.9921,-30.5122,RELIANCE
2024-10-23,1326.0483270387208,1345.8522769141389,1323.56973203491,1327.0645751953125,17214742,1386.8346,1436.1745,30.4428,-33.3335,-31.0764,RELIANCE
2024-10-24,1323.8424540123256,1332.1952468902052,1311.7964576126847,1328.3287353515625,22155934,1379.1931,1433.83,35.0072,-33.1202,-31.4852,RELIANCE
2024-10-25,1331.996862815434,1332.8395608533488,1310.6809472586556,1316.4808349609375,18597496,1370.7609,1431.3332,35.894,-33.5208,-31.8923,RELIANCE
2024-10-28,1325.552505604476,1341.4155124030337,1310.7800563182918,1322.9251708984375,10824350,1361.2518,1429.0747,26.1092,-32.9386,-32.1016,RELIANCE
2024-10-29,1316.728719636798,1331.6994085045892,1308.995576227512,1328.52685546875,12008361,1354.4815,1427.0227,34.9237,-31.6602,-32.0133,RELIANCE
2024-10-30,1323.569732267355,1338.4413022928309,1314.0023313459362,1332.3935546875,11984423,1348.487,1425.1301,38.206,-29.9894,-31.6085,RELIANCE
2024-10-31,1328.5269031210519,1331.5012170832633,1314.7955112005386,1320.64501953125,9331650,1344.7729,1421.8262,34.0946,-29.2758,-31.142,RELIANCE
2024-11-01,1321.6364480777281,1330.4601492824747,1321.5868277686543,1327.1884765625,2127335,1342.3996,1418.664,37.1759,-27.8611,-30.4858,RELIANCE
2024-11-04,1326.3952636738204,1328.52687951389,1274.0969107675833,1291.0009765625,19796890,1339.0002,1414.7413,35.0527,-29.3219,-30.253,RELIANCE
2024-11-05,1281.9292880644173,1298.337634786513,1275.1379622128013,1294.1240234375,16267479,1334.4371,1410.6308,31.6877,-29.8832,-30.1791,RELIANCE
2024-11-06,1298.783649697479,1316.9270116872763,1289.0675098622075,1314.002197265625,21625209,1331.9957,1407.1588,39.7017,-28.3967,-29.8226,RELIANCE
2024-11-07,1312.6638089321268,1312.6638089321268,1291.447013193,1294.470947265625,9611974,1328.7537,1403.3388,34.0042,-28.4664,-29.5514,RELIANCE
2024-11-08,1286.5395574614042,1290.5053095001092,1264.083462337208,1272.758544921875,19814406,1324.374,1398.6359,26.2243,-29.9287,-29.6268,RELIANCE
2024-11-11,1267.9994654475693,1274.9891511168566,1256.151830843746,1261.802978515625,9056552,1319.4255,1393.938,28.5779,-31.6073,-30.0229,RELIANCE
2024-11-12,1264.6287615317467,1278.2610337323058,1256.6476373969983,1263.33984375,10671091,1315.9666,1389.1394,30.116,-32.4396,-30.5063,RELIANCE
2024-11-13,1259.374078659472,1264.5295076822267,1238.8017408266169,1241.3299560546875,14633633,1310.909,1384.042,25.9655,-34.4778,-31.3006,RELIANCE
2024-11-14,1242.866693712679,1261.7040163358736,1240.38809863068,1256.746826171875,12612633,1306.5058,1379.1452,33.8169,-34.4519,-31.9308,RELIANCE
2024-11-18,1256.7467703539512,1262.0014401044657,1233.24973843027,1249.9554443359375,13620611,1301.6205,1374.5405,30.2681,-34.5808,-32.4608,RELIANCE
2024-11-19,1249.9553610165642,1270.5276979121372,1224.5745744010292,1231.0189208984375,14183746,1295.2976,1370.1152,25.4064,-35.7983,-33.1283,RELIANCE
2024-11-21,1231.0189056876295,1233.299140266532,1206.8277964681656,1212.528564453125,19433843,1289.3316,1365.3672,21.8444,-37.8192,-34.0665,RELIANCE
2024-11-22,1218.8739057022901,1257.9860865301255,1211.9833389629089,1254.565673828125,20471957,1285.7067,1361.4783,36.4118,-35.6182,-34.3769,RELIANCE
2024-11-25,1278.9549045518283,1293.2811339485756,1271.4694999174592,1275.9805908203125,28923341,1283.0893,1358.2165,40.0768,-31.7796,-33.8574,RELIANCE
2024-11-26,1283.8625006531302,1286.7376948587628,1273.2045428922675,1284.6060791015625,9247557,1281.4955,1354.566,48.6126,-27.7218,-32.6303,RELIANCE
2024-11-27,1282.4250432843673,1292.6864023015983,1274.9892583407009,1282.1275634765625,9572746,1279.4557,1351.0082,47.39,-24.4245,-30.9891,RELIANCE
2024-11-28,1278.905374093644,1285.4984608667178,1258.184417128475,1259.91943359375,15027412,1276.0253,1347.0316,38.3515,-23.3343,-29.4582,RELIANCE
2024-11-29,1269.0406134614407,1288.3736540571424,1264.3312830599236,1281.1361083984375,13202307,1273.4624,1343.4604,47.1486,-20.5218,-27.6709,RELIANCE
2024-12-02,1276.9721028104004,1300.1221551586505,1266.115905470633,1297.9410400390625,11024152,1272.3272,1340.4008,55.5002,-16.7439,-25.4855,RELIANCE
2024-12-03,1305.7238628126408,1315.4400037478053,1295.8094826849822,1311.969970703125,16869482,1271.5663,1337.4984,60.812,-12.474,-22.8832,RELIANCE
2024-12-04,1314.6467414933138,1317.0262168141671,1292.884726573221,1297.74267578125,19608540,1271.9034,1333.9892,57.03,-10.1214,-20.3308,RELIANCE
2024-12-05,1303.0964459866593,1318.5628538088617,1294.966703202915,1310.7305908203125,16858723,1272.7337,1330.5921,64.7244,-7.1268,-17.69,RELIANCE
2024-12-06,1312.564791729292,1312.564791729292,1298.7837793313574,1300.320556640625,9037514,1272.0496,1327.066,59.4455,-5.5299,-15.258,RELIANCE
2024-12-09,1291.8436769577456,1303.7409326166044,1282.0284168341586,1284.0609130859375,14650002,1271.5291,1323.124,57.1016,-5.5127,-13.3089,RELIANCE
2024-12-10,1278.2113501165884,1283.812998621138,1269.238788448007,1273.8489990234375,16043729,1271.5836,1318.8985,59.2545,-6.2511,-11.8974,RELIANCE
2024-12-11,1273.9978081396894,1278.9549980546296,1265.1244866020038,1267.2559814453125,11724373,1271.8563,1313.9815,62.4661,-7.2843,-10.9748,RELIANCE
2024-12-12,1259.1262215126183,1267.25596445406,1249.8066803924569,1252.0870361328125,20906813,1271.2936,1309.7446,49.3567,-9.2208,-10.624,RELIANCE
2024-12-13,1249.211828655226,1264.281637225772,1228.9864700814942,1261.9517822265625,28630222,1272.3247,1305.938,46.1265,-9.846,-10.4684,RELIANCE
2024-12-16,1264.0833817296273,1270.032009408355,1255.7057794921418,1257.4407958984375,9486781,1272.3594,1303.1882,42.325,-10.5835,-10.4914,RELIANCE
2024-12-17,1250.2529662315405,1253.0785403896136,1232.1592223274588,1234.6378173828125,17462791,1271.5936,1300.3879,37.9649,-12.8597,-10.9651,RELIANCE
2024-12-18,1230.027558928225,1249.162239402372,1230.027558928225,1242.5196533203125,12670179,1272.1686,1298.0585,45.2452,-13.8678,-11.5456,RELIANCE
2024-12-19,1228.3916379278016,1234.2411461229626,1218.4772582835096,1219.914794921875,14244653,1272.5379,1294.7491,33.3961,-16.3028,-12.4971,RELIANCE
2024-12-20,1213.5201900622435,1228.8874800507767,1191.2128336272758,1194.9803466796875,20312896,1269.5586,1291.3921,23.2552,-20.0139,-14.0004,RELIANCE
2024-12-23,1204.5971709809228,1216.6926661807136,1202.8125341694108,1211.834716796875,10052824,1266.3513,1288.4426,24.3654,-21.3488,-15.4701,RELIANCE
2024-12-24,1211.8347850736238,1222.988463211123,1210.545867189896,1212.2808837890625,6734917,1262.7351,1285.4811,26.4609,-22.1158,-16.7992,RELIANCE
2024-12-26,1213.767935093776,1217.1883476811242,1203.8535553911518,1206.1339111328125,10016178,1258.9354,1282.3883,20.0624,-22.9551,-18.0304,RELIANCE
2024-12-27,1207.86900439277,1217.3867853075249,1206.5800865394056,1210.595458984375,7000397,1256.4692,1279.9499,23.4136,-22.9951,-19.0233,RELIANCE
2024-12-30,1205.9851311625014,1212.7268365212021,1197.7561478726802,1200.3338623046875,8818766,1252.4291,1277.107,24.2765,-23.583,-19.9353,RELIANCE
2024-12-31,1197.6570485426987,1208.6619856280877,1195.8229125326573,1205.043212890625,6405475,1247.7842,1274.3116,28.121,-23.3992,-20.628,RELIANCE
2025-01-01,1204.4483521073844,1215.800389087432,1201.2261788160188,1210.7935791015625,5892590,1242.7254,1271.5742,31.9493,-22.5298,-21.0084,RELIANCE
2025-01-02,1210.7936258321927,1233.7949384205442,1209.554328364606,1231.167724609375,15486276,1239.3966,1269.048,43.5276,-19.9666,-20.8,RELIANCE
2025-01-03,1233.2496968938563,1251.2443199889096,1224.9215938636924,1240.4376220703125,15521102,1235.882,1267.2198,43.319,-16.9914,-20.0383,RELIANCE
2025-01-06,1243.2136823453243,1251.1948069805778,1204.597219081935,1207.571533203125,14816766,1231.2445,1264.83,36.8325,-17.0885,-19.4483,RELIANCE
2025-01-07,1211.5371275851955,1233.8444805890147,1210.7935491517349,1230.2257080078125,10070505,1228.5528,1262.8679,48.8341,-15.1627,-18.5912,RELIANCE
2025-01-08,1238.3060678446636,1260.167324257905,1234.6872949225542,1254.664794921875,19346579,1227.5936,1261.6316,52.9511,-11.5316,-17.1793,RELIANCE
2025-01-09,1256.1519514905858,1258.878406002503,1237.3642497185242,1244.0068359375,12794704,1226.4311,1260.0532,56.2149,-9.4054,-15.6245,RELIANCE
2025-01-10,1243.114481097643,1245.9896754309787,1225.4173374439545,1231.266845703125,8120332,1225.3901,1258.108,59.989,-8.6488,-14.2294,RELIANCE
2025-01-13,1219.4687349455062,1234.5881643828388,1215.899582365329,1229.234375,13764861,1223.7542,1256.0448,55.2154,-8.1195,-13.0074,RELIANCE
2025-01-14,1233.4479678208604,1242.6187691440975,1216.742262047884,1228.143798828125,13095266,1222.2894,1254.1948,54.7365,-7.6993,-11.9458,RELIANCE
2025-01-15,1234.2905907014622,1246.2374660533972,1231.2171573529768,1241.478515625,9578856,1222.6314,1252.4806,60.1192,-6.2186,-10.8004,RELIANCE
2025-01-16,1248.1212833322295,1264.0834104275011,1240.586378973141,1255.6065673828125,14117603,1223.2858,1251.7727,62.2108,-3.8607,-9.4124,RELIANCE
2025-01-17,1310.9288585996749,1314.6467509950228,1273.997794139219,1291.19921875,29366277,1226.85,1251.7142,71.6718,0.8701,-7.3559,RELIANCE
2025-01-20,1304.7324245206253,1304.7324245206253,1289.1172758229052,1294.272705078125,14040244,1231.8146,1251.3196,71.449,4.8117,-4.9224,RELIANCE
2025-01-21,1299.2795231523412,1301.7581181984158,1259.324522599558,1262.7945556640625,14562976,1234.3626,1250.6861,61.1241,5.334,-2.8711,RELIANCE
2025-01-22,1267.355325635656,1271.9159165250771,1257.8374234010246,1266.16552734375,10273590,1237.0568,1250.5543,58.0741,5.9513,-1.1066,RELIANCE
2025-01-23,1259.1262957502838,1266.4133410521551,1250.7981921087953,1252.8306884765625,8720682,1239.3917,1250.3748,52.8065,5.3034,0.1754,RELIANCE
2025-01-24,1255.1605533566642,1262.1006196074513,1232.8531975505623,1235.6292724609375,14235970,1240.6433,1249.8206,56.8391,3.3632,0.8129,RELIANCE
2025-01-27,1228.4907387555406,1229.8291557820492,1209.5542981292017,1218.82421875,9536019,1241.5679,1249.3705,47.1393,0.4641,0.7432,RELIANCE
2025-01-28,1227.4002071753887,1234.0924134746083,1208.0671667554209,1223.8310546875,10568025,1242.5073,1248.7122,41.4278,-1.4131,0.3119,RELIANCE
2025-01-29,1225.4173498520336,1232.1095562529247,1217.53546627882,1224.921630859375,5928156,1243.2137,1248.2115,44.3959,-2.7807,-0.3066,RELIANCE
2025-01-30,1224.971246456504,1246.237542749693,1221.8481926097397,1242.3214111328125,9269259,1243.7713,1248.4375,53.1595,-2.4326,-0.7318,RELIANCE
2025-01-31,1245.09738698474,1256.1519448799122,1238.306060895825,1254.2681884765625,6584612,1244.4629,1249.2723,56.7712,-1.179,-0.8212,RELIANCE
2025-02-01,1254.2681799336815,1259.6715896071485,1230.374548522757,1253.7724609375,7118453,1246.7729,1249.2565,56.9545,-0.223,-0.7016,RELIANCE
2025-02-03,1240.2889757645512,1245.2461659154887,1226.9541826685895,1235.232666015625,9252345,1247.0233,1248.4415,48.3517,-0.9504,-0.7514,RELIANCE
2025-02-04,1237.3642207434832,1277.7653184740125,1235.9265630557768,1274.196044921875,16691069,1247.9998,1248.2333,54.3373,1.5987,-0.2814,RELIANCE
2025-02-05,1271.6679530846961,1279.4507170461238,1265.7688244708304,1267.2559814453125,10112028,1249.1623,1247.9359,43.5514,3.024,0.3797,RELIANCE
2025-02-06,1262.7945076095025,1276.9721191435924,1259.4732145791813,1270.577392578125,9956001,1251.1278,1248.149,43.6267,4.3712,1.178,RELIANCE
2025-02-07,1265.2236540965398,1272.7089385364054,1251.1947819010975,1255.8544921875,8764283,1252.4588,1247.6434,47.9484,4.2024,1.7829,RELIANCE
2025-02-10,1253.673337746878,1255.6562137259161,1234.8856362555493,1242.916259765625,6970972,1253.1974,1246.5429,43.4951,2.9902,2.0244,RELIANCE
2025-02-11,1253.7230036544372,1253.7230036544372,1219.567891058193,1224.2772216796875,8859714,1252.3374,1244.7891,42.2414,0.5195,1.7234,RELIANCE
2025-02-12,1209.0089844264594,1216.3952699200001,1183.1324776076385,1206.1339111328125,21131654,1249.8637,1242.9569,42.0262,-2.8695,0.8048,RELIANCE
2025-02-13,1206.6295607029597,1217.4857574427408,1201.622750831109,1205.6876220703125,8511216,1245.5882,1240.856,46.1041,-5.5276,-0.4617,RELIANCE
2025-02-14,1208.56289732395,1213.5200872227356,1195.1288642881832,1206.827880859375,10298145,1241.2159,1238.9862,44.839,-7.4562,-1.8606,RELIANCE
2025-02-17,1200.7305822668588,1216.9901902768092,1194.1871154284454,1214.4124755859375,8166683,1238.7968,1237.5932,46.9311,-8.2772,-3.1439,RELIANCE
2025-02-18,1214.362863790828,1219.3696743222742,1205.6877809072391,1214.908203125,6673250,1236.234,1236.4144,41.1179,-8.7866,-4.2725,RELIANCE
2025-02-19,1209.0585466128707,1222.1950990873443,1207.125291073852,1216.9404296875,6217338,1234.4394,1235.4081,37.0751,-8.9234,-5.2026,RELIANCE
2025-02-20,1213.4704313005311,1228.738599945727,1211.5371757067999,1222.4429931640625,7795582,1233.7801,1234.8152,39.5156,-8.49,-5.8601,RELIANCE
2025-02-21,1218.1797397323817,1229.3830367840985,1211.6858938870325,1217.634521484375,6904025,1233.7206,1233.9288,43.5148,-8.4372,-6.3755,RELIANCE
2025-02-24,1206.13399913207,1212.7765856074127,1200.1357505642943,1204.151123046875,7172498,1232.7366,1232.8631,18.2187,-9.3753,-6.9755,RELIANCE
2025-02-25,1200.631472565407,1210.5458530159883,1191.2128111373545,1193.69140625,11552182,1231.1751,1232.0441,17.6549,-10.8379,-7.748,RELIANCE
2025-02-27,1202.416039651657,1204.597154814102,1190.370043898487,1196.7647705078125,11509215,1228.8973,1231.129,17.4749,-11.615,-8.5214,RELIANCE
2025-02-28,1191.7084634163882,1206.9270123506615,1183.0830013175257,1189.82470703125,23007298,1225.6751,1230.5272,18.7617,-12.6452,-9.3461,RELIANCE
2025-03-03,1193.6912720117396,1196.1202465389174,1146.1022512006402,1161.2216796875,17944938,1221.0476,1229.8521,16.3398,-15.5899,-10.5949,RELIANCE
2025-03-04,1152.2491409974891,1163.948157257321,1149.6219272411693,1151.9517822265625,11377373,1216.8835,1228.6544,17.7069,-18.4589,-12.1677,RELIANCE
2025-03-05,1151.0594540375048,1172.8710888254677,1147.093702257875,1165.534423828125,8664095,1211.4505,1227.7195,31.1028,-19.4127,-13.6167,RELIANCE
2025-03-06,1186.7511925218207,1203.5560168880775,1175.0026773522586,1199.2432861328125,14468014,1208.0498,1227.5817,47.7097,-17.2498,-14.3433,RELIANCE
2025-03-07,1205.5885908312287,1244.0564330934674,1201.622838887705,1239.0992431640625,16474965,1206.4759,1228.1517,58.9942,-12.1793,-13.9105,RELIANCE
2025-03-10,1234.340341763354,1247.2290360950196,1224.8225609234617,1227.796875,11931051,1205.073,1228.701,53.6546,-8.9694,-12.9223,RELIANCE
2025-03-11,1229.3830600118497,1238.801720552263,1219.2208210077197,1236.62060546875,10089838,1204.7583,1229.3325,55.6706,-5.6485,-11.4675,RELIANCE
2025-03-12,1247.2290491693625,1252.186239348891,1233.3489166666827,1246.2872314453125,11977555,1205.8588,1230.0424,57.3706,-2.2111,-9.6162,RELIANCE
2025-03-13,1249.2614495168184,1253.326320946517,1233.2000819547634,1237.2154541015625,9505270,1207.4128,1230.1634,53.6448,-0.2165,-7.7363,RELIANCE
2025-03-17,1231.514713672869,1246.6341428999226,1222.5421515247892,1228.242919921875,16640917,1208.5406,1229.9195,52.5647,0.633,-6.0624,RELIANCE
2025-03-18,1228.242919921875,1228.242919921875,1228.242919921875,1228.242919921875,0,1209.6114,1230.3329,56.2307,1.2913,-4.5917,RELIANCE
2025-03-19,1230.4241762433128,1242.5196714129374,1228.1934407470596,1236.471923828125,16162399,1210.7143,1230.4578,61.1932,2.4488,-3.1836,RELIANCE
2025-03-20,1241.1315230182402,1262.1004590128364,1239.3470073959113,1258.283447265625,15971477,1212.8831,1230.5302,64.6586,5.0677,-1.5333,RELIANCE
2025-03-21,1264.0834578966683,1270.0320859338292,1259.225387461291,1265.421875,21780769,1215.3072,1230.9585,67.9962,7.6312,0.2996,RELIANCE
2025-03-24,1279.946478246575,1294.8180484818179,1273.2542716407156,1290.951416015625,20299319,1218.7326,1232.1522,81.3413,11.5893,2.5575,RELIANCE
2025-03-25,1296.50346593687,1296.50346593687,1271.6183955406093,1274.4439697265625,13713899,1221.5731,1233.0564,78.5929,13.2414,4.6943,RELIANCE
2025-03-26,1279.9464094999762,1282.7224842048433,1257.8869148358597,1262.150146484375,12074747,1224.473,1233.7365,72.6892,13.4043,6.4363,RELIANCE
2025-03-27,1267.2064821612498,1273.9978081396894,1260.4151561828103,1267.2559814453125,15028056,1228.1512,1234.2521,68.4508,13.7864,7.9063,RELIANCE
2025-03-28,1269.0405652360093,1284.6557128160619,1258.1347478785124,1264.1824951171875,18147129,1231.5221,1234.4236,58.5013,13.6834,9.0617,RELIANCE
2025-04-01,1253.7723771839194,1266.9585500115554,1238.603449529153,1241.8751220703125,12099648,1234.1246,1233.4371,54.4402,11.6674,9.5829,RELIANCE
2025-04-02,1236.868469635997,1244.7999732789833,1233.2496968938563,1240.4376220703125,10142590,1238.0854,1232.3604,51.2627,9.8402,9.6343,RELIANCE
2025-04-03,1222.4926375090713,1241.0820994494682,1222.4926375090713,1238.008544921875,7434366,1242.3883,1231.8647,47.1236,8.1027,9.328,RELIANCE
2025-04-04,1230.473619610667,1234.7863505024063,1182.9342181609516,1194.38525390625,17908652,1243.8308,1230.4291,38.0,3.1692,8.0962,RELIANCE
2025-04-07,1122.506064991245,1161.2217676393545,1105.3046397460778,1155.71923828125,22156106,1241.6546,1228.4868,32.5792,-3.8167,5.7137,RELIANCE
2025-04-08,1161.9653833278503,1186.3547349162204,1153.3399207865864,1172.0780029296875,19555040,1238.3036,1227.2158,37.4917,-7.9415,2.9826,RELIANCE
2025-04-09,1159.4867811653644,1179.613021672609,1157.9996241138485,1175.2010498046875,10223104,1235.6738,1226.3433,36.037,-10.8335,0.2194,RELIANCE
2025-04-11,1184.917153801556,1212.1816988912137,1184.917153801556,1208.5133056640625,11224242,1234.2684,1226.037,39.2229,-10.3185,-1.8882,RELIANCE
2025-04-15,1240.288998738938,1240.288998738938,1226.5079856590305,1229.4822998046875,13378535,1233.4281,1226.1282,42.6575,-8.1247,-3.1355,RELIANCE
2025-04-16,1223.5336585713449,1230.2754856402491,1218.477348782242,1228.689208984375,8248464,1233.0018,1225.8556,35.8495,-6.3766,-3.7837,RELIANCE
2025-04-17,1229.5813957339365,1269.238916912585,1217.0893007676923,1263.5877685546875,15398401,1234.7691,1226.042,47.723,-2.1504,-3.457,RELIANCE
2025-04-21,1259.126289394177,1289.761748514388,1256.151975324742,1284.407958984375,10429964,1237.5773,1226.6547,54.5071,2.8461,-2.1964,RELIANCE
2025-04-22,1288.8693558313819,1292.7359881039044,1275.286704106908,1280.1446533203125,13051707,1239.761,1227.5529,52.6189,6.3883,-0.4795,RELIANCE
2025-04-23,1285.8950708007812,1294.8180126953125,1274.3944143417477,1288.869384765625,10480888,1241.2903,1227.8464,54.9035,9.7866,1.5737,RELIANCE
2025-04-24,1281.3345072026398,1293.3308829080645,1279.2525115884996,1290.4556884765625,10468940,1242.542,1228.3104,60.515,12.4642,3.7518,RELIANCE
2025-04-25,1292.3394247863746,1313.85358083958,1277.071255478384,1289.2659912109375,14431012,1242.4577,1228.6841,60.58,14.325,5.8665,RELIANCE
2025-04-28,1328.5268607294433,1362.830589793996,1308.8963407951755,1357.080322265625,31104496,1246.5895,1230.7087,70.1038,21.0294,8.899,RELIANCE
2025-04-29,1359.2614765022709,1398.8198762816546,1358.2700385179512,1387.7156982421875,32538970,1252.8678,1233.6046,84.1387,28.4863,12.8165,RELIANCE
2025-04-30,1389.9960230274132,1400.3070020394923,1357.2785702742715,1392.9703369140625,25480745,1259.1535,1236.9785,97.499,34.4231,17.1378,RELIANCE
2025-05-02,1401.8932881277126,1414.4845019236116,1397.0352178747166,1407.6436767578125,13007841,1266.3266,1241.0087,97.482,39.8527,21.6808,RELIANCE
2025-05-05,1418.747808269532,1427.1750314493302,1414.6829365878357,1419.0452880859375,12685649,1275.1851,1245.2759,97.5633,44.5621,26.2571,RELIANCE
2025-05-06,1418.7477523435755,1419.7391903256466,1398.5223933042987,1408.7342529296875,14084117,1283.5999,1249.314,92.9041,46.9214,30.3899,RELIANCE
2025-05-07,1408.7342420156256,1412.2042749259901,1390.6899982666434,1393.9617919921875,13440169,1291.3976,1252.905,86.2068,47.0567,33.7233,RELIANCE
2025-05-08,1392.0780527042998,1408.6351396947061,1386.030305191398,1394.9532470703125,16106175,1301.426,1256.5059,86.5677,46.7055,36.3197,RELIANCE
2025-05-09,1373.6374315703338,1382.8578539346386,1362.731612914777,1365.408447265625,13668904,1311.9104,1259.4752,72.9343,43.5413,37.764,RELIANCE
2025-05-12,1388.0131966802994,1426.679278587822,1388.0131966802994,1424.20068359375,10674081,1324.5166,1263.5104,76.8878,45.256,39.2624,RELIANCE
2025-05-13,1421.2263802516663,1435.3047515134413,1400.307062549957,1403.5787353515625,11407896,1335.9354,1267.2293,72.3358,44.4386,40.2976,RELIANCE
2025-05-14,1407.8418724989147,1417.6571322938998,1403.380401776207,1412.2042236328125,5570160,1346.12,1271.3903,72.3259,43.9798,41.0341,RELIANCE
2025-05-15,1412.7992032271827,1448.8875719918406,1400.6044669576877,1441.7491455078125,20177211,1356.7333,1276.3515,74.8696,45.4761,41.9225,RELIANCE
2025-05-16,1440.757623701411,1448.4908883531898,1434.9082364412498,1443.9302978515625,9036695,1367.4954,1281.2948,75.3411,46.3041,42.7988,RELIANCE
2025-05-19,1439.667043567546,1442.1456384779733,1425.886031660542,1428.4638671875,6195791,1375.7392,1286.0676,64.1176,45.1914,43.2773,RELIANCE
2025-05-20,1425.8861208416395,1432.6279478297215,1409.6266340324114,1412.402587890625,11270560,1382.1389,1291.0912,55.181,42.5233,43.1265,RELIANCE
2025-05-21,1411.7085860045363,1423.9032007341596,1405.9581972205492,1416.963134765625,6136364,1388.9798,1296.3914,55.0501,40.3122,42.5636,RELIANCE
2025-05-22,1409.031659643212,1411.6094953044076,1384.9397884743898,1397.332763671875,12134466,1394.403,1301.0274,47.8741,36.5544,41.3618,RELIANCE
2025-05-23,1394.5567410207764,1421.5239286750705,1394.5567410207764,1414.5838623046875,6474883,1400.6094,1305.3342,49.1018,34.5699,40.0034,RELIANCE
2025-05-26,1419.7391840414937,1428.6621258406371,1412.898237790455,1422.5152587890625,4842944,1407.2719,1309.0025,52.8013,33.2539,38.6535,RELIANCE
2025-05-27,1413.8897021801247,1424.696400543767,1401.794207036506,1409.9239501953125,12640414,1409.9141,1312.6451,53.2737,30.8394,37.0907,RELIANCE
2025-05-28,1407.9410393609537,1410.4196342901241,1398.6214982222443,1400.802734375,5944611,1410.5684,1315.9287,51.161,27.8686,35.2463,RELIANCE
2025-05-29,1400.0096192804465,1407.842003929875,1396.5395861721686,1405.660888671875,13771917,1411.2029,1319.1162,58.8569,25.611,33.3192,RELIANCE
2025-05-30,1405.8590585766528,1418.3511529457182,1397.6300749154059,1408.7342529296875,13788484,1411.2575,1322.5466,45.4913,23.7956,31.4145,RELIANCE
2025-06-02,1400.0095486308933,1405.3633379328091,1383.650821945961,1401.5958251953125,8098668,1410.385,1326.0136,49.3726,21.5326,29.4381,RELIANCE
2025-06-03,1410.1223942601396,1414.2863856817387,1391.384190812638,1393.4661865234375,11252626,1409.6216,1329.3181,44.0529,18.8657,27.3236,RELIANCE
2025-06-04,1402.5873087929724,1413.4931269376204,1394.0609660849138,1411.31201171875,8126827,1410.4891,1332.8149,39.5649,17.9849,25.4559,RELIANCE
2025-06-05,1415.7734397380668,1442.244785474372,1411.4110884077945,1430.0501708984375,13716817,1412.244,1336.2502,45.7265,18.5846,24.0816,RELIANCE
2025-06-06,1428.6621520805822,1439.0722510374496,1424.6964000970136,1431.1407470703125,8182161,1415.5306,1339.5646,50.9042,18.9296,23.0512,RELIANCE
2025-06-09,1444.5251287223314,1445.0208477095387,1432.9253528317358,1436.3953857421875,7885125,1416.1403,1342.4735,58.7428,19.4034,22.3217,RELIANCE
2025-06-10,1437.5850079496329,1441.4516401070769,1423.704876838395,1426.1834716796875,7913181,1417.2705,1345.5083,53.2269,18.7389,21.6051,RELIANCE
2025-06-11,1433.4210733170682,1456.0257865422643,1430.7441181682645,1436.4945068359375,8195700,1418.4851,1348.9951,64.6622,18.8272,21.0495,RELIANCE
2025-06-12,1441.0552171722854,1444.5252503749707,1422.1187744712338,1429.257080078125,8828114,1417.8604,1352.2352,55.939,18.1045,20.4605,RELIANCE
2025-06-13,1411.8076840776937,1423.2092208521976,1402.1907840779525,1415.67431640625,9757276,1416.4477,1355.265,47.3523,16.2485,19.6181,RELIANCE
2025-06-16,1414.6829254727506,1430.0502146798779,1412.204330439343,1425.4896240234375,8458093,1416.2989,1358.9373,56.1569,15.3921,18.7729,RELIANCE
2025-06-17,1435.6022520574631,1435.6022520574631,1413.59237643736,1418.946044921875,10366599,1416.6261,1362.5075,57.3258,14.0238,17.8231,RELIANCE
2025-06-18,1417.7563491543892,1430.4468040463896,1413.4931173168031,1417.85546875,6681735,1416.6707,1366.1044,55.0784,12.7049,16.7995,RELIANCE
2025-06-19,1417.8555238832446,1427.5716651338516,1413.4931722804179,1421.0281982421875,10007230,1417.8555,1370.6373,55.1155,11.7799,15.7956,RELIANCE
2025-06-20,1418.7477927518771,1458.4053131642288,1415.8725983169522,1453.6463623046875,29010635,1419.8086,1376.5958,67.8693,13.523,15.341,RELIANCE
2025-06-23,1440.5593915455418,1451.266970188698,1429.6535737155343,1444.326904296875,5989078,1420.8992,1382.0408,67.3193,13.9911,15.071,RELIANCE
2025-06-24,1452.4566670598808,1462.3710470398119,1430.744150698803,1438.3782958984375,16402744,1422.3219,1387.3043,60.0294,13.7239,14.8016,RELIANCE
2025-06-25,1451.4652666586912,1459.7933702625824,1447.9952335758323,1454.737060546875,7525851,1425.0186,1392.2288,59.3119,14.6631,14.7739,RELIANCE
2025-06-26,1456.5215658062507,1485.9673475108061,1452.5558137403293,1482.497314453125,14657893,1428.8605,1397.2891,66.127,17.4463,15.3084,RELIANCE
2025-06-27,1486.5621628826696,1508.9686374999123,1484.083567880206,1502.4251708984375,11117052,1433.545,1402.7638,68.9852,21.0178,16.4503,RELIANCE
2025-06-30,1500.838885203447,1511.7447031481738,1483.191240482831,1487.7518310546875,8409527,1437.8528,1407.2471,67.2596,22.4059,17.6414,RELIANCE
2025-07-01,1487.7518183386467,1518.2881567329412,1487.256099345396,1515.3138427734375,10368523,1443.9452,1411.8652,70.147,25.4368,19.2005,RELIANCE
2025-07-02,1515.3138007089854,1516.900077238324,1495.7824003020085,1505.7960205078125,6361002,1448.6694,1416.3782,69.3386,26.7623,20.7128,RELIANCE
2025-07-03,1507.7790015843786,1518.7839394915495,1500.0457365549344,1504.8046875,11283291,1452.4071,1420.697,74.0503,27.4167,22.0536,RELIANCE
2025-07-04,1510.9515946827762,1516.900223008299,1504.2097675037892,1514.223388671875,6603501,1456.5612,1425.1723,73.9947,28.3684,23.3166,RELIANCE
2025-07-07,1513.5291857359532,1531.5734294639212,1511.9429091838053,1528.3016357421875,7251074,1461.1566,1429.953,78.4132,29.9137,24.636,RELIANCE
2025-07-08,1522.8486600409224,1531.672481820406,1517.0982716385254,1524.4349365234375,7171261,1466.0691,1433.3001,77.2981,30.4751,25.8038,RELIANCE
2025-07-09,1523.5426661942138,1537.7202774459709,1497.1704406377573,1505.9942626953125,8870660,1469.5441,1435.6657,70.1837,29.0966,26.4624,RELIANCE
2025-07-10,1506.6881895774993,1511.6453792793734,1494.5926951149827,1504.2095947265625,10047129,1473.2917,1437.8905,64.0728,27.5426,26.6784,RELIANCE
2025-07-11,1499.0542783474266,1502.0285923917668,1477.540121836759,1482.3980712890625,7234991,1476.6279,1439.3856,59.9071,24.2713,26.197,RELIANCE
2025-07-14,1479.4236826617216,1487.1569471972039,1466.4358695278945,1470.9964599609375,10311846,1478.9033,1440.4246,58.2539,20.5222,25.0621,RELIANCE
2025-07-15,1473.4750846086956,1483.6869442622558,1469.7076928815193,1472.6820068359375,8132454,1481.5901,1441.7035,54.9051,17.4854,23.5467,RELIANCE
2025-07-16,1460.388154594461,1478.234038357326,1458.9009976142222,1472.8802490234375,10409983,1484.3413,1443.2819,46.9049,14.9227,21.8219,RELIANCE
2025-07-17,1474.6649737790947,1476.8460890701654,1461.2805601585153,1463.7591552734375,11854613,1486.4779,1444.658,36.6255,12.0173,19.861,RELIANCE
2025-07-18,1472.0872520008465,1472.0872520008465,1456.5216021387357,1463.362548828125,10296318,1486.9637,1446.6171,40.6393,9.5723,17.8033,RELIANCE
2025-07-21,1452.4566531183941,1463.362470991638,1410.9153771961905,1416.3682861328125,22442744,1485.5657,1446.4605,16.9536,3.7988,15.0024,RELIANCE
2025-07-22,1415.178583447059,1419.640054314783,1398.6214967228645,1400.70361328125,20396320,1483.682,1446.403,16.285,-2.0174,11.5984,RELIANCE
2025-07-23,1413.7906253323065,1413.7906253323065,1402.2899684336514,1412.402587890625,8354596,1481.5653,1446.4069,22.2619,-5.6181,8.1551,RELIANCE
2025-07-24,1407.0487949065318,1410.81630780687,1384.0474811654185,1390.888427734375,14740507,1476.9848,1445.3897,15.4827,-10.0914,4.5058,RELIANCE
2025-07-25,1386.9226057137396,1389.0046012536307,1372.2492752918665,1379.7841796875,11854722,1470.8528,1444.1068,7.7314,-14.3668,0.7313,RELIANCE
2025-07-28,1380.3790691362324,1395.7463569486692,1373.1415238854815,1375.71923828125,7748361,1465.2512,1443.0519,7.7227,-17.8771,-2.9904,RELIANCE
2025-07-29,1371.1586653944225,1408.04010820105,1371.1586653944225,1404.9666748046875,10750072,1459.7338,1442.9032,22.9421,-18.0905,-6.0104,RELIANCE
2025-07-30,1405.9581148273558,1411.113664716939,1389.3020300940545,1398.026611328125,7209849,1454.3453,1442.5244,22.3256,-18.6051,-8.5294,RELIANCE
2025-07-31,1376.215001569177,1390.5908519212596,1370.365493427784,1378.2969970703125,17065827,1448.0199,1442.1437,22.5705,-20.3702,-10.8975,RELIANCE
2025-08-01,1375.025384070285,1393.8627060383,1372.4476694796913,1381.76708984375,10321171,1441.3971,1441.4874,25.4635,-21.2441,-12.9668,RELIANCE
2025-08-04,1383.155066191865,1403.975263237478,1379.7841529413568,1399.4146728515625,6312820,1434.9528,1441.0254,31.4787,-20.2789,-14.4292,RELIANCE
2025-08-05,1398.918980991344,1398.918980991344,1376.2150271869518,1379.7841796875,9315972,1427.7202,1440.4226,28.5714,-20.8576,-15.7149,RELIANCE
2025-08-06,1379.9824375441353,1383.9481891450812,1371.4560958071288,1380.874755859375,5834312,1421.4643,1440.024,30.1896,-20.9862,-16.7692,RELIANCE
2025-08-07,1375.818511047819,1381.7671392504185,1354.3043541251445,1377.5040283203125,9976705,1415.129,1439.4609,29.7664,-21.1168,-17.6387,RELIANCE
2025-08-08,1373.1415514013454,1385.2370458989403,1353.312792536344,1356.0888671875,8793606,1408.8135,1438.408,33.847,-22.6867,-18.6483,RELIANCE
2025-08-11,1358.2700517359046,1376.1159356273254,1349.5453489789295,1374.331298828125,9997486,1403.9803,1437.8627,43.0293,-22.203,-19.3592,RELIANCE
2025-08-12,1370.0682117041065,1389.8969719255274,1363.4255044148417,1368.5810546875,12244664,1398.7752,1437.365,38.0411,-22.0297,-19.8933,RELIANCE
2025-08-13,1376.115874093997,1379.8833867126677,1365.7057756228248,1370.7620849609375,7457021,1393.6693,1436.554,43.8596,-21.4689,-20.2084,RELIANCE
2025-08-14,1370.961308962897,1374.3455639562076,1363.794372575189,1367.4774169921875,7126128,1388.8552,1435.3025,46.0572,-21.0468,-20.3761,RELIANCE
2025-08-18,1383.602791829514,1388.4802648218374,1370.6626218339861,1375.3409423828125,11785109,1384.4542,1434.1865,49.8817,-19.849,-20.2707,RELIANCE
2025-08-19,1383.6027633741608,1414.460091190419,1382.7068811681168,1413.564208984375,14384719,1384.3139,1433.7299,52.5461,-15.6353,-19.3436,RELIANCE
2025-08-20,1406.4969482421875,1418.342205158243,1403.510755146132,1406.4969482421875,8725641,1384.6036,1433.3362,52.5065,-12.7194,-18.0188,RELIANCE
2025-08-21,1418.4417067156319,1425.3099750709036,1413.7633861810953,1418.24267578125,11021323,1384.8956,1432.9711,62.4068,-9.353,-16.2856,RELIANCE
2025-08-22,1413.464698965694,1416.84907536351,1401.4204113959267,1402.71435546875,5818868,1385.4869,1432.4403,56.0527,-7.8477,-14.598,RELIANCE
2025-08-25,1408.1890657335161,1412.9670232567023,1399.230486508923,1406.0987548828125,5979407,1386.8026,1432.2488,52.1049,-6.3089,-12.9402,RELIANCE
2025-08-26,1401.519906786198,1403.5107021083375,1375.241384232256,1378.5262451171875,12145259,1386.943,1431.3095,49.6227,-7.2309,-11.7983,RELIANCE
2025-08-28,1383.50331940736,1385.7926612650012,1360.2109883890075,1379.521728515625,13161813,1385.6707,1430.521,49.594,-7.7914,-10.997,RELIANCE
2025-08-29,1374.7437651325777,1397.0406983353935,1343.7869203796088,1350.9537353515625,18758842,1383.3171,1429.183,43.0794,-10.4207,-10.8817,RELIANCE
2025-09-01,1349.759256141992,1356.9260708455383,1334.430107544873,1347.6689453125,11232238,1381.7857,1427.7158,47.5762,-12.624,-11.2302,RELIANCE
2025-09-02,1348.5648331807902,1378.128095842481,1348.2661652716795,1360.2109375,11517006,1380.7079,1425.8471,45.7973,-13.2058,-11.6253,RELIANCE
2025-09-03,1363.3961593284287,1370.1649121838109,1354.2385492379765,1366.2828369140625,7847563,1379.0513,1424.2862,49.3173,-13.0269,-11.9056,RELIANCE
2025-09-04,1365.4865379446771,1367.6763641601647,1350.8541196588233,1353.0440673828125,13223177,1377.7143,1422.5795,45.0611,-13.7942,-12.2833,RELIANCE
2025-09-05,1356.7271022727273,1374.6442613636364,1353.0441792852228,1368.671875,5777575,1377.1042,1420.8582,50.3115,-12.9916,-12.425,RELIANCE
2025-09-08,1373.6488583038629,1379.6212446443146,1366.0838599076599,1372.15576171875,6986720,1376.8367,1418.6514,49.1499,-11.9368,-12.3274,RELIANCE
2025-09-09,1370.2643943031567,1374.843199236951,1362.4007284883235,1369.8662109375,9754452,1377.5256,1416.0002,35.5687,-11.157,-12.0933,RELIANCE
2025-09-10,1377.5308659113482,1382.1096709119122,1367.7759200987732,1370.66259765625,7790815,1377.3422,1413.6584,37.6544,-10.3554,-11.7457,RELIANCE
2025-09-11,1369.6672638548873,1379.1235422027225,1368.6718661340626,1376.9337158203125,9766072,1377.7598,1410.8908,35.2103,-9.109,-11.2184,RELIANCE
2025-09-12,1376.9337291414593,1389.873899637371,1374.146566892781,1388.579833984375,7403368,1378.6507,1408.5465,44.7948,-7.0997,-10.3946,RELIANCE
2025-09-15,1386.5889315301856,1394.3530818320328,1382.2091575524387,1392.8599853515625,5396697,1379.9198,1406.3076,45.1566,-5.1031,-9.3363,RELIANCE
2025-09-16,1398.2350616507645,1401.5199225726963,1391.7649767809332,1398.8323974609375,8686961,1381.0944,1403.9998,58.8235,-3.0043,-8.0699,RELIANCE
2025-09-17,1400.5245819104894,1409.6821922648512,1400.4250664409112,1407.2933349609375,7519417,1380.7808,1401.5796,61.3322,-0.6507,-6.5861,RELIANCE
2025-09-18,1413.8628424954393,1415.4554544293837,1404.2074124117412,1408.4876708984375,9332642,1380.8804,1399.2607,80.2301,1.296,-5.0097,RELIANCE
2025-09-19,1408.3882121473878,1410.4785229891424,1397.1401696768169,1400.9227294921875,13461373,1380.0144,1397.1593,76.7768,2.2029,-3.5671,RELIANCE
2025-09-22,1397.4387885526373,1404.2074196840813,1381.6119415772491,1384.199951171875,7757970,1379.0887,1394.7591,61.5754,1.5544,-2.5428,RELIANCE
2025-09-23,1384.5982372618869,1388.5798281670254,1370.4636381520502,1383.40380859375,14014702,1377.9539,1392.7792,58.7045,0.965,-1.8413,RELIANCE
2025-09-24,1378.9244730635044,1389.5751797778832,1374.0470000648747,1376.635009765625,5922759,1377.8594,1390.8919,62.8386,-0.0477,-1.4825,RELIANCE
2025-09-25,1374.942926360271,1378.128150477363,1362.6994857374575,1366.0838623046875,11411143,1377.1875,1388.76,48.5092,-1.6822,-1.5225,RELIANCE
2025-09-26,1365.685684712474,1376.3363918134596,1359.7132983361805,1371.2598876953125,9879109,1378.2028,1386.7276,49.4938,-2.5308,-1.7241,RELIANCE
2025-09-29,1375.2413599514077,1382.6073268149732,1361.7039763015719,1366.48193359375,14231999,1379.1434,1384.782,48.1401,-3.548,-2.0889,RELIANCE
2025-09-30,1370.7620971908361,1370.7620971908361,1356.5279835173724,1357.722412109375,14604684,1379.019,1382.6692,43.4607,-5.0032,-2.6718,RELIANCE
2025-10-01,1360.7086293823172,1372.255218175594,1356.4283707523282,1362.4007568359375,12045916,1378.8249,1381.5899,42.5357,-5.7131,-3.28,RELIANCE
2025-10-03,1356.926091696157,1365.287456651113,1350.6551591113212,1357.125244140625,12842347,1379.0289,1380.7183,32.7133,-6.6251,-3.949,RELIANCE
2025-10-06,1353.740909090909,1371.0608538471567,1352.7455113636363,1368.671875,12396580,1379.0289,1379.8437,37.69,-6.3429,-4.4278,RELIANCE
2025-10-07,1369.667209612737,1389.47564777439,1369.5676941462978,1378.4267578125,11244040,1379.3425,1379.5945,40.0,-5.2715,-4.5965,RELIANCE
2025-10-08,1378.426755451918,1382.6073771032557,1358.2201339506064,1361.1068115234375,8525081,1378.9045,1379.2209,29.1741,-5.7536,-4.828,RELIANCE
2025-10-09,1367.676424553763,1373.6488106871855,1362.7989515764332,1371.458984375,8826633,1378.9443,1379.1357,34.5771,-5.2399,-4.9103,RELIANCE
2025-10-10,1371.45898859096,1381.6119964455866,1368.7713419175536,1375.3409423828125,6373084,1378.8647,1378.5432,39.0077,-4.4681,-4.8219,RELIANCE
2025-10-13,1370.5631549835205,1371.3594002602317,1361.505059967041,1368.671875,7600682,1377.8693,1377.9561,42.6967,-4.3444,-4.7264,RELIANCE
2025-10-14,1373.6488553790207,1381.612037149334,1363.7943936365562,1369.5677490234375,9768174,1376.7047,1377.7815,43.4986,-4.1266,-4.6064,RELIANCE
2025-10-15,1376.6350089791804,1377.6304066718624,1366.382364141153,1367.97509765625,10882743,1375.1618,1377.5057,45.7227,-4.036,-4.4923,RELIANCE
2025-10-16,1368.7713249510273,1394.0544503152107,1368.671809484766,1391.8646240234375,12315932,1374.3904,1377.3547,61.2511,-2.0132,-3.9965,RELIANCE
2025-10-17,1394.5522084059296,1416.7496262080865,1392.6609284325848,1410.279541015625,19335561,1374.48,1377.9646,65.2648,1.0635,-2.9845,RELIANCE
2025-10-20,1433.3726108781723,1467.0170999313523,1426.7034952504036,1460.04931640625,24721978,1377.4363,1379.5481,77.0738,7.4321,-0.9012,RELIANCE
2025-10-21,1461.2438272093502,1467.2162134241023,1453.2806455896807,1458.4566650390625,2066169,1381.1492,1381.1671,80.4087,12.21,1.7211,RELIANCE
2025-10-23,1468.2115624957596,1476.0752283864208,1437.9514490416038,1441.7340087890625,18707090,1384.0657,1382.88,72.325,14.4803,4.2729,RELIANCE
2025-10-24,1443.3266994671071,1453.0816457634617,1434.3681199531734,1444.9193115234375,9700837,1387.4799,1384.2918,75.0,16.348,6.6879,RELIANCE
2025-10-27,1456.266786847925,1478.16553552233,1451.289798512833,1477.2696533203125,14113867,1393.0392,1386.4656,77.6483,20.2057,9.3915,RELIANCE
2025-10-28,1477.26972256393,1485.1333888036675,1470.79963742504,1480.056884765625,17631577,1398.479,1388.6515,76.8261,23.2202,12.1572,RELIANCE
2025-10-29,1483.1425015536738,1501.3583271895798,1481.2512217130793,1497.277099609375,11884745,1405.0188,1391.2475,85.9622,26.6911,15.064,RELIANCE
2025-10-30,1493.0964871305005,1496.1821955688695,1477.1701246011085,1481.6494140625,9318663,1411.2151,1393.3736,78.3121,27.8596,17.6231,RELIANCE
2025-10-31,1483.540795005222,1490.6080945575152,1475.4780977270138,1479.5592041015625,8758053,1417.0731,1394.6935,77.0264,28.2909,19.7567,RELIANCE
2025-11-03,1479.1610089962214,1488.1195884585134,1472.4918928888083,1477.866943359375,8452085,1423.1101,1396.1209,79.0673,28.1714,21.4396,RELIANCE
2025-11-04,1477.07065615293,1485.9297198935935,1463.334119430687,1466.3203125,10007806,1427.9926,1397.0825,74.3731,26.8356,22.5188,RELIANCE
2025-11-06,1477.1701896475465,1494.6891648996161,1469.406038969176,1489.2144775390625,16772678,1433.5319,1398.8125,77.5815,27.3095,23.477,RELIANCE
2025-11-07,1487.7213309001133,1491.5038906434634,1469.1074431042953,1471.19775390625,7821765,1439.0365,1400.1145,68.5435,25.9324,23.968,RELIANCE
2025-11-10,1471.0982430243503,1494.0919049344996,1468.7092643110286,1482.44580078125,7068438,1444.5858,1402.1928,67.4531,25.4552,24.2655,RELIANCE
2025-11-11,1490.1103850249956,1491.9021495222175,1473.3876547459602,1486.5269775390625,7127506,1450.1451,1404.333,58.2201,25.1168,24.4357,RELIANCE
2025-11-12,1498.0734942427068,1517.6827797499902,1493.0965058897411,1504.5435791015625,12384459,1456.9387,1407.4047,62.9837,26.0027,24.7491,RELIANCE
2025-11-13,1508.0275174062697,1515.0948167835015,1499.8653048593553,1503.9464111328125,7196443,1463.6577,1410.5303,69.2783,26.3528,25.0699,RELIANCE
2025-11-14,1498.5711928131457,1513.900341239272,1498.5711928131457,1511.9095458984375,7682823,1470.8544,1413.5643,70.1618,26.962,25.4483,RELIANCE
2025-11-17,1513.900387650411,1516.6874283079178,1504.5436249599409,1511.3123779296875,5871416,1476.8268,1416.4649,62.6667,27.0844,25.7755,RELIANCE
2025-11-18,1514.696568271851,1520.7685911952462,1503.5481631005248,1512.4072265625,11045042,1481.9331,1419.6521,62.1906,26.959,26.0122,RELIANCE
2025-11-19,1510.4164493928117,1515.2939222795571,1505.0412776708577,1511.9095458984375,5692366,1484.5262,1422.5169,56.3091,26.5138,26.1125,RELIANCE
2025-11-20,1522.9585089376258,1543.7623455509595,1519.6736478639639,1541.9705810546875,18171724,1488.7019,1425.9132,73.1298,28.2609,26.5422,RELIANCE
2025-11-21,1533.9078528560988,1550.6305827884978,1533.0119706260582,1539.4820556640625,9615271,1493.5893,1429.3055,72.9071,29.1091,27.0556,RELIANCE
2025-11-24,1542.8663816107544,1542.8663816107544,1524.7501927010492,1528.831298828125,18433951,1497.7849,1432.4689,68.2336,28.5923,27.3629,RELIANCE
2025-11-25,1528.8313312270848,1552.4222077972818,1518.0809876078647,1532.61376953125,15033482,1500.5521,1435.5825,75.1132,28.1633,27.523,RELIANCE
2025-11-26,1535.2018536795324,1564.3669320995493,1533.4100892950657,1562.6748046875,14054299,1504.683,1439.0644,76.3949,29.9043,27.9993,RELIANCE
2025-11-27,1567.7513003642512,1568.2489991897637,1548.8387449947777,1556.2047119140625,9794643,1507.6293,1442.3313,83.3074,30.4114,28.4817,RELIANCE
2025-11-28,1560.7835875199362,1574.0224254817672,1555.806599039324,1560.285888671875,8959508,1511.5612,1445.5603,82.3141,30.7877,28.9429,RELIANCE
2025-12-01,1567.7513979315313,1570.2398922139623,1556.403839701944,1558.892333984375,8920233,1515.5278,1448.5923,80.727,30.6204,29.2784,RELIANCE
2025-12-02,1553.9152843475838,1560.2858537619331,1534.9032130787248,1539.1834716796875,11389150,1518.5936,1451.2062,64.5,28.5683,29.1364,RELIANCE
2025-12-03,1538.0884656023031,1545.2554018922647,1525.9446623591427,1531.718017578125,6090883,1521.8635,1453.8221,60.9929,26.0393,28.517,RELIANCE
2025-12-04,1528.9308982335338,1553.3181423785347,1510.6155558800758,1528.53271484375,11867930,1523.8294,1456.7088,56.8387,23.5071,27.515,RELIANCE
2025-12-05,1523.356635808528,1538.685784402705,1513.6016899280953,1533.5096435546875,10183266,1526.945,1459.7109,58.8142,21.6524,26.3425,RELIANCE
2025-12-08,1532.1161217020071,1543.861863398969,1527.9354998822807,1535.898681640625,11301491,1529.6177,1462.8962,59.2332,20.143,25.1026,RELIANCE
2025-12-09,1533.211064854301,1535.4008911036892,1513.1039592099478,1522.3612060546875,11503971,1531.4094,1466.0217,53.726,17.651,23.6123,RELIANCE
2025-12-10,1526.9401045329791,1540.3779737710465,1524.3520947592017,1529.8267822265625,7991629,1532.6736,1469.1931,44.8393,16.093,22.1084,RELIANCE
2025-12-11,1529.826707449835,1542.8663926602953,1516.9860531705099,1537.889404296875,4706197,1534.3707,1472.6212,49.3538,15.3321,20.7531,RELIANCE
2025-12-12,1543.6628294631555,1552.62140892391,1538.9843872841,1549.3365478515625,5106655,1536.2421,1476.4535,58.2665,15.4744,19.6974,RELIANCE
2025-12-15,1544.060853330096,1551.4268205626304,1539.3825327747268,1549.037841796875,5774543,1538.1283,1480.1862,56.8125,15.3857,18.835,RELIANCE
2025-12-16,1537.8894294536826,1544.5585453663573,1531.7180123854912,1535.201904296875,11731856,1539.2681,1483.7478,36.8321,14.0371,17.8755,RELIANCE
2025-12-17,1542.8664391614582,1542.8664391614582,1532.2157323461342,1537.292236328125,7116649,1540.5372,1487.1202,40.5379,12.9874,16.8978,RELIANCE
2025-12-18,1528.1345045583196,1544.3595357154854,1528.1345045583196,1537.292236328125,6580829,1540.3033,1490.2975,38.0063,12.0169,15.9216,RELIANCE
2025-12-19,1547.2461442463334,1566.9549449740825,1543.8617679066683,1557.8968505859375,13937275,1541.224,1494.2333,49.5674,12.7633,15.29,RELIANCE
2025-12-22,1566.2582562309594,1570.2398469681211,1558.0960438231807,1568.1495361328125,10184852,1543.1899,1498.1671,63.7135,14.0205,15.0361,RELIANCE
2025-12-23,1573.6241984599117,1573.6241984599117,1560.8830596994947,1563.4710693359375,7506564,1544.7328,1501.9297,65.4404,14.4725,14.9234,RELIANCE
2025-12-24,1565.4619535362338,1568.448146711295,1546.4498812900458,1551.0286865234375,8815745,1544.1505,1505.5768,60.0355,13.6691,14.6725,RELIANCE
2025-12-26,1547.5447581940155,1553.8158123179846,1547.1466963201515,1552.0240478515625,2311495,1543.9415,1509.226,58.5635,12.9633,14.3307,RELIANCE
2025-12-29,1547.7439417510202,1550.9291658570105,1536.495898892566,1538.4866943359375,5972105,1542.8515,1512.6362,51.0851,11.1827,13.7011,RELIANCE
2025-12-30,1539.8801935176687,1546.449793829553,1530.7225835687998,1532.71337890625,8815884,1541.5425,1515.4532,54.6429,9.1997,12.8008,RELIANCE
2025-12-31,1533.9078900841737,1569.7422080874378,1533.9078900841737,1563.172607421875,5771830,1542.742,1518.511,62.3982,9.971,12.2348,RELIANCE
2026-01-01,1566.457230908256,1585.1707553042595,1563.8692213237453,1568.3485107421875,6408128,1544.5735,1520.677,61.5734,10.8745,11.9628,RELIANCE
2026-01-02,1572.7283614795997,1587.2611435561273,1570.9365970213464,1584.9718017578125,6602230,1547.3955,1523.2073,63.0277,12.7846,12.1272,RELIANCE
2026-01-05,1585.6684856930358,1604.3820104615531,1568.049995566515,1570.8370361328125,8704973,1549.2619,1525.7894,57.2373,13.0078,12.3033,RELIANCE
2026-01-06,1561.77894010158,1561.77894010158,1489.4135782872731,1500.6614990234375,27417125,1547.5,1526.9042,41.6546,7.4365,11.3299,RELIANCE
2026-01-07,1503.0504545946628,1513.004431115157,1491.1056827700695,1497.277099609375,11199340,1546.2458,1527.3044,40.3919,2.7167,9.6073,RELIANCE
2026-01-08,1493.0965028672745,1496.9785780764303,1462.040144211037,1463.831787109375,16518684,1542.946,1526.9799,34.8023,-3.6801,6.9498,RELIANCE
2026-01-09,1458.2576091430024,1473.0890589574892,1458.2576091430024,1468.51025390625,8335311,1539.4771,1526.4045,30.2029,-8.2767,3.9045,RELIANCE
2026-01-12,1468.5102348906719,1478.4642116159973,1444.322022844729,1476.373779296875,8883745,1535.8289,1526.299,29.4563,-11.1564,0.8923,RELIANCE
2026-01-13,1478.165525590484,1478.9618923221497,1438.050951275772,1446.11376953125,13499760,1530.6827,1525.6301,26.4294,-15.6993,-2.426,RELIANCE
2026-01-14,1437.3542473990606,1460.2483939989072,1433.5716876182923,1452.086181640625,8321764,1526.527,1525.1145,29.5977,-18.6033,-5.6615,RELIANCE
2026-01-15,1452.086181640625,1452.086181640625,1452.086181640625,1452.086181640625,0,1522.2667,1524.8298,29.3075,-20.6664,-8.6625,RELIANCE
2026-01-16,1452.0861898343726,1473.1885721290346,1448.4031454989463,1451.1903076171875,17167161,1517.9616,1524.0693,30.9265,-22.1188,-11.3537,RELIANCE
2026-01-19,1443.9238298491432,1443.9238298491432,1396.8415931572963,1407.0941162109375,20392765,1510.4214,1522.7873,26.4903,-26.5223,-14.3875,RELIANCE
2026-01-20,1404.207443054835,1409.4830993039366,1383.6027599099377,1387.5843505859375,13189498,1501.3932,1520.89,15.7343,-31.2264,-17.7553,RELIANCE
2026-01-21,1383.105138772638,1406.3974698374059,1366.681076311502,1398.1356201171875,17352720,1493.1264,1519.1222,17.4658,-33.7144,-20.9471,RELIANCE
2026-01-22,1403.610286379211,1412.9670491536458,1388.5798052619484,1396.0452880859375,15721693,1485.3772,1516.9522,11.7647,-35.4463,-23.8469,RELIANCE
2026-01-23,1395.348519642108,1400.5245389866304,1374.6441992470054,1379.720703125,9837802,1476.762,1514.4677,11.6614,-37.7014,-26.6178,RELIANCE
2026-01-27,1373.6487855396595,1385.195374217857,1361.7040134914885,1374.146484375,26302396,1468.545,1511.7125,15.7413,-39.4833,-29.1909,RELIANCE
2026-01-28,1378.6257466723232,1403.4111724845945,1378.526231208921,1390.2718505859375,11121657,1461.423,1509.2916,22.8946,-39.1431,-31.1813,RELIANCE
2026-01-29,1396.4434009824272,1396.4434009824272,1377.6303609139109,1384.59814453125,20846683,1452.4942,1506.7355,26.6432,-38.883,-32.7217,RELIANCE
2026-01-30,1376.236766748553,1391.5659148620384,1372.1556606847782,1388.9779052734375,11239835,1443.5257,1504.2768,26.5138,-37.8868,-33.7547,RELIANCE
2026-02-02,1333.8329085367304,1386.4894707948447,1329.35361891851,1384.0009765625,15711165,1433.4772,1501.1174,22.2488,-37.0715,-34.4181,RELIANCE
2026-02-03,1467.1166446366906,1482.6448239290096,1423.6176937150067,1430.4859619140625,25456171,1426.4596,1498.9375,45.7221,-32.3021,-33.9949,RELIANCE
2026-02-04,1437.3543194605445,1457.2622740237098,1433.6713964697635,1450.095458984375,8333387,1423.9313,1497.3628,49.4929,-26.633,-32.5225,RELIANCE
2026-02-05,1450.2944646433757,1454.7737543419996,1432.8750047042822,1436.757080078125,11763658,1420.9053,1495.4457,46.3438,-22.9519,-30.6084,RELIANCE
2026-02-06,1434.865799564727,1446.113842295832,1426.9026178813986,1444.123046875,8277304,1419.9199,1493.0746,48.3648,-19.2187,-28.3304,RELIANCE
2026-02-09,1451.2898835062008,1459.153549837875,1446.3128948796364,1454.873291015625,5775864,1419.238,1491.048,63.0719,-15.2172,-25.7078,RELIANCE
2026-02-10,1464.2299462371711,1464.2299462371711,1445.5164217743147,1451.7874755859375,10259630,1418.0087,1488.878,69.2998,-12.1549,-22.9972,RELIANCE
2026-02-11,1452.882456999606,1463.234617369774,1446.91007080626,1461.9405517578125,7106877,1418.8,1486.939,69.2261,-8.8072,-20.1592,RELIANCE
2026-02-12,1463.2345557130195,1466.2207486838624,1438.8473131178025,1442.231689453125,11135399,1418.3073,1485.0,62.5813,-7.6562,-17.6586,RELIANCE
2026-02-13,1438.8473526451965,1444.0233720001163,1409.7817888672503,1413.0665283203125,10755693,1416.3563,1482.6269,58.4896,-8.9938,-15.9256,RELIANCE
2026-02-16,1413.564201587246,1432.9744560797708,1402.8139796964888,1430.4859619140625,5896514,1415.3211,1480.666,63.5277,-8.5496,-14.4504,RELIANCE
2026-02-17,1424.5136248062843,1425.2104761017015,1412.0711535507119,1416.450927734375,10731630,1415.789,1478.3248,56.3496,-9.2238,-13.4051,RELIANCE
2026-02-18,1420.4325123887006,1435.4629932986807,1412.6683617554224,1434.666748046875,5521096,1418.1431,1476.3002,61.4474,-8.1938,-12.3628,RELIANCE
2026-02-19,1436.3588845536149,1436.3588845536149,1393.5567833507007,1403.0130615234375,11884664,1418.387,1473.9132,52.8531,-9.8185,-11.854,RELIANCE
2026-02-20,1403.013091941889,1420.8307355027325,1399.6287153786739,1412.8675537109375,8177670,1419.2281,1471.574,55.754,-10.1934,-11.5219,RELIANCE
2026-02-23,1418.4416634695872,1428.2961245911818,1411.772547760535,1421.4278564453125,7758856,1421.3134,1469.2448,47.8728,-9.6881,-11.1551,RELIANCE
2026-02-24,1418.7403513100855,1426.7035326906043,1408.4877066792656,1422.2242431640625,12529409,1423.7173,1466.7026,42.8205,-9.1183,-10.7478,RELIANCE
2026-02-25,1428.395737725409,1433.8704252219175,1387.0867320699354,1392.063720703125,10728792,1423.8069,1463.5631,39.4054,-10.9739,-10.793,RELIANCE
2026-02-26,1392.0637118415314,1406.397463315574,1385.4941111892442,1400.3255615234375,16683858,1424.5933,1460.8656,39.6617,-11.6436,-10.9631,RELIANCE
2026-02-27,1391.5659695052796,1403.9089251530934,1381.711508080472,1387.48486328125,12031440,1424.5186,1457.8694,34.2485,-13.06,-11.3825,RELIANCE
2026-03-02,1369.1694587628867,1372.2551671563263,1335.3259388807069,1351.75,23728722,1422.9061,1454.1586,29.7134,-16.8714,-12.4803,RELIANCE
2026-03-04,1323.8789706886037,1346.5740873609554,1300.9848230751916,1338.8099365234375,32495007,1418.3223,1449.7768,25.3094,-20.6976,-14.1238,RELIANCE
2026-03-05,1346.8726294272453,1392.5614090361375,1346.8726294272453,1383.005615234375,25957532,1414.9678,1446.0739,39.1858,-19.9339,-15.2858,RELIANCE
2026-03-06,1390.0728674061675,1417.7449716586152,1383.9014503612218,1398.334716796875,19311971,1413.0467,1442.7712,47.1669,-17.8855,-15.8057,RELIANCE
2026-03-09,1368.6718029922313,1422.8214608086796,1363.6948146177142,1417.4462890625,24870822,1411.7128,1440.0996,47.5086,-14.5523,-15.555,RELIANCE
2026-03-10,1424.015880450879,1424.9117626543534,1394.1539503917586,1402.3162841796875,18071259,1409.085,1437.1054,47.3106,-12.9819,-15.0404,RELIANCE
2026-03-11,1418.34212900751,1427.4002232775151,1377.2321576556008,1383.8017578125,21848087,1405.6857,1434.0117,40.3329,-13.0805,-14.6484,RELIANCE
2026-03-12,1383.6027762448114,1404.4066120742223,1374.7437125844203,1385.7926025390625,20939959,1401.8783,1431.0733,46.3113,-12.8499,-14.2887,RELIANCE
2026-03-13,1378.8248707870416,1394.3531723993444,1372.0562392077015,1374.3455810546875,17265090,1398.484,1427.2968,41.8043,-13.436,-14.1182,RELIANCE
2026-03-16,1373.6488401657623,1390.8692691567512,1357.224777946389,1388.6793212890625,22837802,1397.2646,1423.7034,43.1997,-12.5986,-13.8143,RELIANCE
2026-03-17,1392.5613056143347,1399.429573667814,1381.8109624429321,1391.167724609375,19007744,1395.2987,1419.8273,43.596,-11.6004,-13.3715,RELIANCE
2026-03-18,1390.7696473738063,1406.3974645008152,1390.7696473738063,1401.6195068359375,9559327,1394.5571,1416.4429,52.1448,-9.8524,-12.6677,RELIANCE
2026-03-19,1381.6119817895922,1409.1844489610974,1369.7667250791762,1378.4267578125,16498373,1391.7451,1413.9982,45.3936,-10.2208,-12.1783,RELIANCE
2026-03-20,1391.5659566755692,1423.4186824363833,1389.6746767818195,1407.8905029296875,22994918,1391.989,1412.2105,54.0117,-8.0425,-11.3511,RELIANCE
2026-03-23,1393.5567722314413,1409.0849519631759,1384.598192981382,1401.3209228515625,18979554,1391.4117,1410.9603,61.008,-6.7683,-10.4346,RELIANCE
2026-03-24,1413.4647025895886,1415.8536813182018,1400.1263494042955,1405.302490234375,18620893,1390.6054,1409.6961,65.3775,-5.3752,-9.4227,RELIANCE
2026-03-25,1413.464703831985,1423.9163794589117,1401.9181150601291,1406.596435546875,19041331,1389.824,1408.3006,56.8064,-4.1193,-8.362,RELIANCE
2026-03-27,1394.552193095842,1398.235116023098,1338.809921280448,1341.8956298828125,23266517,1387.3156,1406.2162,37.3268,-8.2497,-8.3396,RELIANCE
2026-03-30,1328.855902170806,1358.7178325566667,1327.960019957529,1337.7149658203125,24393861,1384.1851,1403.9288,30.8098,-11.7253,-9.0167,RELIANCE
2026-04-01,1377.8294025098971,1378.028554948465,1356.6275051009459,1362.8984375,14404619,1382.9558,1402.1451,40.9506,-12.3058,-9.6745,RELIANCE
2026-04-02,1350.7546307176451,1351.9490593116357,1321.8880984473344,1344.2845458984375,21280051,1382.5825,1400.0069,40.9319,-14.1052,-10.5607,RELIANCE
2026-04-06,1352.7454554606609,1352.7454554606609,1284.0630151171836,1298.6953125,29274881,1380.5768,1397.839,33.346,-18.991,-12.2467,RELIANCE
2026-04-07,1289.040031502862,1302.2788696189978,1285.058440671965,1298.5958251953125,28388922,1376.3563,1396.0592,34.8587,-22.6104,-14.3194,RELIANCE
2026-04-08,1342.7914745147666,1344.3840865060406,1320.0963587364665,1341.5970458984375,21817543,1373.5194,1394.9284,41.5566,-21.7581,-15.8072,RELIANCE
2026-04-09,1339.8052690319548,1343.7868597274437,1320.195983460075,1323.87890625,20725390,1368.841,1393.4851,38.5579,-22.2559,-17.0969,RELIANCE
2026-04-10,1330.8467605257397,1346.0763943468285,1325.3720730291864,1343.9859619140625,19364461,1365.9245,1392.7704,40.5113,-20.7882,-17.8352,RELIANCE
2026-04-13,1315.1193869938081,1321.4899565481755,1303.970981405046,1309.0474853515625,28753269,1362.1868,1391.4684,39.0028,-22.1886,-18.7059,RELIANCE
2026-04-15,1330.8467629297493,1340.8007402141902,1328.059600686701,1337.9140625,15313779,1359.7929,1390.4213,38.8871,-20.7301,-19.1107,RELIANCE
2026-04-16,1345.7777093601655,1347.5694738488123,1323.8789596516422,1337.1177978515625,30211012,1357.9315,1389.4717,39.6135,-19.4147,-19.1715,RELIANCE
2026-04-17,1333.832952366644,1362.1022720767137,1333.832952366644,1358.7178955078125,13869105,1356.4334,1388.8665,42.8702,-16.4398,-18.6252,RELIANCE
2026-04-20,1356.9261198573818,1366.6810660920328,1346.5740808024586,1357.0257568359375,13614733,1354.7263,1388.327,42.4224,-14.0567,-17.7115,RELIANCE
2026-04-21,1352.7454957201878,1363.4958396538184,1343.8864317482064,1347.07177734375,27293629,1351.9989,1386.6587,50.9503,-12.8234,-16.7339,RELIANCE
2026-04-22,1344.085556855853,1359.7132520720183,1342.8910067161314,1355.8311767578125,9525953,1350.8691,1384.7734,53.271,-11.0123,-15.5896,RELIANCE
2026-04-23,1339.8052948565,1349.261572940554,1334.529638479888,1337.21728515625,16385079,1347.3355,1382.7826,45.2504,-10.9527,-14.6622,RELIANCE
2026-04-24,1333.8328899956957,1339.7057606040942,1318.9019248091768,1321.6890869140625,11744802,1343.3539,1380.3339,45.7728,-12.0199,-14.1337,RELIANCE
2026-04-27,1306.9571155871217,1365.2873936261717,1304.9663202853897,1359.51416015625,24673098,1341.0645,1378.4267,61.7185,-9.7017,-13.2473,RELIANCE
2026-04-28,1351.7500009887617,1388.7787447541255,1350.75460334444,1382.5078125,41027699,1339.86,1377.0411,64.8572,-5.9406,-11.786,RELIANCE
2026-04-29,1385.5935377241706,1427.2012083655534,1384.896807968084,1418.83984375,30542143,1343.7073,1376.1791,64.0072,-0.0279,-9.4343,RELIANCE
2026-04-30,1402.5153692729207,1430.386505071105,1386.6885214286783,1424.215087890625,30957881,1348.0323,1375.8188,69.0476,5.0337,-6.5407,RELIANCE
2026-05-01,1424.215087890625,1424.215087890625,1424.215087890625,1424.215087890625,0,1351.0981,1376.0418,66.4894,8.942,-3.4442,RELIANCE
2026-05-04,1426.8030702776819,1460.6465916696056,1426.8030702776819,1456.3663330078125,24035700,1356.7022,1376.5594,80.6292,14.4669,0.138,RELIANCE
2026-05-05,1453.280606341501,1466.6189594959255,1443.3266295857375,1456.864013671875,23543341,1364.6106,1377.3676,78.0385,18.6703,3.8445,RELIANCE
2026-05-06,1456.2668061036345,1466.519450812893,1420.9301884572374,1431.2823486328125,14221786,1371.2449,1377.2999,69.874,19.7102,7.0176,RELIANCE
2026-05-07,1432.1782190445704,1442.828925531327,1423.717338832762,1429.590087890625,19816903,1375.6446,1377.8315,66.3303,20.1652,9.6471,RELIANCE
2026-05-08,1419.4371163507371,1436.1598462687914,1410.9762359236815,1428.5947265625,8663105,1380.8804,1378.146,66.5439,20.2126,11.7602,RELIANCE
2026-05-11,1413.4647305422184,1421.427912122738,1375.6396180347506,1381.81103515625,15261787,1382.7716,1377.3537,56.862,16.2873,12.6656,RELIANCE
2026-05-12,1385.593546668805,1387.0866431630602,1354.0394893602804,1357.722412109375,24357500,1385.2054,1376.0636,50.3522,11.1047,12.3534,RELIANCE
2026-05-13,1355.1343963286624,1366.0837705701026,1346.1758174038478,1352.54638671875,13797989,1385.937,1375.2733,53.0055,6.5048,11.1837,RELIANCE
2026-05-14,1358.9168476375535,1371.6579863902991,1352.148216400817,1355.5325927734375,17303059,1386.8577,1374.3774,56.9787,3.065,9.56,RELIANCE
2026-05-15,1350.5556491178086,1358.5188307246153,1323.082575367519,1330.24951171875,19976192,1385.4343,1373.2327,43.6364,-1.6818,7.3116,RELIANCE
2026-05-18,1327.860551095503,1335.8237328112184,1312.6309174607939,1329.7518310546875,13022473,1384.0706,1372.7928,37.2841,-5.4214,4.765,RELIANCE
2026-05-19,1332.5387892026445,1337.8144453658963,1312.3322897558653,1316.6124267578125,21665501,1382.5477,1372.3488,22.2582,-9.3376,1.9445,RELIANCE
2026-05-20,1312.6308349443716,1356.6274840630256,1306.558933569541,1353.442138671875,13248515,1382.4282,1371.7576,33.5948,-9.3614,-0.3167,RELIANCE
2026-05-21,1360.9076465750106,1364.590690861155,1339.0088978228712,1343.388671875,17150630,1382.7368,1370.6586,32.0987,-10.0755,-2.2684,RELIANCE
2026-05-22,1343.7868238683554,1361.106767233248,1342.8909416840763,1348.26611328125,7105813,1384.0656,1369.275,22.7683,-10.131,-3.8409,RELIANCE
2026-05-25,1360.5095872329855,1364.7897243191815,1350.7546414401118,1360.7086181640625,6750071,1384.1254,1368.4429,27.1523,-9.0664,-4.886,RELIANCE
2026-05-26,1353.8404218493883,1362.2017870434288,1346.1759079681497,1350.0579833984375,13769747,1382.5029,1367.768,29.2261,-8.9787,-5.7046,RELIANCE
2026-05-27,1346.7730400596713,1354.736221375619,1342.393266034199,1344.2845458984375,13215138,1378.7751,1366.9378,28.6284,-9.2682,-6.4173,RELIANCE
2026-05-28,1344.2845458984375,1344.2845458984375,1344.2845458984375,1344.2845458984375,0,1374.7786,1366.3366,28.7719,-9.3894,-7.0117,RELIANCE
2026-05-29,1357.7224546740495,1362.6994431442622,1310.9387630540493,1315.119384765625,42634247,1369.3238,1364.8654,31.5732,-11.7039,-7.9502,RELIANCE
2026-06-01,1326.3673976551404,1329.353590670499,1312.4318302501333,1313.9249267578125,10700603,1362.2017,1363.3206,36.1461,-13.4792,-9.056,RELIANCE
2026-06-02,1301.6815361898255,1321.689127358814,1294.3156903458798,1308.5498046875,23302785,1354.786,1361.4592,36.1006,-15.1452,-10.2738,RELIANCE
2026-06-03,1308.9480145168118,1317.906594083847,1295.0124463014238,1307.15625,20012293,1348.5797,1360.0338,34.5616,-16.3891,-11.4969,RELIANCE
2026-06-04,1295.0124259474096,1305.1654340270677,1287.1487597049047,1297.699951171875,23474327,1341.9852,1357.8299,38.4452,-17.9313,-12.7838,RELIANCE
2026-06-05,1304.5,1306.0,1288.0,1291.0,17785223,1335.1055,1355.6235,36.8237,-19.4696,-14.1209,RELIANCE
2026-06-08,1277.0,1282.5999755859375,1259.199951171875,1263.300048828125,16494759,1329.1799,1352.7835,33.506,-22.6627,-15.8293,RELIANCE
2026-06-09,1269.0,1274.199951171875,1257.5,1269.199951171875,23620214,1324.7538,1350.0356,17.7682,-24.4355,-17.5505,RELIANCE
2026-06-10,1275.0,1300.5,1254.4000244140625,1258.800048828125,21012796,1320.0665,1348.3736,17.7212,-26.3756,-19.3155,RELIANCE
2026-06-11,1258.0,1276.0,1253.199951171875,1263.0,13117486,1315.4398,1346.8793,17.2936,-27.2599,-20.9044,RELIANCE
2026-06-12,1277.0,1297.0,1262.5,1293.0,11988785,1313.5774,1345.4814,27.1113,-25.249,-21.7733,RELIANCE
2026-06-15,1315.300048828125,1325.0,1303.300048828125,1307.0,18633321,1312.4398,1344.7357,35.7667,-22.269,-21.8725,RELIANCE
2026-06-16,1313.4000244140625,1333.4000244140625,1306.4000244140625,1328.800048828125,18513223,1313.0492,1345.3378,45.3718,-17.9414,-21.0862,RELIANCE
2026-06-17,1333.0,1334.0,1317.0,1332.699951171875,10029170,1312.012,1346.0199,46.6163,-14.0352,-19.676,RELIANCE
2026-06-18,1330.0,1333.9000244140625,1322.0,1328.0999755859375,15494549,1311.2476,1345.7499,54.4266,-11.1819,-17.9772,RELIANCE
2026-06-19,1328.0,1338.199951171875,1305.300048828125,1309.5,24887034,1309.3093,1345.4623,48.6511,-10.3027,-16.4423,RELIANCE
2026-06-22,1316.699951171875,1344.9000244140625,1314.0999755859375,1326.5,12931213,1307.5989,1345.1126,55.1097,-8.1403,-14.7819,RELIANCE
2026-06-23,1328.9000244140625,1333.0,1304.0,1309.5,15400184,1305.571,1345.1217,50.6127,-7.7095,-13.3674,RELIANCE
2026-06-24,1305.699951171875,1322.0,1297.5,1313.5999755859375,11030917,1304.0367,1344.6354,54.2765,-6.957,-12.0853,RELIANCE
2026-06-25,1318.0,1328.0,1314.5999755859375,1318.0999755859375,12694362,1302.7275,1344.255,57.3762,-5.9292,-10.8541,RELIANCE
2026-06-26,1318.0999755859375,1318.0999755859375,1318.0999755859375,1318.0999755859375,0,1302.8765,1343.4427,67.5641,-5.0564,-9.6946,RELIANCE
2026-06-29,1308.0,1313.699951171875,1292.5999755859375,1301.0,13757656,1302.2303,1342.3222,59.5096,-5.6791,-8.8915,RELIANCE
2026-06-30,1306.9000244140625,1306.9000244140625,1290.0,1293.9000244140625,15695263,1301.4978,1341.2587,60.7078,-6.6686,-8.4469,RELIANCE
2026-07-01,1298.9000244140625,1312.199951171875,1296.5,1308.0,7001401,1301.54,1340.3021,62.9459,-6.243,-8.0061,RELIANCE
2026-07-02,1310.0,1313.199951171875,1299.0,1303.5,17795024,1301.83,1339.6278,53.5401,-6.1975,-7.6444,RELIANCE
2026-07-03,1312.0,1312.0,1302.0,1304.0,7839550,1302.48,1339.274,48.8872,-6.0512,-7.3258,RELIANCE
2026-07-06,1304.0,1325.5999755859375,1299.4000244140625,1321.300048828125,7610709,1305.38,1338.5097,47.122,-4.4877,-6.7581,RELIANCE
2026-07-07,1323.5,1328.0,1304.0999755859375,1308.4000244140625,14335554,1307.34,1337.0275,41.2778,-4.2406,-6.2546,RELIANCE
2026-07-08,1297.0,1302.300048828125,1271.5999755859375,1275.9000244140625,19960868,1308.195,1334.1687,34.39,-6.5912,-6.3219,RELIANCE
2026-07-09,1277.0999755859375,1296.5,1274.199951171875,1279.800048828125,14651963,1309.035,1331.2804,40.2623,-8.0467,-6.6669,RELIANCE
2026-07-10,1291.9000244140625,1311.0999755859375,1287.800048828125,1307.800048828125,8412537,1309.775,1328.9521,44.2814,-6.8617,-6.7059,RELIANCE
2026-07-13,1300.0,1306.4000244140625,1295.0,1296.9000244140625,9488352,1309.27,1325.7628,45.9975,-6.7246,-6.7096,RELIANCE
2026-07-14,1290.0,1308.0,1286.9000244140625,1293.0,13511284,1307.48,1322.4855,43.4478,-6.8517,-6.738,RELIANCE
2026-07-15,1294.0999755859375,1310.9000244140625,1294.0999755859375,1295.5,9577965,1305.62,1319.7699,42.7191,-6.6737,-6.7252,RELIANCE
2026-07-16,1295.5,1309.4000244140625,1291.800048828125,1296.5999755859375,15631046,1304.045,1317.1101,43.1222,-6.3705,-6.6542,RELIANCE
2026-07-17,1300.0,1330.300048828125,1296.0999755859375,1327.199951171875,18302218,1304.93,1315.0822,57.7149,-3.6193,-6.0472,RELIANCE
2026-07-20,1317.199951171875,1345.9000244140625,1314.9000244140625,1323.0999755859375,14305844,1304.76,1313.908,58.753,-1.7496,-5.1877,RELIANCE
2026-07-21,1321.0,1326.9000244140625,1302.699951171875,1303.699951171875,12753410,1304.47,1312.8275,48.7507,-1.8124,-4.5127,RELIANCE
2026-07-22,1302.0,1304.5999755859375,1280.699951171875,1288.5999755859375,10840383,1303.22,1311.5486,45.9223,-3.0455,-4.2192,RELIANCE
2026-07-23,1283.0,1287.300048828125,1268.0,1272.199951171875,12580741,1300.925,1309.8819,41.9939,-5.2852,-4.4324,RELIANCE
2026-07-24,1265.0,1283.4000244140625,1249.800048828125,1278.0,9817000,1298.92,1308.8369,38.4286,-6.517,-4.8493,RELIANCE
2026-07-27,1288.199951171875,1288.699951171875,1278.0,1280.0,7163132,1297.87,1307.8419,41.941,-7.2483,-5.3291,RELIANCE
2026-07-28,1275.0,1279.199951171875,1265.9000244140625,1267.699951171875,9312184,1296.56,1306.8637,47.3718,-8.7198,-6.0073,RELIANCE
2026-07-29,1275.0,1282.4000244140625,1268.699951171875,1275.9000244140625,9448307,1294.955,1305.3128,48.7835,-9.1192,-6.6297,RELIANCE
2026-07-30,1279.800048828125,1297.0,1275.300048828125,1292.9000244140625,12158451,1294.425,1304.303,45.01,-7.9721,-6.8981,RELIANCE
2026-07-31,1295.0,1309.699951171875,1293.5999755859375,1307.800048828125,8624996,1294.615,1303.4937,53.5551,-5.7939,-6.6773,RELIANCE
2026-08-03,1315.199951171875,1319.0,1306.0,1319.0,7508023,1294.5,1302.6595,58.0946,-3.1279,-5.9674,RELIANCE
2026-08-04,1315.0,1315.0,1286.4000244140625,1290.9000244140625,10759546,1293.625,1301.4764,48.7648,-3.245,-5.4229,RELIANCE
2026-08-05,1293.0,1299.0,1270.0999755859375,1280.0,24820782,1293.83,1300.1907,45.7653,-4.1694,-5.1722,RELIANCE
2026-08-06,1285.0,1325.199951171875,1281.199951171875,1325.0,20342297,1296.09,1299.805,49.4772,-1.2563,-4.389,RELIANCE
2026-08-07,1320.0,1337.0,1316.5999755859375,1334.800048828125,9885638,1297.44,1300.1986,52.7071,1.8221,-3.1468,RELIANCE
2026-08-10,1330.0999755859375,1332.9000244140625,1321.300048828125,1327.300048828125,8207102,1298.96,1300.4661,55.7787,3.6149,-1.7945,RELIANCE
2026-08-11,1326.5999755859375,1328.699951171875,1314.0999755859375,1323.9000244140625,9953124,1300.505,1300.7731,59.1688,4.7071,-0.4942,RELIANCE
2026-08-12,1323.9000244140625,1329.0,1309.199951171875,1329.0,7901012,1302.18,1301.21,65.6733,5.916,0.7879,RELIANCE
2026-08-13,1327.800048828125,1327.800048828125,1307.199951171875,1317.0,9397301,1303.2,1301.596,60.4055,5.8384,1.798,RELIANCE
2026-08-14,1317.0,1317.5,1301.5,1310.0,10497358,1302.34,1301.976,57.7963,5.1527,2.4689,RELIANCE
2026-08-17,1314.0,1320.800048828125,1298.0999755859375,1316.0,13383867,1301.985,1303.03,62.9769,5.0354,2.9822,RELIANCE
2026-08-18,1314.0,1328.5999755859375,1311.199951171875,1322.0,10180567,1302.9,1304.086,62.534,5.3648,3.4587,RELIANCE
2026-08-19,1320.300048828125,1321.5999755859375,1303.5,1311.0,7489365,1304.02,1305.13,55.0871,4.6842,3.7038,RELIANCE
2026-08-20,1315.5,1316.5,1307.0,1313.199951171875,5546227,1306.07,1306.134,51.6344,4.273,3.8177,RELIANCE
2026-08-21,1314.0,1316.0,1308.0,1316.0,5433825,1307.97,1306.594,49.0434,4.1256,3.8793,RELIANCE
2024-08-21,4197.496096539259,4236.516644581457,4173.851321089861,4228.61962890625,1896990,4228.6196,4228.6196,,0.0,0.0,TCS
2024-08-22,4236.5158800949575,4237.398669027107,4178.171062150779,4182.63037109375,1829872,4205.625,4205.625,,-3.6687,-0.7337,TCS
2024-08-23,4180.772575829952,4186.346939264392,4138.964850071652,4147.2333984375,1809253,4186.1611,4186.1611,,-9.3248,-2.452,TCS
2024-08-26,4170.5527823500615,4229.222864979793,4166.836540173764,4183.048828125,1844164,4185.3831,4185.3831,,-10.793,-4.1202,TCS
2024-08-27,4185.4182168111465,4190.06352004845,4168.509131570201,4178.125,930697,4183.9314,4183.9314,,-12.213,-5.7387,TCS
2024-08-28,4179.611593409034,4238.83920976465,4141.101848062617,4186.3935546875,1848058,4184.3418,4184.3418,,-12.5268,-7.0964,TCS
2024-08-29,4143.61019488178,4232.8000107357375,4143.61019488178,4191.7353515625,2133641,4185.398,4185.398,,-12.2038,-8.1178,TCS
2024-08-30,4180.772468175268,4266.47830377286,4169.437748026632,4230.70947265625,3637222,4191.062,4191.062,,-8.7026,-8.2348,TCS
2024-09-02,4251.381655472286,4262.530383589784,4191.921772178967,4200.32958984375,1216500,4192.0917,4192.0917,,-8.2838,-8.2446,TCS
2024-09-03,4200.329626081671,4232.707481664155,4176.963840595747,4192.2470703125,1717263,4192.1072,4192.1072,,-8.506,-8.2969,TCS
2024-09-04,4159.357482985526,4168.694359320059,4121.962798795058,4161.494140625,1265505,4189.3242,4189.3242,,-11.0364,-8.8448,TCS
2024-09-05,4163.120285213532,4179.843374955519,4138.1749189531665,4158.4287109375,1688793,4186.7496,4186.7496,,-13.1376,-9.7033,TCS
2024-09-06,4156.570844055927,4198.378570967705,4125.029055295338,4140.5908203125,1649179,4183.1989,4183.1989,,-16.0572,-10.9741,TCS
2024-09-09,4138.964928860649,4171.714314661398,4116.202944403391,4133.9013671875,1184938,4179.6777,4179.6777,,-18.6952,-12.5183,TCS
2024-09-10,4127.305445435125,4217.88885396822,4125.447324234446,4188.06591796875,1385591,4180.2369,4180.2369,43.774,-16.2282,-13.2603,TCS
2024-09-11,4200.700941634944,4226.621639858806,4154.061921274154,4161.58740234375,1325919,4179.0713,4179.0713,46.5635,-16.2226,-13.8528,TCS
2024-09-12,4190.295602177849,4211.0601974701785,4116.94608580757,4197.21728515625,2742216,4180.1387,4180.1387,58.1565,-13.1911,-13.7204,TCS
2024-09-13,4208.644488913913,4224.43851900476,4185.417974074432,4201.76953125,1458786,4181.3404,4181.3404,53.402,-10.3026,-13.0369,TCS
2024-09-16,4205.857591838961,4223.556015887551,4175.616848928026,4193.0830078125,1155120,4181.9584,4181.9584,52.6816,-8.615,-12.1525,TCS
2024-09-17,4193.082435128378,4214.032568613279,4149.184325105708,4186.021484375,1699364,4182.1616,4182.1616,49.933,-7.7579,-11.2736,TCS
2024-09-18,4178.032582764248,4178.032582764248,4014.471614547493,4037.83740234375,2961779,4172.6225,4175.289,31.7023,-18.819,-12.7827,TCS
2024-09-19,4078.622243199174,4108.4919039466795,3978.0514347871863,3991.383544921875,2927551,4163.0601,4166.9297,22.0426,-30.9763,-16.4214,TCS
2024-09-20,4010.661579574174,4023.4828879317256,3927.6036533634933,3980.931640625,5447908,4154.7451,4158.8428,23.119,-40.9821,-21.3335,TCS
2024-09-23,3994.9609683857766,4003.694048146223,3951.29511594063,3965.695556640625,1702319,4143.8774,4150.795,22.7207,-49.5697,-26.9808,TCS
2024-09-24,3950.0404365312907,3986.5990621222545,3939.216971195143,3968.29638671875,3012026,4133.386,4143.4951,25.045,-55.5255,-32.6897,TCS
2024-09-25,3950.691085610406,3985.298594296038,3939.2170960290077,3971.501953125,2713073,4122.6414,4136.8799,25.8638,-59.3033,-38.0124,TCS
2024-09-26,3957.798205900553,4010.5686671887433,3957.798205900553,3987.99267578125,3964251,4112.4542,4131.3656,30.2275,-60.2718,-42.4643,TCS
2024-09-27,4027.4778141813813,4067.4274211040574,3995.0069638417276,4003.043701171875,3012477,4101.071,4126.7827,33.4041,-59.1431,-45.8001,TCS
2024-09-30,3982.790182613972,3993.799642522874,3957.8448123502358,3965.695556640625,2503416,4089.3393,4121.2279,20.5416,-60.5641,-48.7529,TCS
2024-10-01,3953.6633073625258,3991.011721656906,3941.957507745713,3983.718505859375,1823365,4078.9128,4116.6443,25.8969,-59.5495,-50.9122,TCS
2024-10-03,3960.2137504333123,3975.4502533375357,3911.345072809307,3932.481201171875,3350119,4067.4622,4110.7036,15.5814,-62.1632,-53.1624,TCS
2024-10-04,3925.280999271066,3993.1024224537377,3924.398210251953,3950.597900390625,2965463,4057.0706,4105.7002,18.4574,-62.0574,-54.9414,TCS
2024-10-07,3970.7116602125193,3992.405314053108,3929.368467129649,3969.736328125,1472619,4048.5279,4101.5801,22.6692,-59.7406,-55.9012,TCS
2024-10-08,3969.504022912318,3975.821452918664,3905.7241096750513,3951.526611328125,1541867,4039.4092,4097.1668,22.0671,-58.6973,-56.4605,TCS
2024-10-09,3957.7984755986254,3990.3155992244356,3945.4421500779804,3951.248779296875,1082504,4027.5683,4092.9977,34.0737,-57.2331,-56.615,TCS
2024-10-10,3951.526804113441,3989.246753361262,3900.7537355297673,3927.510498046875,2378875,4015.8645,4088.4008,37.1805,-57.3274,-56.7575,TCS
2024-10-11,3849.0977975212186,3941.028518940875,3820.7151796266107,3854.858154296875,5759183,3998.7465,4082.0889,29.7522,-62.5436,-57.9147,TCS
2024-10-14,3846.311418780695,3869.9094705731295,3829.77431925857,3843.198974609375,2137590,3980.818,4075.8023,30.098,-66.8477,-59.7013,TCS
2024-10-15,3837.995460690613,3874.1362795372975,3804.5030088222256,3824.75634765625,2759474,3962.4017,4069.3652,27.8207,-70.9292,-61.9469,TCS
2024-10-16,3795.212679191423,3823.0844981328532,3778.675354588552,3804.456787109375,2359151,3943.3234,4062.7425,25.4839,-74.938,-64.5451,TCS
2024-10-17,3821.0405029589083,3836.9742562004353,3802.5987849412795,3817.51025390625,2522659,3932.3071,4056.7612,24.7244,-76.1836,-66.8728,TCS
2024-10-18,3809.127780700298,3861.4217056150137,3799.81450984284,3839.907958984375,2361000,3924.7333,4051.5981,26.3293,-74.5045,-68.3991,TCS
2024-10-21,3848.8025545031073,3855.647899798256,3790.501385728475,3799.675048828125,1595450,3915.6705,4045.7394,26.1107,-75.5494,-69.8292,TCS
2024-10-22,3786.7761613201965,3808.941792786158,3731.222588221232,3739.744140625,1928049,3904.3729,4038.785,18.672,-80.2879,-71.9209,TCS
2024-10-23,3724.936169449571,3831.0606256089795,3720.791581721823,3787.009033203125,1966476,3895.3085,4033.1899,31.1278,-79.315,-73.3997,TCS
2024-10-24,3729.033775833075,3798.8833095961822,3729.033775833075,3769.9189453125,2676744,3885.2294,4027.4666,26.4978,-79.0122,-74.5222,TCS
2024-10-25,3778.440830569176,3810.990668738502,3755.762923689694,3778.906494140625,1759676,3874.7751,4022.1781,24.5042,-77.1576,-75.0493,TCS
2024-10-28,3789.5232343448033,3850.1061056967715,3772.8059589205664,3809.91943359375,1532534,3865.1188,4017.7561,31.7064,-72.3513,-74.5097,TCS
2024-10-29,3814.5762988806255,3821.7008604425628,3781.281354135695,3795.390869140625,1445885,3856.6036,4013.218,30.5804,-68.9202,-73.3918,TCS
2024-10-30,3795.158291397516,3824.960761415852,3781.234995410785,3804.1455078125,1935002,3847.625,4009.0366,34.0328,-64.7482,-71.6631,TCS
2024-10-31,3790.501362953683,3798.23142349314,3688.055380171151,3695.925048828125,3740372,3835.7972,3998.3827,31.1635,-69.3746,-71.2054,TCS
2024-11-01,3715.855640568731,3724.3305810268316,3703.003280699814,3710.593505859375,154895,3823.7969,3988.9419,34.3951,-71.0386,-71.172,TCS
2024-11-04,3693.922655669424,3717.764492575113,3644.5157084293937,3691.920166015625,2269192,3809.9061,3979.8357,34.3765,-73.0223,-71.5421,TCS
2024-11-05,3670.45333173397,3712.2698276535116,3670.45333173397,3698.6259765625,967590,3797.2611,3970.1472,37.1415,-73.2094,-71.8755,TCS
2024-11-06,3728.6612931693503,3864.8210432401042,3702.258078759821,3855.3681640625,3792017,3792.4671,3963.6921,53.4093,-60.018,-69.504,TCS
2024-11-07,3883.3544355719746,3916.974977007164,3804.5174673430683,3865.84521484375,3724349,3789.3838,3957.2811,52.3871,-48.1632,-65.2359,TCS
2024-11-08,3869.664484727288,3883.4015608162717,3834.8793231384825,3862.2138671875,1648039,3789.7516,3950.6907,56.1713,-38.616,-59.9119,TCS
2024-11-11,3844.705440746939,3943.5189008810617,3834.8796651402995,3910.364013671875,1406487,3793.1098,3944.2838,67.2376,-26.8549,-53.3005,TCS
2024-11-12,3926.4753642711526,3928.3380186185295,3878.3724067000553,3909.152587890625,1587640,3797.3297,3938.4602,63.6062,-17.431,-46.1266,TCS
2024-11-13,3891.1780687289943,3908.5472291817673,3847.358853332509,3865.333740234375,1098813,3800.3735,3931.922,60.0314,-13.3445,-39.5702,TCS
2024-11-14,3851.0375903197846,3874.3207680121654,3833.7616543718636,3861.18896484375,1825432,3802.5574,3925.9159,58.7397,-10.3213,-33.7204,TCS
2024-11-18,3923.6812860911455,3923.6812860911455,3716.181551430071,3743.469482421875,3313944,3797.7355,3917.6167,44.0398,-17.2259,-30.4215,TCS
2024-11-19,3743.8416205226595,3848.3830847662466,3738.4401053836123,3762.142333984375,1776233,3795.8589,3910.0477,47.0398,-20.9495,-28.5271,TCS
2024-11-21,3767.124986745769,3811.409636894372,3747.660340835974,3793.15576171875,2384347,3798.5295,3903.2328,49.0589,-21.1542,-27.0525,TCS
2024-11-22,3791.4328432690386,3962.750655117127,3775.6002816538157,3953.111328125,3096553,3806.8346,3898.5337,70.2323,-8.3135,-23.3047,TCS
2024-11-25,3986.0801022933974,4030.8770280377776,3960.1893900708537,4018.769775390625,4052167,3819.2771,3895.6773,72.443,7.0794,-17.2279,TCS
2024-11-26,4024.310731522724,4066.7329532289605,4014.0197491006056,4053.78759765625,2060669,3833.0212,3892.8088,75.7403,21.8521,-9.4119,TCS
2024-11-27,4059.6083950341376,4076.7911069702654,4027.104715840101,4035.02099609375,1558993,3844.2762,3889.4738,73.5248,31.68,-1.1935,TCS
2024-11-28,4022.4020594566896,4041.913545627335,3942.3079225932315,3953.390625,2558544,3852.1762,3884.6799,57.6596,32.5072,5.5466,TCS
2024-11-29,3930.2002766528776,4003.4958997310346,3907.5223713104324,3977.558349609375,2017425,3860.8469,3880.5107,58.5465,34.7126,11.3798,TCS
2024-12-02,3976.766970418375,3993.7173066183545,3939.560268502564,3982.960205078125,1670944,3875.1986,3879.4131,59.2126,36.4759,16.399,TCS
2024-12-03,4018.071307960362,4027.9898509787527,3972.529502098055,4007.267822265625,2010905,3890.0323,3879.7308,57.6727,39.3808,20.9954,TCS
2024-12-04,4017.3262864453577,4085.686067146796,3994.5087699045835,4055.37109375,3302642,3908.2049,3881.2196,60.7771,45.0452,25.8054,TCS
2024-12-05,4098.584762623309,4180.728007626903,4060.5867928833363,4157.4912109375,3746747,3931.1482,3885.0555,69.8293,57.1161,32.0675,TCS
2024-12-06,4147.199797372343,4158.375723168091,4109.713879599103,4140.21484375,1842087,3945.3905,3888.4939,68.6064,64.5443,38.5629,TCS
2024-12-09,4126.198190317889,4162.47310676674,4112.321053205062,4146.40771484375,2066639,3959.4186,3891.992,81.5641,70.1226,44.8748,TCS
2024-12-10,4122.193406026578,4185.1975942064855,4109.108442002176,4128.15380859375,2087828,3972.7156,3894.7952,78.6903,72.2378,50.3474,TCS
2024-12-11,4127.502045111503,4143.148158287083,4104.358476029229,4123.404296875,1635256,3983.3676,3897.2024,76.9986,72.6929,54.8165,TCS
2024-12-12,4125.825703197917,4177.002312539005,4122.054010099808,4149.01611328125,1914642,3995.3608,3900.8688,70.524,74.2642,58.7061,TCS
2024-12-13,4130.389630221359,4186.222421425734,4092.624040484277,4166.66455078125,1967048,4010.4273,3904.5278,67.2272,76.0568,62.1762,TCS
2024-12-16,4152.788043789598,4167.689279201268,4095.0457565693796,4111.99609375,1646224,4022.9677,3908.1181,56.4835,72.2334,64.1877,TCS
2024-12-17,4107.153170844404,4128.527313123141,4021.471063878942,4031.25,3225027,4037.3567,3909.7311,49.6309,61.9735,63.7448,TCS
2024-12-18,4015.6031250525107,4062.44869495374,3995.0207057764947,4049.2705078125,1575404,4051.7131,3911.3218,60.7184,54.6664,61.9291,TCS
2024-12-19,3987.9433615911394,4064.3121975674294,3969.3168162310685,3978.536865234375,3015763,4060.9822,3911.862,50.0991,42.6759,58.0785,TCS
2024-12-20,4031.715380245397,4081.075721006082,3867.3361322404735,3883.91357421875,4116989,4057.5223,3910.5153,41.5062,25.247,51.5122,TCS
2024-12-23,3911.6202111793405,3927.4063874513017,3832.31779942793,3872.7373046875,2195338,4050.2207,3909.4198,38.1975,10.4126,43.2923,TCS
2024-12-24,3872.7376155550933,3928.338029883583,3872.7376155550933,3892.48193359375,1181886,4042.1554,3910.1723,34.9613,0.2466,34.6831,TCS
2024-12-26,3892.481364565171,3911.527184437315,3858.6275357035665,3882.795654296875,1208464,4034.5441,3910.9642,19.4193,-8.4937,26.0478,TCS
2024-12-27,3877.1150885157394,3893.832593461187,3862.446685286308,3878.838134765625,858100,4030.8165,3912.0459,20.0128,-15.5604,17.7261,TCS
2024-12-30,3865.939198896072,3910.922120659606,3829.6174381740902,3873.203369140625,1527169,4025.5988,3913.4208,18.6156,-21.3692,9.9071,TCS
2024-12-31,3851.0376939335874,3855.6479451405453,3755.1576110916253,3813.598388671875,1555429,4017.1307,3913.3426,17.0005,-30.4315,1.8393,TCS
2025-01-01,3813.2258927424173,3850.1065398065944,3804.8905600046846,3830.03662109375,763161,4008.2691,3913.1451,19.96,-35.8735,-5.7032,TCS
2025-01-02,3837.0677703855595,3895.741379495824,3815.6008619680624,3888.9892578125,1720835,3999.95,3914.9314,25.0758,-35.0256,-11.5677,TCS
2025-01-03,3892.9011567771527,3892.9011567771527,3811.270194517517,3818.34814453125,1791953,3982.9929,3916.5035,19.692,-39.5973,-17.1736,TCS
2025-01-06,3823.5633582481973,3864.6813582169702,3787.148378172113,3813.784423828125,2085593,3966.6713,3917.039,21.5731,-43.092,-22.3573,TCS
2025-01-07,3832.3644200987096,3856.020036180541,3736.0650668596068,3751.664794921875,2669054,3946.9342,3916.6739,22.3674,-50.2943,-27.9447,TCS
2025-01-08,3757.811618423141,3842.6556080381715,3741.839449635328,3826.26416015625,2181277,3931.8397,3917.6211,30.1764,-49.413,-32.2383,TCS
2025-01-09,3819.3726136468736,3853.5988861539504,3748.8711943929684,3761.49072265625,2392472,3913.744,3916.6525,30.4996,-53.3265,-36.456,TCS
2025-01-10,3911.5740395746316,4001.9127733457603,3883.6342250062416,3972.715576171875,7894300,3904.929,3920.199,56.5963,-38.9351,-36.9518,TCS
2025-01-13,3953.4844213353563,4026.0815668731693,3937.0929697692864,3996.418701171875,4003771,3896.4167,3924.0445,59.0194,-25.3253,-34.6265,TCS
2025-01-14,4006.5694375522967,4017.6521397931906,3929.3156678223904,3942.354248046875,3441709,3887.9346,3928.9731,53.4635,-18.6865,-31.4385,TCS
2025-01-15,3928.338036632813,3964.1477485251917,3918.5127168051804,3957.76806640625,1653474,3884.2605,3933.9165,55.1656,-12.0427,-27.5593,TCS
2025-01-16,3967.4536113637214,3999.118734083526,3903.9837578032057,3917.441162109375,2637705,3877.6691,3938.427,52.5328,-9.9171,-24.0309,TCS
2025-01-17,3945.515411973339,3946.179522038897,3888.749747352948,3911.75,1761466,3874.3297,3942.6894,52.5289,-8.5927,-20.9433,TCS
2025-01-20,3932.1425484323627,3932.1425484323627,3858.447160711793,3867.647216796875,1287799,3873.5164,3942.935,53.6196,-10.9754,-18.9497,TCS
2025-01-21,3884.245030505511,3899.135870393051,3822.3102791739225,3827.85888671875,1971591,3871.2725,3942.1753,49.8586,-15.891,-18.3379,TCS
2025-01-22,3841.2800960022514,3948.5987300115466,3835.7789572073584,3942.386474609375,2409223,3873.7677,3943.7788,53.2341,-10.4251,-16.7554,TCS
2025-01-23,3953.1984717808796,3975.3452017162494,3926.6887142484056,3931.810791015625,1822998,3876.2185,3944.2077,57.4113,-6.8676,-14.7778,TCS
2025-01-24,3892.4966488174464,3962.682991900412,3892.4966488174464,3938.35498046875,1910099,3879.1943,3944.7917,58.1158,-3.48,-12.5183,TCS
2025-01-27,3890.599675788401,3942.148791419916,3832.7908361324735,3855.648681640625,1551782,3878.3166,3944.598,56.5976,-7.3839,-11.4914,TCS
2025-01-28,3861.007991181617,3890.6000269864126,3820.6982639395587,3832.079833984375,2468272,3879.2406,3944.0158,50.3945,-12.2386,-11.6408,TCS
2025-01-29,3845.0734688360117,3896.148353343233,3845.0734688360117,3888.512939453125,1217089,3882.1645,3946.9167,58.716,-11.4008,-11.5928,TCS
2025-01-30,3888.6080671418995,3917.0619915773636,3849.3417440444105,3888.750244140625,1531251,3882.1525,3949.4489,41.8903,-10.5955,-11.3934,TCS
2025-01-31,3898.187645857167,3915.6869946237944,3874.713158208757,3900.4638671875,1492943,3886.2583,3951.595,40.5126,-8.9095,-10.8966,TCS
2025-02-01,3901.032713879516,3922.752448425496,3846.9702619730892,3863.236328125,437172,3888.7309,3949.7975,41.9079,-10.4567,-10.8086,TCS
2025-02-03,3823.1642266792337,3866.8885186427515,3792.623725946494,3858.96875,1265713,3894.0961,3946.6015,39.6591,-11.8902,-11.0249,TCS
2025-02-04,3873.242905885086,3906.5815588564824,3856.5026066809596,3895.389404296875,2547132,3897.5523,3943.4336,47.6729,-9.9724,-10.8144,TCS
2025-02-05,3936.126163727403,3936.126163727403,3865.939817675396,3880.26171875,1693912,3903.4909,3940.3384,46.742,-9.563,-10.5641,TCS
2025-02-06,3893.8244160755,3926.1671344471406,3842.749763323274,3872.341796875,2284536,3898.4722,3938.7174,50.5251,-9.765,-10.4043,TCS
2025-02-07,3879.218228908592,3879.218228908592,3801.444171507491,3821.7412109375,1548940,3889.7383,3935.601,49.3319,-13.8486,-11.0932,TCS
2025-02-10,3831.7949614241543,3843.176530616503,3807.4669498989556,3828.902099609375,1339511,3884.0657,3932.5199,33.8113,-16.3189,-12.1383,TCS
2025-02-11,3811.307781294286,3831.794697050472,3751.1752541669844,3759.28466796875,1810908,3874.1416,3927.5602,28.9369,-23.6218,-14.435,TCS
2025-02-12,3766.446193388272,3814.4858114252734,3737.0910418049134,3746.57568359375,1678002,3865.5983,3921.3843,26.9335,-30.0882,-17.5656,TCS
2025-02-13,3763.5059537434317,3779.108143555463,3701.1444324584945,3708.63720703125,2277310,3855.4426,3912.4072,30.1841,-37.8379,-21.6201,TCS
2025-02-14,3722.7215010647665,3744.536174828968,3699.009899147157,3732.06396484375,1681975,3848.6635,3904.2442,36.5135,-41.6097,-25.618,TCS
2025-02-17,3657.7517993998813,3731.257767104663,3657.467213858333,3703.278076171875,1799806,3842.4344,3895.3816,23.0099,-46.3869,-29.7718,TCS
2025-02-18,3697.492313192335,3722.1523795147264,3665.33947318774,3673.591064453125,2149879,3828.9947,3886.2904,21.1276,-51.9693,-34.2113,TCS
2025-02-19,3672.6425540939376,3675.2508303067148,3573.9548205315027,3589.0830078125,4366672,3811.8583,3875.6039,15.0446,-62.4921,-39.8674,TCS
2025-02-20,3567.6478288188787,3592.782128290818,3557.9735409942346,3584.625244140625,2888572,3794.1718,3864.3161,16.2394,-70.3799,-45.9699,TCS
2025-02-21,3581.4955514917533,3620.287642408916,3580.4521483085296,3590.88525390625,1833931,3780.9336,3852.8005,17.6712,-75.2584,-51.8276,TCS
2025-02-24,3550.2433706104594,3569.260122487774,3480.8633130033377,3486.1748046875,2508516,3763.6384,3840.2841,7.6303,-86.5759,-58.7773,TCS
2025-02-25,3438.1822449152423,3469.4815591448155,3434.6255046618817,3442.497802734375,4101954,3741.3376,3828.5091,7.2044,-97.9404,-66.6099,TCS
2025-02-27,3425.5677363307773,3450.512388419143,3415.1346312530945,3426.3740234375,3823856,3718.2188,3816.0511,7.0907,-107.0144,-74.6908,TCS
2025-02-28,3400.1963006835795,3414.470731581497,3278.8403664103434,3303.737548828125,7085018,3688.3825,3802.5552,6.2274,-122.6871,-84.2901,TCS
2025-03-03,3305.397532195103,3341.6762855972443,3297.0035319217445,3313.03271484375,4990439,3660.8723,3791.1375,6.5645,-132.8266,-93.9974,TCS
2025-03-04,3294.9643171966636,3367.996053645755,3285.7642616440216,3350.022705078125,2797737,3635.425,3780.6832,13.5373,-136.3062,-102.4591,TCS
2025-03-05,3339.3997995005207,3414.8026927498004,3339.3997995005207,3364.24951171875,2501894,3608.868,3770.1186,16.029,-136.3441,-109.2361,TCS
2025-03-06,3373.6866911774378,3423.433585251506,3353.863884772035,3415.98828125,2786513,3585.6543,3760.7825,24.6195,-130.6927,-113.5274,TCS
2025-03-07,3414.4707542689284,3438.1823567291294,3390.1899807262357,3425.093505859375,2051315,3563.2919,3751.7076,22.6993,-124.0493,-115.6318,TCS
2025-03-10,3420.6362559634954,3435.4323906202376,3397.968053420582,3404.654541015625,1004626,3542.4376,3742.3366,23.0414,-119.0611,-116.3177,TCS
2025-03-11,3374.6352261327497,3403.8004968476407,3355.3338893126197,3391.043701171875,1995450,3520.5447,3733.8855,23.7302,-114.882,-116.0305,TCS
2025-03-12,3381.2746199098347,3385.305592458114,3307.15224085139,3325.5048828125,3174167,3498.8557,3723.7949,24.5978,-115.5267,-115.9298,TCS
2025-03-13,3321.8059194545594,3342.672130004524,3304.5439188567675,3330.10498046875,1693004,3478.0321,3712.6172,25.4775,-114.3483,-115.6135,TCS
2025-03-17,3309.1910361154605,3348.504824268339,3298.1415226710474,3317.442626953125,2690906,3458.4724,3702.5991,23.9754,-113.132,-115.1172,TCS
2025-03-18,3317.442626953125,3317.442626953125,3317.442626953125,3317.442626953125,0,3437.7413,3692.6722,29.9436,-110.8898,-114.2717,TCS
2025-03-19,3364.2022912119846,3364.2022912119846,3284.294187734508,3316.8740234375,3051244,3418.4211,3683.9764,33.3627,-107.9148,-113.0003,TCS
2025-03-20,3331.0059291540974,3394.505554527131,3331.0059291540974,3379.519775390625,2845192,3403.7176,3675.0415,44.4755,-99.3568,-110.2716,TCS
2025-03-21,3295.912959410607,3429.8835221492395,3286.4283178007922,3393.69970703125,4161925,3393.9484,3667.6857,64.2525,-90.3883,-106.295,TCS
2025-03-24,3414.470721860925,3461.6568103088644,3382.792113898217,3441.9287109375,1834751,3386.8136,3657.07,68.1782,-78.4844,-100.7328,TCS
2025-03-25,3457.1517113972473,3518.8018790902024,3450.5124625687754,3469.24462890625,3135390,3380.7316,3646.5265,67.2855,-66.0844,-93.8032,TCS
2025-03-26,3459.7601257453803,3490.822326860632,3438.9888533482517,3448.426025390625,1734499,3378.8441,3636.6479,61.9755,-57.277,-86.4979,TCS
2025-03-27,3428.555452249772,3474.2239048124366,3424.4295409023484,3463.031982421875,2528474,3379.8708,3626.7532,57.4834,-48.5588,-78.9101,TCS
2025-03-28,3462.8424183134416,3472.279589767322,3406.7880975546004,3420.3037109375,2051919,3379.5673,3616.8104,49.3117,-44.5834,-72.0448,TCS
2025-04-01,3388.577422151902,3399.2951120927096,3343.335733852344,3367.80615234375,2618493,3382.7707,3605.9316,45.1515,-45.1485,-66.6655,TCS
2025-04-02,3361.3567956889556,3380.4210168658315,3348.1257677061367,3361.309326171875,1764313,3385.1846,3595.8048,46.013,-45.5951,-62.4514,TCS
2025-04-03,3311.0882917953854,3321.52139726939,3221.1263760619972,3227.765625,4537821,3379.0717,3583.8029,38.9158,-56.0784,-61.1768,TCS
2025-04-04,3189.3056688327865,3224.446080623458,3125.663631237096,3129.362548828125,5317367,3367.3274,3567.5425,31.2283,-71.5025,-63.242,TCS
2025-04-07,2940.2390915960013,3121.7750512730177,2898.5541353026842,3105.3193359375,6623955,3351.7939,3551.0126,30.5775,-84.6901,-67.5316,TCS
2025-04-08,3131.875989149625,3176.4063332063806,3087.535291604866,3123.244873046875,5557558,3336.7015,3534.7104,32.7839,-92.6272,-72.5507,TCS
2025-04-09,3092.5147195117684,3101.4776590955953,3046.5142098890965,3079.28369140625,2990265,3320.4329,3519.1831,30.4418,-101.297,-78.3,TCS
2025-04-11,3120.0203045213184,3128.9357749466626,3040.7760781322527,3064.9619140625,7108961,3304.1289,3503.8408,21.8678,-108.0776,-84.2555,TCS
2025-04-15,3143.5893021337306,3143.5893021337306,3071.69590901875,3080.801025390625,3512160,3291.8937,3487.6865,22.099,-110.895,-89.5834,TCS
2025-04-16,3080.800771527295,3109.159984550683,3062.590308725503,3105.08154296875,2384391,3280.6425,3472.0132,18.6234,-109.9016,-93.647,TCS
2025-04-17,3078.2405325476193,3133.346394679939,3052.157767289551,3128.888427734375,2932346,3271.2148,3456.5817,18.0879,-105.9718,-96.112,TCS
2025-04-21,3120.5420796132057,3181.1488478659085,3114.8512945544117,3150.418701171875,2432946,3262.8636,3442.3253,22.0959,-99.9677,-96.8831,TCS
2025-04-22,3151.3669464223676,3162.0844056249766,3125.189244347029,3143.58935546875,2710498,3254.1994,3428.0177,19.6467,-94.6691,-96.4403,TCS
2025-04-23,3191.58211565842,3244.6011731880976,3165.3097029497226,3237.1083984375,3543923,3247.0788,3414.8521,34.1251,-81.9788,-93.548,TCS
2025-04-24,3225.8214222352462,3236.633820616935,3213.1118640484187,3226.295654296875,2252175,3238.7086,3401.7728,36.7825,-71.9646,-89.2313,TCS
2025-04-25,3243.747204561521,3298.568475558524,3229.5202431380058,3270.30419921875,2742991,3230.1274,3389.732,42.0565,-59.7879,-83.3426,TCS
2025-04-28,3257.9739444135007,3279.5989706182713,3229.5200235015927,3266.035888671875,1593296,3219.9669,3378.6179,54.3141,-49.9069,-76.6555,TCS
2025-04-29,3276.943382576269,3314.881945616226,3253.6110736832507,3293.54150390625,1578332,3212.2227,3367.9107,72.0284,-39.4025,-69.2049,TCS
2025-04-30,3293.06738873724,3329.014085869881,3192.53019311335,3275.71044921875,2809332,3202.8566,3358.2392,73.2495,-32.1459,-61.7931,TCS
2025-05-02,3293.0674491310842,3311.562499608635,3243.7473145242825,3254.180419921875,1721761,3194.5505,3348.3913,67.6919,-27.8117,-54.9968,TCS
2025-05-05,3272.2013429677813,3323.892639545098,3268.786779377753,3276.27978515625,1284443,3189.9741,3339.7442,78.2892,-22.3362,-48.4647,TCS
2025-05-06,3281.685791015625,3294.01582433447,3259.871116682284,3281.685791015625,1324763,3185.993,3330.7366,81.94,-17.3604,-42.2438,TCS
2025-05-07,3244.3163408615387,3281.211501134211,3244.3163408615387,3267.5537109375,1477128,3187.9824,3322.0221,77.6622,-14.3915,-36.6734,TCS
2025-05-08,3270.304189784248,3297.809648457028,3251.9987864937443,3271.15771484375,2543591,3195.0721,3313.9734,76.2046,-11.6139,-31.6615,TCS
2025-05-09,3223.8293642770673,3268.5968219353003,3222.975839240067,3263.0009765625,2531757,3202.9562,3307.4518,72.2606,-9.9561,-27.3204,TCS
2025-05-12,3324.3669077502577,3443.3991607952385,3321.7111617690016,3433.819580078125,2228678,3218.4849,3304.4357,81.4525,5.0828,-20.8398,TCS
2025-05-13,3433.8195935429753,3436.285693012091,3329.5834737286627,3333.8515625,3062887,3231.2133,3299.295,67.4983,8.8328,-14.9052,TCS
2025-05-14,3339.542044274439,3377.4806076856794,3327.7811822404,3365.814453125,2119499,3246.256,3296.8878,63.3484,14.22,-9.0802,TCS
2025-05-15,3380.326493885743,3414.471205945195,3332.9982217379065,3395.406982421875,3548330,3261.9863,3295.946,66.8813,20.6393,-3.1363,TCS
2025-05-16,3408.6851728219754,3408.6851728219754,3363.3487722739774,3377.765380859375,1666727,3275.6204,3294.9738,61.3232,24.0261,2.2962,TCS
2025-05-19,3367.0476004136544,3367.0476004136544,3323.133665679634,3337.45556640625,2537377,3286.0488,3295.6482,56.9943,23.1902,6.475,TCS
2025-05-20,3349.785756293493,3374.6354708973113,3313.9337648440714,3318.01220703125,2038374,3294.4285,3295.7478,52.4349,20.72,9.324,TCS
2025-05-21,3327.212262398612,3354.7177229486574,3318.012206388427,3344.094970703125,1440153,3304.4538,3295.6292,56.6945,20.6292,11.585,TCS
2025-05-22,3314.8821689714327,3317.5379148748953,3273.4343323692665,3297.809814453125,2034383,3307.4888,3294.3004,54.0737,16.6307,12.5942,TCS
2025-05-23,3297.809582057325,3352.820498295267,3286.9971842477944,3333.471923828125,1274331,3312.8476,3292.6501,55.2081,16.1533,13.306,TCS
2025-05-26,3339.542185709067,3362.3053247198645,3329.204019365113,3355.002197265625,967470,3317.0825,3291.2483,56.486,17.3127,14.1073,TCS
2025-05-27,3349.9755052710357,3357.5632187597585,3303.5956991946746,3318.3916015625,2467680,3319.7003,3289.523,54.3254,15.1033,14.3065,TCS
2025-05-28,3338.593421360396,3347.1295977218288,3312.9848922760975,3317.442626953125,1222933,3320.8954,3288.051,53.9559,13.1244,14.0701,TCS
2025-05-29,3324.0822341714443,3350.4495836467595,3306.820233088302,3317.822509765625,3188072,3323.001,3287.8973,54.7486,11.4548,13.547,TCS
2025-05-30,3310.139637529337,3325.97894134562,3275.1414056184462,3284.910400390625,3404365,3324.5375,3286.9935,33.0527,7.3906,12.3158,TCS
2025-06-02,3272.201121116267,3281.6857620470387,3242.41944121709,3272.011474609375,1877585,3324.3241,3286.0848,41.2224,3.0933,10.4713,TCS
2025-06-03,3268.4070961095445,3294.4898573234195,3225.2519821011338,3229.709716796875,2848125,3321.7253,3284.3302,31.2321,-3.6833,7.6403,TCS
2025-06-04,3242.9152450223373,3248.465279476926,3224.7342507303856,3235.164306640625,2544807,3320.1058,3282.696,26.3278,-8.5156,4.4092,TCS
2025-06-05,3262.0528233362247,3262.0528233362247,3218.7054627680072,3225.78662109375,3584683,3317.8372,3279.6213,26.9867,-12.9525,0.9368,TCS
2025-06-06,3225.7868448606714,3244.7331673196672,3213.9212139850256,3238.322021484375,2070390,3316.6033,3276.5138,33.6101,-15.2812,-2.3068,TCS
2025-06-09,3253.440592826736,3285.9749987550035,3244.7327613227562,3274.396484375,1718678,3308.6321,3273.1631,43.1649,-14.0538,-4.6562,TCS
2025-06-10,3291.7168496023487,3335.5426613582063,3275.6409764041855,3313.629638671875,2419874,3307.621,3270.0508,45.4147,-9.8022,-5.6854,TCS
2025-06-11,3320.423693236899,3338.604687522634,3300.424692969312,3322.24169921875,2847013,3305.4424,3267.5271,54.1476,-5.6726,-5.6828,TCS
2025-06-12,3322.2418675324316,3324.9212188125916,3275.641152857228,3286.1669921875,4060134,3299.9804,3263.9898,41.9807,-5.2502,-5.5963,TCS
2025-06-13,3246.933943792306,3301.76403815699,3246.933943792306,3297.1708984375,2178493,3295.9507,3261.5272,39.8334,-3.9816,-5.2734,TCS
2025-06-16,3291.716884024651,3357.7426005937496,3278.5116939874692,3345.590087890625,1934088,3296.3574,3261.0829,54.5908,0.9202,-4.0347,TCS
2025-06-17,3358.6991651797816,3368.268108670322,3337.743272382211,3363.770751953125,2111940,3298.6453,3261.1321,57.3898,6.2004,-1.9876,TCS
2025-06-18,3367.4071820205213,3385.4923927635227,3294.683207501011,3302.625244140625,2696327,3296.5719,3262.6293,47.9695,5.389,-0.5123,TCS
2025-06-19,3301.2857490610854,3302.2426434811027,3265.88065552043,3276.406494140625,2672768,3295.5017,3265.5702,48.8431,2.6003,0.1102,TCS
2025-06-20,3277.3635707817734,3297.745469784743,3263.8712652626323,3287.602294921875,2351248,3293.2082,3269.2158,52.1309,1.2789,0.3439,TCS
2025-06-23,3267.7945867055305,3277.3635313225304,3224.73433592903,3247.317138671875,3123421,3287.824,3271.6973,52.4199,-2.9845,-0.3218,TCS
2025-06-24,3286.549557502439,3293.726265410323,3236.2168192617623,3244.254638671875,3403048,3284.1171,3274.9967,51.2576,-6.5352,-1.5644,TCS
2025-06-25,3260.426516604334,3301.2858630262535,3253.441140373699,3296.31005859375,1757699,3283.0605,3279.6236,58.7261,-5.0899,-2.2695,TCS
2025-06-26,3296.3096478451916,3302.625010278294,3268.0812649976842,3293.43896484375,2879106,3281.8413,3283.8764,56.9869,-4.1287,-2.6414,TCS
2025-06-27,3306.0705155665805,3316.979019479463,3283.1050474410818,3292.769775390625,1778433,3282.2343,3287.6302,52.5588,-3.3819,-2.7895,TCS
2025-06-30,3291.6210940950255,3315.5434551196317,3282.1479325760038,3312.7685546875,1468351,3284.2721,3291.3078,49.8733,-1.1629,-2.4642,TCS
2025-07-01,3306.0700701470973,3334.776901436363,3266.35895353028,3281.860595703125,2375183,3286.8797,3293.9366,44.4239,-1.8767,-2.3467,TCS
2025-07-02,3336.882278295821,3339.4658465866687,3272.5790179988544,3275.73681640625,3090585,3288.9083,3296.5796,48.4298,-2.9031,-2.4579,TCS
2025-07-03,3282.1480591402083,3287.2196465963534,3251.144771503511,3254.206787109375,2531870,3290.3293,3296.9215,43.7309,-5.3916,-3.0447,TCS
2025-07-04,3261.096050751665,3279.2770439923584,3243.967734776887,3272.387451171875,1109320,3292.0326,3297.8434,38.2848,-5.8296,-3.6017,TCS
2025-07-07,3270.95207089655,3278.415893704088,3261.478676465787,3264.636474609375,1639174,3291.5446,3297.73,33.5868,-6.7246,-4.2263,TCS
2025-07-08,3258.2253086430815,3277.363195918518,3247.125240576613,3259.37353515625,2325242,3288.8318,3297.5968,41.213,-7.7691,-4.9348,TCS
2025-07-09,3263.0097947012437,3266.837372173034,3221.8633368794976,3237.939208984375,2034938,3284.6166,3296.4847,42.0301,-10.2087,-5.9896,TCS
2025-07-10,3234.303008112803,3252.484001353674,3211.33754296644,3236.216796875,3035012,3282.1191,3295.6948,38.9186,-12.1411,-7.2199,TCS
2025-07-11,3157.6556670087216,3191.242753149758,3120.5283520064395,3125.217041015625,7635550,3273.5214,3293.1156,29.8228,-22.3714,-10.2502,TCS
2025-07-14,3125.217267735536,3130.9586344245786,3062.062234156067,3083.78369140625,3924009,3260.4311,3289.2656,26.4664,-33.4369,-14.8876,TCS
2025-07-15,3067.8036497758007,3118.901720676558,3067.8036497758007,3112.10791015625,2590889,3247.848,3285.8741,20.9652,-39.466,-19.8032,TCS
2025-07-16,3098.377172901335,3115.5636150516416,3092.2323599696115,3104.234130859375,2540733,3237.9284,3282.6077,20.6397,-44.3679,-24.7162,TCS
2025-07-17,3095.5933632665156,3112.779808234124,3076.390526695053,3081.287109375,2947640,3228.1724,3278.8103,19.305,-49.5334,-29.6796,TCS
2025-07-18,3096.4571730230687,3100.105758589483,3059.9717861781455,3062.756103515625,3432645,3216.9301,3274.8054,13.5574,-54.4942,-34.6425,TCS
2025-07-21,3062.8521341278406,3070.1493050764375,3026.3667482040605,3032.319580078125,3844346,3206.1803,3266.7754,13.5761,-60.1878,-39.7516,TCS
2025-07-22,3033.6640625,3053.3469689942053,3028.8633535989743,3033.6640625,3198036,3195.6507,3260.7716,14.1662,-63.8555,-44.5724,TCS
2025-07-23,3033.6641973444102,3055.1712804131353,3031.7439136986445,3052.386962890625,1922875,3183.4546,3254.5031,19.8744,-64.5077,-48.5594,TCS
2025-07-24,3038.944885626984,3047.2019644087272,3014.8452328363246,3022.5263671875,2934778,3169.9089,3247.0455,13.96,-66.6657,-52.1807,TCS
2025-07-25,3014.845292873372,3031.0715957495104,3001.019344529776,3010.812744140625,2568917,3155.8111,3239.7064,13.8022,-68.5311,-55.4508,TCS
2025-07-28,2986.041003699968,2993.72213811463,2947.539223682625,2956.564697265625,3374473,3138.0009,3232.0886,12.1103,-73.5391,-59.0684,TCS
2025-07-29,2938.033682139132,2951.475666305782,2919.9829708048537,2934.193115234375,4785312,3120.6175,3224.4122,12.0819,-78.4093,-62.9366,TCS
2025-07-30,2938.033974050545,2946.6752504448114,2925.7441118523307,2931.88916015625,2880121,3103.4251,3216.1681,12.0644,-81.5152,-66.6523,TCS
2025-07-31,2920.4633903186314,2937.8420514011964,2894.827650050853,2915.7587890625,2968371,3086.5027,3208.5271,15.8018,-84.3065,-70.1832,TCS
2025-08-01,2909.133383273443,2915.758501968501,2880.4252388236764,2883.3056640625,2053847,3067.0487,3199.5238,16.2791,-88.1214,-73.7708,TCS
2025-08-04,2889.1625521624956,2956.660327755159,2872.360072011628,2951.859619140625,2519252,3051.4098,3191.4609,26.2589,-84.6374,-75.9441,TCS
2025-08-05,2951.859809051624,2954.836342347973,2920.751308991888,2941.7783203125,1927996,3035.5301,3183.9286,26.0882,-81.7475,-77.1048,TCS
2025-08-06,2940.9142942671037,2944.562879940478,2905.3890481398157,2911.43798828125,1487081,3019.205,3175.8085,25.5325,-80.972,-77.8782,TCS
2025-08-07,2895.7876067904904,2929.9687479023937,2890.890789951502,2925.552001953125,2543076,3003.6718,3167.9631,29.9804,-78.3157,-77.9657,TCS
2025-08-08,2926.6083584758467,2937.841970823321,2904.4289887975438,2915.37451171875,2762140,2993.1796,3160.5724,31.8642,-76.154,-77.6034,TCS
2025-08-11,2915.3746004762743,2928.3365153663553,2900.876599282036,2919.599365234375,1884215,2984.9704,3153.5242,32.4676,-73.2555,-76.7338,TCS
2025-08-12,2919.791194448837,2972.9829560524563,2906.253101394714,2914.414306640625,3358232,2975.0857,3147.2183,27.8719,-70.5634,-75.4997,TCS
2025-08-13,2915.0864995163706,2923.0554886191444,2907.8854362960733,2915.182373046875,2148166,2965.6331,3140.8186,31.0122,-67.5888,-73.9175,TCS
2025-08-14,2913.0700372499637,2934.0970475783347,2898.7640190971856,2901.83642578125,3342174,2956.6606,3134.3396,30.8341,-65.5526,-72.2445,TCS
2025-08-18,2925.072007661826,2927.4723621732833,2883.6898021204543,2891.178955078125,2945609,2948.0818,3127.3968,36.418,-64.0605,-70.6077,TCS
2025-08-19,2891.1790271854784,2904.429031301108,2891.083153648401,2895.979736328125,2650784,2941.2648,3119.8284,41.4372,-61.7784,-68.8419,TCS
2025-08-20,2890.890836056874,2979.7039520714934,2890.890836056874,2975.095458984375,4952358,2938.3363,3113.0577,57.2023,-52.9752,-65.6685,TCS
2025-08-21,3005.2438266480435,3005.2438266480435,2960.2132701020532,2978.93603515625,3230726,2934.6638,3106.1916,60.9813,-45.168,-61.5684,TCS
2025-08-22,2962.997485687316,2972.3108139224278,2928.4323821601793,2932.27294921875,1593791,2930.1511,3099.1138,58.1107,-42.259,-57.7065,TCS
2025-08-25,2964.245782645686,3026.366909314735,2954.4523833109183,3015.42138671875,3448370,2930.3815,3093.4788,60.0425,-32.8653,-52.7383,TCS
2025-08-26,3004.283909445262,3035.9685911364395,2995.6426326203955,3031.35986328125,5522097,2934.1213,3087.1942,63.8964,-23.8596,-46.9626,TCS
2025-08-28,3019.6456977878825,3021.0859103623443,2963.477407383879,2970.390380859375,3116051,2935.9312,3079.3266,58.3514,-21.3956,-41.8492,TCS
2025-08-29,2969.7184911417403,2990.841610057071,2954.548204311535,2961.749267578125,2271789,2937.4242,3072.509,55.2086,-19.9106,-37.4615,TCS
2025-09-01,2966.8382982161247,3006.3002217717835,2966.8382982161247,2988.53759765625,1246862,2941.0631,3066.7517,60.0475,-16.3833,-33.2458,TCS
2025-09-02,2996.698656186325,3029.247369338668,2979.416103841445,2987.481201171875,2185229,2946.2719,3060.7492,59.404,-13.5173,-29.3001,TCS
2025-09-03,3005.1475613511693,3016.6692623196923,2964.917715899919,2974.0390625,1799774,2947.3809,3055.2837,58.0754,-12.1902,-25.8781,TCS
2025-09-04,2991.8017155695825,2993.7219990840686,2967.6061901689773,2972.310791015625,1481391,2948.9075,3049.8448,57.7172,-11.1493,-22.9324,TCS
2025-09-05,2973.6550115959403,2979.703716897792,2907.8853038462717,2926.800048828125,2802055,2949.6756,3042.4546,53.1026,-13.8372,-21.1134,TCS
2025-09-08,2928.432609909376,2942.7386295513115,2895.7877873726816,2898.668212890625,2626187,2948.3314,3034.5592,50.8921,-18.0296,-20.4966,TCS
2025-09-09,2911.246178939102,2938.034042622692,2909.997947659983,2927.8564453125,2489301,2948.9555,3027.2609,53.5884,-18.7804,-20.1534,TCS
2025-09-10,2934.5773210773896,2998.2347696750494,2931.696895660388,2986.041015625,2079428,2952.2776,3020.7264,51.2931,-14.5131,-19.0253,TCS
2025-09-11,3013.885194748687,3013.885194748687,2986.137189714118,2999.675048828125,2263446,2956.5406,3015.0827,52.3947,-9.9167,-17.2036,TCS
2025-09-12,3018.685897890405,3023.198517586115,2996.6026359147436,3008.50830078125,1447167,2961.2069,3009.7381,59.6453,-5.4979,-14.8625,TCS
2025-09-15,3009.0844623500607,3009.0844623500607,2972.5990732086116,2987.865234375,1732539,2965.5083,3004.4112,45.8586,-3.62,-12.614,TCS
2025-09-16,3003.323408916267,3024.4465275211764,2985.176823514983,3020.31787109375,2573429,2971.9653,2999.3699,48.419,0.4814,-9.9949,TCS
2025-09-17,3026.366894691811,3055.5551110798156,3017.1494398273812,3046.337890625,2418271,2979.4832,2995.0039,62.0838,5.7649,-6.8429,TCS
2025-09-18,3058.0514988629902,3075.334050504916,3035.392059613066,3050.082275390625,2633138,2983.2325,2990.8181,64.2768,10.1374,-3.4469,TCS
2025-09-19,3043.6495079786732,3053.730996885227,3018.685821162444,3042.88134765625,4901694,2986.4298,2986.9169,59.377,12.8732,-0.1829,TCS
2025-09-22,2971.6391408137306,2983.0647355072842,2942.834884198412,2951.2841796875,3634901,2987.3804,2981.2183,45.2411,7.563,1.3663,TCS
2025-09-23,2947.6353061603577,2957.9087764692863,2930.352753876681,2940.338134765625,3177741,2983.6262,2977.5207,45.54,2.4433,1.5817,TCS
2025-09-24,2928.432470591566,2935.153463147022,2912.1100600997443,2914.414306640625,1625714,2977.7789,2974.1333,42.7991,-3.6638,0.5326,TCS
2025-09-25,2901.548445826189,2908.845617084501,2833.3783797594588,2839.523193359375,4974361,2971.2356,2968.6816,39.8843,-14.381,-2.4501,TCS
2025-09-26,2823.7769658283983,2837.0269692313786,2776.057966398974,2783.547119140625,3934636,2962.3255,2962.2679,37.466,-27.0791,-7.3759,TCS
2025-09-29,2799.773476015783,2812.5434087793974,2778.6503565122343,2780.666748046875,3110035,2951.9319,2956.2554,33.0007,-36.9489,-13.2905,TCS
2025-09-30,2794.9727356006983,2799.101392157332,2770.105157137798,2773.2734375,2253458,2941.2215,2950.4658,22.1608,-44.8504,-19.6025,TCS
2025-10-01,2775.7699233020426,2808.222762784315,2752.342557318892,2798.045166015625,1952902,2932.4218,2945.7803,24.3652,-48.5538,-25.3928,TCS
2025-10-03,2807.454332770607,2807.454332770607,2775.8657645822723,2786.235107421875,2899519,2923.1181,2940.8317,21.953,-51.8442,-30.683,TCS
2025-10-06,2786.331441741774,2874.2805224330996,2780.18662812204,2869.28759765625,2112774,2920.2424,2937.1697,37.0735,-47.206,-33.9876,TCS
2025-10-07,2875.624405031906,2884.7457512248284,2837.6988077034384,2855.17333984375,3062943,2918.0677,2933.8227,31.2473,-44.16,-36.0221,TCS
2025-10-08,2856.4219038307547,2921.711547346886,2849.7009111158586,2906.541259765625,4121889,2917.0019,2931.7372,34.9897,-37.1726,-36.2522,TCS
2025-10-09,2913.070135429991,2943.794672125363,2899.628150625765,2939.666015625,3211304,2914.6832,2931.3993,38.848,-28.6321,-34.7282,TCS
2025-10-10,2928.4324419455565,2947.635277630445,2887.0502372807746,2907.597412109375,8817365,2910.0793,2930.8674,36.9899,-24.1727,-32.6171,TCS
2025-10-13,2906.349233459963,2914.5104387736105,2878.6971026918,2887.33837890625,2866865,2904.0208,2929.9763,42.8724,-22.0195,-30.4976,TCS
2025-10-14,2900.5884226064827,2906.5412549765147,2837.699133735008,2842.307861328125,3611416,2896.7429,2928.5073,39.8449,-23.6738,-29.1328,TCS
2025-10-15,2863.220385125294,2871.6047262713414,2843.9459294866183,2862.06396484375,4282226,2888.8302,2928.0825,44.5067,-23.1241,-27.9311,TCS
2025-10-16,2862.1601270799792,2867.075207263124,2836.332545372744,2862.93115234375,3251495,2879.6599,2926.3039,52.908,-22.3607,-26.817,TCS
2025-10-17,2862.2568312933195,2880.374867719902,2848.1863837329993,2854.73974609375,4374683,2869.8928,2924.5631,60.036,-22.1613,-25.8859,TCS
2025-10-20,2877.1943748710046,2913.333979311689,2870.4483153754104,2905.81689453125,3133039,2863.0396,2924.4507,65.5318,-17.6779,-24.2443,TCS
2025-10-21,2921.140221212513,2921.814780103732,2887.313457420898,2897.625244140625,310644,2860.3566,2923.8922,65.4022,-14.6173,-22.3189,TCS
2025-10-23,2944.1731825516827,2985.613263353556,2925.958915568601,2961.712890625,5564758,2861.4253,2924.819,68.4727,-6.9404,-19.2432,TCS
2025-10-24,2968.2662739630537,2977.9035021252716,2947.3535359078196,2952.07568359375,2684318,2863.3084,2925.4685,68.8102,-1.6155,-15.7176,TCS
2025-10-27,2955.2558763824863,2981.9509500743798,2949.184375870237,2972.98828125,1946312,2869.9817,2926.64,63.6922,4.2432,-11.7255,TCS
2025-10-28,2964.4114953280427,2978.096312781555,2929.9101701396817,2946.968017578125,3470737,2878.1527,2927.2757,61.7507,6.7092,-8.0385,TCS
2025-10-29,2946.96788369373,2964.4113606511696,2935.596142774,2946.678955078125,2895420,2886.4533,2928.1725,55.9111,8.5418,-4.7225,TCS
2025-10-30,2938.487165302022,2952.653842834952,2922.778437237614,2925.187744140625,2241536,2894.049,2928.8527,47.7921,8.1658,-2.1448,TCS
2025-10-31,2924.898585437403,2956.1231088421955,2915.357824198127,2947.064208984375,1868085,2901.5,2929.8744,56.2116,9.5233,0.1888,TCS
2025-11-03,2936.3668007969727,2947.0642176101555,2900.805524854993,2907.35888671875,2194877,2907.5562,2928.5197,52.9692,7.311,1.6133,TCS
2025-11-04,2910.0574685167057,2919.4055326440953,2868.039060214524,2881.723876953125,2670720,2908.178,2926.5754,56.2026,3.4494,1.9805,TCS
2025-11-06,2881.627605776501,2914.2977142131544,2881.531139384038,2901.6728515625,2542721,2910.503,2925.9634,56.2292,1.976,1.9796,TCS
2025-11-07,2892.1320716871546,2895.023240036059,2853.1012989769483,2883.265869140625,1830520,2909.3392,2923.3203,53.0308,-0.6692,1.4498,TCS
2025-11-10,2884.422275161144,2937.3305615709287,2883.4585523829414,2915.4541015625,1556656,2908.1286,2921.0022,58.445,-0.1663,1.1266,TCS
2025-11-11,2934.5359333014544,2944.847720230334,2908.5154176367123,2936.46337890625,2806868,2909.5719,2920.3237,54.6519,1.9055,1.2824,TCS
2025-11-12,2948.991669923252,3022.619995280987,2946.1969680097523,3018.18701171875,4460315,2916.1143,2921.4524,64.9606,10.0263,3.0312,TCS
2025-11-13,3018.186949242595,3018.2831803470704,2989.4679642954256,2993.03369140625,1740435,2923.6506,2921.5423,54.3023,14.2679,5.2785,TCS
2025-11-14,2977.9034333434784,3000.1655239975616,2965.6642009169345,2993.322998046875,2210794,2930.2136,2921.6592,55.8152,17.4516,7.7131,TCS
2025-11-17,2993.323082448971,3010.188231818854,2974.626953832486,2989.660888671875,2232853,2936.5501,2921.9716,52.4708,19.4549,10.0615,TCS
2025-11-18,2989.4680176661295,2992.3591859617445,2966.338671301208,2975.108642578125,2548350,2942.5685,2922.0276,54.317,19.6419,11.9776,TCS
2025-11-19,2984.6495543039355,3040.5454775036865,2971.639296317787,3033.51025390625,3151053,2948.9532,2924.1618,61.3049,24.2234,14.4268,TCS
2025-11-20,3033.79944214396,3049.7008686990343,3024.2586803244717,3030.715576171875,2700767,2955.6077,2926.8027,64.4421,27.3139,17.0042,TCS
2025-11-21,3030.715536432949,3055.0013041600305,3021.463703354114,3036.30517578125,4177037,2959.3373,2928.9717,62.783,29.8699,19.5773,TCS
2025-11-24,3043.4364388360186,3063.578150159984,3017.415924634444,3027.245849609375,6703764,2963.0958,2929.7958,68.8256,30.8093,21.8237,TCS
2025-11-25,3031.197695489111,3035.534448554938,3001.9968444557608,3006.04443359375,2737920,2964.7486,2929.9232,69.7975,29.503,23.3596,TCS
2025-11-26,3005.658657913636,3062.71099952004,3003.923909850209,3048.15869140625,2508527,2969.8082,2930.7162,71.789,31.5028,24.9882,TCS
2025-11-27,3064.6384631299097,3064.6384631299097,3011.6337098367826,3022.81298828125,2836233,2973.6149,2931.4151,70.3371,30.6887,26.1283,TCS
2025-11-28,3026.0897270293826,3033.124950840084,3011.6338843843378,3023.680419921875,1616690,2978.5395,2931.4824,67.3571,29.7704,26.8567,TCS
2025-12-01,3024.0657566161144,3039.581788202742,3008.935355329588,3019.72900390625,1747647,2982.1727,2930.9502,64.1269,28.3964,27.1647,TCS
2025-12-02,3017.416350282513,3029.9447477765,3007.2007935969305,3021.94580078125,2512003,2987.9021,2930.3875,50.8733,27.1732,27.1664,TCS
2025-12-03,3026.0892756240173,3095.380843586067,3025.125552924774,3064.63818359375,3952112,2997.0478,2930.8226,65.383,29.3108,27.5953,TCS
2025-12-04,3078.130714428876,3132.0991928283806,3071.7700496468055,3112.0537109375,5025905,3007.5668,2934.038,71.2122,34.434,28.963,TCS
2025-12-05,3112.824571063191,3152.915532717371,3105.5001838412545,3120.72705078125,5244013,3019.4399,2937.6458,73.0041,38.7474,30.9199,TCS
2025-12-08,3125.353065437683,3141.6398867746047,3092.2010949656524,3119.0888671875,2544725,3029.6216,2941.7393,76.4707,41.5545,33.0468,TCS
2025-12-09,3112.824602659864,3116.390329915732,3065.794883587669,3091.911865234375,2734893,3037.3941,2946.787,62.1298,41.1124,34.6599,TCS
2025-12-10,3108.005961204973,3108.005961204973,3062.8074569989867,3073.504638671875,1386849,3040.1599,2952.5862,58.3458,38.829,35.4938,TCS
2025-12-11,3088.73179730002,3092.0083609433445,3038.714674477584,3076.10693359375,1914362,3044.3136,2958.495,57.8547,36.8052,35.756,TCS
2025-12-12,3081.696505591174,3106.0787407149996,3070.131831409176,3103.66943359375,1146554,3049.8309,2965.1029,64.0554,36.9989,36.0046,TCS
2025-12-15,3094.610369719165,3120.727116365754,3081.31094805451,3113.017333984375,1562190,3055.9987,2971.4024,70.5708,37.4746,36.2986,TCS
2025-12-16,3103.187500999765,3103.187500999765,3075.3360054304358,3088.828125,1734623,3061.6847,2977.4542,58.3998,35.4907,36.137,TCS
2025-12-17,3084.394687896739,3119.474102184826,3084.394687896739,3101.067138671875,1376350,3065.0626,2982.0898,67.0875,34.5083,35.8113,TCS
2025-12-18,3110.897128527372,3168.5277977297296,3104.1510690788923,3161.78173828125,2307422,3071.6159,2988.222,73.9072,38.1886,36.2867,TCS
2025-12-19,3179.3215200364916,3197.5357868591873,3159.854366515901,3162.938232421875,3902511,3077.9475,2993.3499,75.0337,40.7291,37.1752,TCS
2025-12-22,3189.9226061933546,3207.8479451634685,3171.6118722000997,3204.281982421875,2632816,3086.7993,2998.6422,78.038,45.5534,38.8509,TCS
2025-12-23,3199.4631245744913,3199.4631245744913,3174.0209376032617,3189.92236328125,2365420,3095.9932,3004.2887,71.1039,47.6686,40.6144,TCS
2025-12-24,3184.2368148202168,3206.4024407323423,3176.5270318942603,3198.59619140625,1367708,3103.5151,3010.5139,66.7663,49.4744,42.3864,TCS
2025-12-26,3192.910060559104,3199.5596536775915,3153.108262388808,3161.0107421875,1176664,3110.425,3016.888,57.0181,47.3272,43.3746,TCS
2025-12-29,3161.010777477703,3168.7205598617948,3125.2565675579217,3133.544677734375,2079473,3115.9182,3022.3176,52.3105,42.9145,43.2826,TCS
2025-12-30,3132.099002526,3148.9641510011397,3121.9799134409154,3129.01513671875,2807593,3121.3825,3027.6392,56.3932,38.6069,42.3474,TCS
2025-12-31,3122.461816571668,3128.2441532690227,3082.4673210816295,3089.887939453125,3362634,3124.7796,3032.3422,52.6348,31.6708,40.2121,TCS
2026-01-01,3098.368779137981,3116.775978595714,3082.1781891606697,3110.31884765625,1255735,3127.0636,3036.4323,55.2037,27.5054,37.6708,TCS
2026-01-02,3116.679314934201,3136.242933448354,3102.7053353217875,3132.7734375,1184324,3128.0996,3041.1352,54.4967,25.7197,35.2806,TCS
2026-01-05,3122.94369701057,3129.207895137578,3075.2394189664337,3099.428955078125,2341703,3127.0347,3043.8895,48.0455,21.3676,32.498,TCS
2026-01-06,3093.5499289616628,3144.819930571793,3088.7313153651494,3137.6884765625,2912325,3127.9647,3047.6018,56.7545,20.7664,30.1517,TCS
2026-01-07,3125.2565425983025,3180.8635358265738,3106.271250685878,3176.044921875,1989442,3132.1714,3051.6629,59.667,23.1185,28.745,TCS
2026-01-08,3167.66037916829,3167.66037916829,3066.565951499233,3087.67138671875,4159336,3132.8797,3054.477,41.081,17.648,26.5256,TCS
2026-01-09,3075.239584998998,3112.5356118812538,3075.239584998998,3091.43017578125,1938673,3133.6459,3057.372,41.4477,13.4608,23.9127,TCS
2026-01-12,3086.804068110982,3134.026484388671,3059.145271347969,3122.076416015625,2228342,3134.5662,3061.3098,39.9101,12.4716,21.6244,TCS
2026-01-13,3127.2804209827063,3161.0107182814413,3094.0319850739534,3149.446044921875,5645341,3136.3876,3065.3574,45.1857,13.7377,20.0471,TCS
2026-01-14,3141.736098705462,3141.736098705462,3067.529448521315,3076.684814453125,3539511,3135.7805,3068.7439,37.4179,8.7688,17.7915,TCS
2026-01-15,3076.684814453125,3076.684814453125,3076.684814453125,3076.684814453125,0,3134.5614,3072.6432,40.565,4.7759,15.1883,TCS
2026-01-16,3159.0110444402844,3161.464149941515,3111.519017760894,3146.54931640625,4293470,3133.7997,3077.5407,51.329,7.1664,13.584,TCS
2026-01-19,3128.2002715520307,3159.600023336744,3092.973770842994,3104.258056640625,3387562,3130.8657,3081.9605,47.6513,5.5839,11.9839,TCS
2026-01-20,3092.4832014713097,3100.7255406282875,3033.118044759914,3044.10791015625,4499273,3122.857,3084.5336,45.8235,-0.5179,9.4836,TCS
2026-01-21,3041.8509292683366,3079.6287553253787,3024.188569033875,3064.027099609375,2015150,3116.5623,3087.0849,45.7728,-3.7035,6.8462,TCS
2026-01-22,3090.9130188550284,3100.7254411371077,3063.7326570458863,3091.305419921875,2269827,3111.1977,3088.5473,46.2464,-3.9812,4.6807,TCS
2026-01-23,3130.457047950816,3134.578217290946,3092.875423666008,3103.178466796875,2068857,3108.3061,3090.7502,50.3531,-3.2062,3.1033,TCS
2026-01-27,3115.4440572399217,3115.4440572399217,3071.2881572160486,3098.762939453125,4279874,3106.567,3092.859,46.0844,-2.9148,1.8997,TCS
2026-01-28,3116.425451779539,3145.0776781720924,3111.1268393421374,3140.073486328125,2751234,3107.1199,3095.8672,46.4029,0.6423,1.6482,TCS
2026-01-29,3140.07335254898,3140.07335254898,3066.9708064954257,3085.41796875,2457641,3106.8964,3098.0734,49.7584,-0.9382,1.1309,TCS
2026-01-30,3082.082073579965,3082.082073579965,3034.001200735196,3065.302734375,3022068,3104.6456,3098.7092,47.2933,-3.7704,0.1507,TCS
2026-02-02,3138.0126916764966,3138.0126916764966,3075.2131881532646,3110.1455078125,2636272,3103.5142,3100.2978,48.7993,-2.3692,-0.3533,TCS
2026-02-03,3287.1616459496977,3287.1616459496977,3126.532332237451,3164.80078125,4366060,3106.7828,3102.8677,51.4648,3.1156,0.3405,TCS
2026-02-04,3061.475843095512,3061.475843095512,2929.9893806035893,2942.84375,10852595,3097.0406,3101.1797,40.0612,-10.3287,-1.7934,TCS
2026-02-05,2933.9143670738968,2972.869637012123,2916.5464269268496,2935.38623046875,3521545,3085.0077,3099.7665,39.6224,-21.3392,-5.7025,TCS
2026-02-06,2920.765595757455,2929.0079343210614,2861.302223276454,2886.422119140625,4687389,3074.9452,3096.5318,30.29,-33.6284,-11.2877,TCS
2026-02-09,2903.5941220720847,2921.15826303242,2882.3991930324937,2892.8984375,2380318,3065.0186,3093.9335,33.066,-42.3569,-17.5016,TCS
2026-02-10,2894.468444356794,2955.109263473934,2888.2865702537815,2928.61572265625,3547763,3055.3456,3092.0322,40.3698,-45.8635,-23.1739,TCS
2026-02-11,2924.1019081110685,2941.76426862986,2849.723697569715,2855.21875,3363513,3040.6342,3088.742,34.0144,-53.9432,-29.3278,TCS
2026-02-12,2815.9690535680857,2825.977676593803,2688.603761759382,2698.514404296875,10612156,3021.7257,3082.2734,24.9029,-72.1593,-37.8941,TCS
2026-02-13,2536.5113141072056,2662.110326952746,2536.5113141072056,2641.700439453125,11168735,2999.9765,3073.8146,22.1155,-90.1411,-48.3435,TCS
2026-02-16,2649.3540277067937,2668.7826718221954,2620.898002964758,2655.830322265625,2918730,2975.4405,3064.6902,23.5467,-102.0749,-59.0898,TCS
2026-02-17,2665.0538469624375,2708.228504276998,2644.6439610469733,2666.427490234375,4209118,2953.549,3055.6042,20.6351,-109.4162,-69.155,TCS
2026-02-18,2678.7913077273606,2678.7913077273606,2607.4550449905755,2644.349609375,2950820,2933.5611,3046.1094,21.5037,-115.6822,-78.4605,TCS
2026-02-19,2657.2039438116426,2697.140454434555,2616.5806115438327,2627.66845703125,3238849,2911.7432,3036.8245,21.5996,-120.6038,-86.8891,TCS
2026-02-20,2616.973184248376,2651.905505554349,2597.838959616639,2635.81298828125,2293482,2888.9685,3028.0707,17.6785,-122.4357,-93.9984,TCS
2026-02-23,2635.616634548502,2653.2789947204583,2610.3005370564806,2626.0986328125,4699596,2865.1145,3019.0705,10.8975,-123.2506,-99.8489,TCS
2026-02-24,2591.460746119642,2597.8388206557183,2513.255787797201,2525.423095703125,7798833,2836.4475,3007.5056,13.2262,-130.5155,-105.9822,TCS
2026-02-25,2547.3048106742554,2604.4130601353972,2546.3235684513456,2579.980224609375,3621285,2808.4429,2996.8449,21.0888,-130.368,-110.8594,TCS
2026-02-26,2600.292061423079,2620.8981494569975,2585.573427113137,2598.03515625,3464267,2784.0737,2987.029,25.2984,-127.3264,-114.1528,TCS
2026-02-27,2631.299321894741,2638.168017666852,2576.8403768444346,2587.92822265625,5083717,2760.205,2976.7662,24.0394,-124.2987,-116.1819,TCS
2026-03-02,2543.37985460111,2574.5834053591284,2531.8993684474203,2564.4765625,3374385,2732.9216,2964.8201,18.3416,-122.3808,-117.4217,TCS
2026-03-04,2575.7609535201655,2585.5733762002424,2531.997452542583,2539.2587890625,3446434,2701.6445,2952.3465,20.0186,-121.4952,-118.2364,TCS
2026-03-05,2551.229777430436,2560.551578540278,2498.6350985020495,2530.427490234375,2960636,2681.0237,2938.8694,27.8281,-120.1212,-118.6134,TCS
2026-03-06,2523.7550365456814,2570.069622274581,2505.7002751879877,2509.625244140625,3998643,2659.7356,2925.2635,30.7494,-119.3353,-118.7578,TCS
2026-03-09,2482.54302502939,2511.9802941008847,2458.0119674698108,2479.99169921875,3653428,2639.4141,2910.8914,25.4789,-119.7236,-118.9509,TCS
2026-03-10,2493.3365235176843,2497.45769299971,2443.39138949283,2465.9599609375,4323710,2618.0672,2896.9904,22.3096,-119.7828,-119.1173,TCS
2026-03-11,2461.053921737681,2473.711851651557,2413.954291083466,2418.6640625,2720664,2592.5696,2882.6928,20.8566,-122.2369,-119.7412,TCS
2026-03-12,2413.6596961153996,2426.513825649523,2390.3060830242093,2396.5859375,2752075,2569.6379,2868.0442,20.5699,-124.528,-120.6986,TCS
2026-03-13,2391.287343235487,2400.0203033629555,2352.0376535639975,2365.284423828125,2466488,2552.9764,2853.5521,17.4652,-127.4008,-122.039,TCS
2026-03-16,2364.793830777467,2379.5124645789865,2321.7173916761253,2364.0087890625,3807907,2539.0919,2838.6259,17.827,-128.3014,-123.2915,TCS
2026-03-17,2374.6063631722786,2374.6063631722786,2315.7318252423875,2346.837158203125,2993367,2523.6422,2822.9072,22.4243,-128.9148,-124.4162,TCS
2026-03-18,2364.793804301608,2436.326267951688,2364.793804301608,2395.01611328125,3082388,2510.0716,2808.8189,20.8655,-124.0829,-124.3495,TCS
2026-03-19,2371.6624152761565,2378.5311107279285,2306.115387909886,2311.806640625,2757060,2493.4445,2792.3013,12.593,-125.521,-124.5838,TCS
2026-03-20,2341.2440023374425,2362.6351312433567,2319.8528734315287,2345.7578125,4206320,2479.349,2775.6956,20.2077,-122.5089,-124.1688,TCS
2026-03-23,2320.6378037995523,2361.6537756859007,2303.956686393805,2339.085205078125,3860515,2464.5126,2760.7238,21.0778,-119.2851,-123.1921,TCS
2026-03-24,2359.0045869106293,2389.7172776589064,2334.47353068287,2353.803955078125,3420182,2450.8978,2745.9713,25.5435,-114.2259,-121.3988,TCS
2026-03-25,2355.864368126978,2376.1762738846405,2325.3478785890734,2332.80517578125,5843778,2441.2669,2730.1859,24.7493,-110.6355,-119.2462,TCS
2026-03-27,2358.8080275261386,2376.6668272056972,2340.262645780238,2344.97265625,4979411,2429.5166,2714.0964,28.4872,-105.5911,-116.5151,TCS
2026-03-30,2330.5484146912077,2353.0187649541185,2302.1903717438945,2314.652099609375,6804756,2415.3474,2698.8558,28.4362,-102.8543,-113.783,TCS
2026-04-01,2383.437228779803,2425.6306420517385,2352.9205014959025,2363.02734375,4132661,2404.1024,2684.5826,37.6791,-95.679,-110.1622,TCS
2026-04-02,2341.24390183887,2423.570027038862,2331.1370592120925,2404.730224609375,5378361,2396.115,2669.7462,48.3095,-85.6402,-105.2578,TCS
2026-04-06,2427.593337237373,2435.4432752720936,2402.2772391631793,2427.4951171875,2572417,2390.5269,2656.211,53.7438,-74.9831,-99.2029,TCS
2026-04-07,2414.837240451596,2496.182129281132,2402.0810908677395,2492.1591796875,4516550,2388.6134,2645.172,64.2181,-60.6207,-91.4864,TCS
2026-04-08,2523.755016821873,2531.899375247164,2492.453485493659,2511.195068359375,4769337,2388.6919,2634.1154,65.8629,-47.1587,-82.6209,TCS
2026-04-09,2506.0927992754805,2556.136155878084,2483.622446743067,2540.436279296875,5628261,2391.7142,2623.098,70.336,-33.7415,-72.845,TCS
2026-04-10,2517.671257898199,2517.671257898199,2454.1849361455575,2476.94970703125,10480239,2392.2636,2610.5734,58.3383,-27.9093,-63.8579,TCS
2026-04-13,2443.195026142192,2457.9136601554055,2423.6684008424363,2426.2197265625,3739587,2392.6414,2597.1225,62.4679,-27.0688,-56.5,TCS
2026-04-15,2454.9699887251027,2510.9990192902537,2446.629429262826,2506.975830078125,5261384,2398.1609,2584.4606,65.9421,-19.6597,-49.132,TCS
2026-04-16,2523.754997213638,2545.3423261167095,2510.0176060935014,2528.56298828125,3905403,2406.3249,2573.3235,68.1998,-11.9087,-41.6873,TCS
2026-04-17,2521.7923752088177,2540.435976426315,2507.9567647966655,2533.07666015625,2718206,2414.7782,2562.679,67.5639,-5.3403,-34.4179,TCS
2026-04-20,2538.571963483115,2545.3424392975157,2513.15764504414,2531.212646484375,2288558,2423.997,2551.1003,70.1958,-0.2819,-27.5907,TCS
2026-04-21,2511.9802240950007,2564.9673069470045,2511.9802240950007,2561.532958984375,2719959,2432.3229,2539.035,71.258,6.1032,-20.8519,TCS
2026-04-22,2531.6050998221144,2531.6050998221144,2456.6382849386455,2490.883544921875,5232045,2441.2767,2529.9957,66.03,5.4003,-15.6015,TCS
2026-04-23,2481.5617226658205,2511.4896121641627,2469.0999936393873,2474.496826171875,2509050,2447.7137,2520.778,60.7658,3.4809,-11.785,TCS
2026-04-24,2441.3307179215667,2458.0118361710306,2343.991534636913,2351.939453125,5107719,2448.3564,2510.0883,45.5902,-7.8393,-10.9959,TCS
2026-04-27,2351.9393059532576,2412.874541687738,2351.9393059532576,2401.6884765625,5853425,2450.7506,2500.2641,47.9373,-12.6504,-11.3268,TCS
2026-04-28,2398.155951805419,2440.349366669426,2381.867235359066,2398.8427734375,4508363,2454.0525,2489.6686,41.7232,-16.5027,-12.3619,TCS
2026-04-29,2405.024637022461,2441.2323784506298,2401.688509360205,2428.280029296875,2835961,2458.2178,2481.1299,42.779,-16.9845,-13.2865,TCS
2026-04-30,2432.4995485090735,2444.2744555611544,2392.26861608113,2427.4951171875,3970446,2463.86,2475.7095,39.6511,-17.231,-14.0754,TCS
2026-05-01,2427.4951171875,2427.4951171875,2427.4951171875,2427.4951171875,0,2467.0834,2471.4254,44.8718,-17.2278,-14.7059,TCS
2026-05-04,2447.2181772447047,2451.4375668418284,2379.512461835769,2385.6943359375,2632358,2466.1316,2466.0227,45.7184,-20.3635,-15.8374,TCS
2026-05-05,2384.418837601779,2414.248508305356,2366.9526763935437,2381.76953125,3385720,2463.8453,2460.3295,34.2079,-22.9013,-17.2502,TCS
2026-05-06,2396.0953597954776,2424.6496051586114,2361.3594798924314,2389.71728515625,3147628,2458.7232,2455.2369,31.8636,-23.9946,-18.5991,TCS
2026-05-07,2392.4647422177254,2393.9366055534624,2353.018852732181,2356.35498046875,5829594,2450.9812,2449.8106,28.5339,-27.2391,-20.3271,TCS
2026-05-08,2353.018651512491,2361.8498307717123,2330.5483023329007,2349.486083984375,3792199,2441.4337,2444.084,28.1912,-30.0186,-22.2654,TCS
2026-05-11,2326.5252955775945,2369.699953108347,2326.5252955775945,2348.014404296875,1975188,2434.9869,2438.5224,22.4696,-31.9716,-24.2066,TCS
2026-05-12,2330.450360002076,2330.450360002076,2240.176072372522,2257.151611328125,6347884,2426.5335,2433.1569,21.3564,-40.3857,-27.4424,TCS
2026-05-13,2262.7444282326155,2265.8843552424923,2226.4384681959255,2230.167236328125,3171843,2412.6931,2426.1607,20.8157,-48.6703,-31.688,TCS
2026-05-14,2222.513720137884,2222.513720137884,2165.012827845418,2203.8701171875,5633313,2396.4585,2418.2774,27.0319,-56.7042,-36.6912,TCS
2026-05-15,2209.7575636145925,2261.665183205434,2209.7575636145925,2221.532470703125,3410637,2380.8812,2410.9495,18.9655,-60.9434,-41.5417,TCS
2026-05-18,2221.5322685970373,2249.8900714309348,2209.953563101145,2240.3720703125,3773336,2366.3392,2404.4674,24.1268,-62.0673,-45.6468,TCS
2026-05-19,2256.857213357978,2333.0017090765828,2254.0117066090534,2283.448974609375,10394707,2352.435,2399.3512,27.362,-58.8043,-48.2783,TCS
2026-05-20,2280.308816116464,2298.0693970332622,2274.3233820043192,2283.7431640625,2537422,2342.078,2394.4175,27.4961,-55.5541,-49.7335,TCS
2026-05-21,2287.275643394801,2292.0836345084317,2270.594525446405,2283.546875,3299087,2332.5305,2389.8959,27.4792,-52.3903,-50.2648,TCS
2026-05-22,2287.373709336333,2296.1066687906364,2264.805139514887,2273.83251953125,2617262,2328.6252,2385.7727,30.546,-50.0894,-50.2297,TCS
2026-05-25,2312.3217190072714,2313.415817804508,2280.496215777924,2295.61328125,3298364,2323.3214,2382.3658,35.8926,-45.9783,-49.3795,TCS
2026-05-26,2295.613098349941,2315.205623652634,2260.008270887014,2263.78759765625,3587597,2316.5686,2379.2683,30.8755,-44.7723,-48.458,TCS
2026-05-27,2262.5943570616037,2283.0821217701528,2248.571147658945,2271.744140625,2653950,2308.7418,2376.7714,36.076,-42.6824,-47.3029,TCS
2026-05-28,2271.744140625,2271.744140625,2271.744140625,2271.744140625,0,2300.9543,2374.9006,36.9105,-40.5587,-45.9541,TCS
2026-05-29,2278.507085795833,2321.2726050840133,2222.81245602518,2246.58203125,16331582,2291.9086,2372.5521,34.1835,-40.4398,-44.8512,TCS
2026-06-01,2271.5452382799426,2322.267132829976,2267.5670504720965,2284.8720703125,7505095,2286.8675,2371.3128,55.1702,-36.8313,-43.2472,TCS
2026-06-02,2307.34897134468,2443.9996279549005,2303.569644295269,2433.556884765625,11306127,2289.4569,2372.0836,76.0903,-21.7236,-38.9425,TCS
2026-06-03,2379.9508308808004,2379.9508308808004,2212.6680838914085,2229.475830078125,15660062,2281.4448,2370.437,52.2558,-25.9194,-36.3379,TCS
2026-06-04,2229.4759194813155,2240.8139007540485,2204.5129359355733,2228.77978515625,4867263,2275.0661,2368.0974,50.6581,-28.9669,-34.8637,TCS
2026-06-05,2250.560184151513,2259.4117976453776,2180.0469028924485,2186.9091796875,5019717,2266.9372,2365.0539,45.3399,-34.3645,-34.7638,TCS
2026-06-08,2158.1668832997775,2165.128711955583,2131.6125282744956,2139.668212890625,6536734,2256.5199,2360.7712,37.5578,-41.9703,-36.2051,TCS
2026-06-09,2162.145087858845,2162.145087858845,2121.169801728995,2139.2705078125,4148655,2250.6259,2356.9005,37.5001,-47.4827,-38.4606,TCS
2026-06-10,2139.568864676436,2168.907999188303,2133.1043096144995,2142.154541015625,2848650,2246.2252,2352.8441,37.8233,-51.0303,-40.9746,TCS
2026-06-11,2115.4013888441136,2142.8509821277357,2098.494090484758,2123.95458984375,3079815,2242.2294,2349.0302,37.2784,-54.6801,-43.7157,TCS
2026-06-12,2138.276030955957,2156.177876796519,2126.3414670622496,2149.61376953125,2124656,2238.6335,2344.7619,37.6887,-54.8696,-45.9465,TCS
2026-06-15,2180.046856932239,2180.046856932239,2147.525221086398,2150.21044921875,3337083,2234.1254,2339.6715,39.8902,-54.3452,-47.6262,TCS
2026-06-16,2155.183285992923,2196.954258771743,2148.818282502735,2187.0087890625,3079898,2229.3034,2334.8618,42.8259,-50.3796,-48.1769,TCS
2026-06-17,2196.9542720106556,2218.8343055028395,2188.6994835403766,2210.8779296875,2865010,2225.6602,2329.2362,45.0469,-44.7943,-47.5004,TCS
2026-06-18,2196.9542695909468,2201.927004470057,2170.101501243751,2191.285400390625,3735188,2221.0471,2322.838,45.459,-41.4709,-46.2945,TCS
2026-06-19,2093.521413717831,2126.341464384191,2048.6672473500757,2113.412353515625,13286502,2213.0261,2314.2975,36.7791,-44.6066,-45.9569,TCS
2026-06-22,2120.5729308842238,2145.237743488044,2109.434053749718,2116.197021484375,4566101,2204.0553,2307.0824,18.4247,-46.3328,-46.0321,TCS
2026-06-23,2099.4885101234904,2102.4721508294924,2043.7938836114508,2048.368896484375,6392736,2193.2843,2299.5254,25.2783,-52.5681,-47.3393,TCS
2026-06-24,2049.7612582514666,2109.1356624395376,2049.7612582514666,2097.49951171875,4747277,2184.5721,2291.3359,34.1726,-52.9349,-48.4584,TCS
2026-06-25,2121.965363861958,2136.78401555451,2076.61392807904,2083.27734375,4738903,2175.1488,2282.4302,36.6135,-53.7536,-49.5175,TCS
2026-06-26,2083.27734375,2083.27734375,2083.27734375,2083.27734375,0,2166.9835,2273.4342,41.7032,-53.7825,-50.3705,TCS
2026-06-29,2078.6031371123327,2093.521341445675,2059.706744956766,2086.4599609375,3412470,2157.0629,2264.5392,42.2932,-52.9383,-50.884,TCS
2026-06-30,2078.60311543387,2092.8251853118586,2007.791421498655,2020.422119140625,6848411,2136.4062,2253.7169,35.0,-56.9416,-52.0955,TCS
2026-07-01,2028.776408877907,2040.8104030555382,1966.0205187179013,1971.788818359375,4658295,2123.5218,2243.335,32.5581,-63.3088,-54.3382,TCS
2026-07-02,1997.0503819057583,2065.5745732846704,1991.580373389582,2056.82275390625,6040621,2114.924,2234.9816,40.6382,-60.7925,-55.629,TCS
2026-07-03,2088.5485393778363,2105.0581154318793,2073.6303355251375,2082.083984375,4028819,2109.6827,2229.5844,43.4525,-56.1131,-55.7259,TCS
2026-07-06,2078.6031065753987,2081.5867473982344,2039.4180542258837,2046.3798828125,2567386,2105.0183,2222.4783,36.4559,-54.6556,-55.5118,TCS
2026-07-07,2038.8212111731864,2111.124724588052,2037.8266642409067,2084.669921875,4769048,2102.2883,2216.1948,38.1733,-49.8364,-54.3767,TCS
2026-07-08,2082.5813599967723,2098.1956989000228,2037.6278854106638,2046.2803955078125,3666985,2097.4946,2208.5548,36.8743,-48.5552,-53.2124,TCS
2026-07-09,2046.280350211656,2053.7394523387943,2005.006651774823,2038.323974609375,3791498,2093.213,2200.7714,42.2181,-47.6327,-52.0965,TCS
2026-07-10,2093.7200783959847,2121.666943317309,2053.341620075063,2057.717529296875,6714551,2088.6182,2193.3759,44.1411,-44.8201,-50.6412,TCS
2026-07-13,2063.684994131224,2192.8765503750355,2053.8390761022306,2169.604248046875,12382622,2089.5879,2189.0541,61.161,-33.1802,-47.149,TCS
2026-07-14,2170.996422535663,2215.850586742918,2167.1177865856457,2188.60009765625,9546290,2089.6675,2185.1907,58.8794,-22.1672,-42.1526,TCS
2026-07-15,2174.10009765625,2202.89990234375,2145.39990234375,2189.199951171875,5426489,2088.5836,2181.1803,60.6057,-13.2384,-36.3698,TCS
2026-07-16,2206.0,2231.39990234375,2187.800048828125,2201.0,5197595,2089.0693,2178.0732,61.5151,-5.1506,-30.126,TCS
2026-07-17,2224.800048828125,2275.0,2215.10009765625,2269.0,5615138,2096.8487,2176.4635,65.846,6.6691,-22.7669,TCS
2026-07-20,2280.10009765625,2283.39990234375,2245.10009765625,2251.10009765625,2202693,2103.5938,2174.5252,71.8509,14.4257,-15.3284,TCS
2026-07-21,2245.10009765625,2259.89990234375,2218.5,2221.10009765625,2382160,2112.2304,2173.8042,74.4801,17.9452,-8.6737,TCS
2026-07-22,2216.0,2226.800048828125,2201.0,2208.300048828125,1599665,2117.7704,2173.3668,67.3324,19.4771,-3.0435,TCS
2026-07-23,2204.0,2250.0,2193.60009765625,2242.89990234375,2503539,2125.7516,2174.1474,68.0159,23.2154,2.2082,TCS
2026-07-24,2205.10009765625,2264.300048828125,2205.10009765625,2254.300048828125,3211699,2134.3027,2174.8028,74.6344,26.7891,7.1244,TCS
2026-07-27,2286.0,2315.0,2272.39990234375,2295.60009765625,4007292,2144.7597,2175.9073,74.814,32.5784,12.2152,TCS
2026-07-28,2325.0,2417.39990234375,2323.0,2398.0,8248513,2163.6386,2178.1984,85.9608,44.9115,18.7545,TCS
2026-07-29,2440.0,2475.5,2415.10009765625,2446.60009765625,7169419,2187.3792,2181.4555,88.5402,57.9393,26.5914,TCS
2026-07-30,2440.0,2495.0,2423.0,2431.800048828125,4901582,2206.128,2184.4206,85.6213,66.3054,34.5342,TCS
2026-07-31,2385.0,2391.0,2326.10009765625,2365.60009765625,4343683,2220.3038,2186.2559,70.442,66.8235,40.9921,TCS
2026-08-03,2383.89990234375,2473.699951171875,2383.0,2473.699951171875,3036839,2241.6698,2189.8176,75.0748,75.0912,47.8119,TCS
2026-08-04,2463.10009765625,2467.39990234375,2435.10009765625,2460.0,2792792,2260.4363,2193.7419,73.2806,79.6202,54.1736,TCS
2026-08-05,2460.0,2460.89990234375,2408.0,2413.0,3014409,2278.7723,2196.567,67.1855,78.5119,59.0412,TCS
2026-08-06,2417.0,2434.5,2368.5,2373.0,2729141,2295.5061,2198.5921,58.8315,73.5579,61.9446,TCS
2026-08-07,2375.0,2457.699951171875,2375.0,2452.699951171875,4547979,2315.2552,2202.7145,65.4934,75.1962,64.5949,TCS
2026-08-10,2452.699951171875,2472.89990234375,2423.5,2425.699951171875,2322023,2328.06,2205.531,65.7968,73.469,66.3697,TCS
2026-08-11,2438.0,2456.60009765625,2428.0,2445.699951171875,1514105,2340.915,2205.7739,68.1277,72.8739,67.6706,TCS
2026-08-12,2445.699951171875,2445.800048828125,2300.10009765625,2349.699951171875,7022647,2348.94,2208.1784,57.456,63.9191,66.9203,TCS
2026-08-13,2349.699951171875,2375.0,2332.300048828125,2375.0,2123494,2357.64,2211.1028,58.266,58.193,65.1748,TCS
2026-08-14,2375.10009765625,2390.0,2333.39990234375,2361.0,2232160,2362.24,2214.5846,54.6528,51.9268,62.5252,TCS
2026-08-17,2351.0,2361.10009765625,2310.60009765625,2313.199951171875,2237636,2365.345,2218.0552,43.4588,42.6126,58.5427,TCS
2026-08-18,2300.0,2307.0,2280.0,2280.0,1797822,2368.29,2220.8698,36.8363,32.181,53.2704,TCS
2026-08-19,2293.60009765625,2308.199951171875,2258.300048828125,2289.0,3368922,2372.325,2223.8067,38.6124,24.3593,47.4881,TCS
2026-08-20,2319.39990234375,2329.0,2288.10009765625,2298.0,2047848,2375.08,2227.2877,44.0681,18.6716,41.7248,TCS
2026-08-21,2290.10009765625,2307.199951171875,2263.300048828125,2302.0,2066301,2377.465,2230.3354,31.5654,14.3217,36.2442,TCS
2024-08-21,1762.5589566406527,1766.2249067508462,1755.0391060531026,1760.302978515625,1966902,1760.303,1760.303,,0.0,0.0,INFY
2024-08-22,1770.924710030664,1779.9955522213554,1757.4829319922503,1767.3997802734375,4300287,1763.8514,1763.8514,,0.5661,0.1132,INFY
2024-08-23,1765.4729100507645,1769.6088509029312,1745.5453515046195,1750.3392333984375,5015935,1759.3473,1759.3473,,-0.3577,0.019,INFY
2024-08-26,1757.7651122966831,1775.3897624868237,1752.125224235838,1763.5460205078125,3728589,1760.397,1760.397,,-0.0239,0.0104,INFY
2024-08-27,1763.54596510821,1788.5494451104064,1761.431007151832,1786.0584716796875,3830679,1765.5293,1765.5293,,2.0337,0.4151,INFY
2024-08-28,1792.450420519267,1833.903574209478,1783.5205978872887,1822.7177734375,6514531,1775.0607,1775.0607,,6.547,1.6415,INFY
2024-08-29,1816.9838956969513,1833.4335688344042,1805.610144647818,1817.3128662109375,7228284,1781.0967,1781.0967,,9.5774,3.2287,INFY
2024-08-30,1821.6837784081808,1832.9635541258785,1812.2839653100993,1827.0416259765625,13466759,1786.8398,1786.8398,,12.6185,5.1066,INFY
2024-09-02,1826.712755054023,1857.1681741009113,1826.195834151735,1846.5933837890625,5573739,1793.4791,1793.4791,,16.417,7.3687,INFY
2024-09-03,1848.9432889467964,1848.9432889467964,1820.2268132183985,1824.73876953125,4694322,1796.6051,1796.6051,,17.4626,9.3875,INFY
2024-09-04,1805.7980647866775,1811.5319278069883,1786.0115271331308,1807.0670166015625,4778310,1797.5562,1797.5562,,16.673,10.8446,INFY
2024-09-05,1810.638983993486,1823.5637269032381,1794.9882723576418,1817.1248779296875,4081810,1799.1869,1799.1869,,16.6668,12.009,INFY
2024-09-06,1806.6441381891027,1820.2738676395406,1783.00358450389,1787.7034912109375,5848106,1798.3036,1798.3036,,14.125,12.4322,INFY
2024-09-09,1776.564732765143,1805.5631341580754,1775.6247514250556,1780.9356689453125,4772612,1797.063,1797.063,,11.4326,12.2323,INFY
2024-09-10,1790.5704823041315,1818.8638977650467,1782.2046254069915,1797.5263671875,6909600,1797.0939,1797.0939,57.9678,10.5165,11.8891,INFY
2024-09-11,1799.7822173243185,1810.4040523138208,1790.6644442667855,1795.50537109375,5312946,1796.9946,1796.9946,56.1498,9.5176,11.4148,INFY
2024-09-12,1809.464116978717,1838.9795546148218,1796.1164275717779,1833.3865966796875,8555092,1799.1353,1799.1353,66.6541,11.6484,11.4615,INFY
2024-09-13,1833.38646078049,1841.0473312410704,1819.47480653783,1827.4176025390625,3843127,1800.7065,1800.7065,63.1916,12.7089,11.711,INFY
2024-09-16,1828.9686923682912,1834.8435757434945,1817.0309752474043,1833.1986083984375,1570181,1802.4167,1802.4167,60.4588,13.8562,12.1401,INFY
2024-09-17,1830.8485176417557,1840.906271327735,1825.5846454813945,1835.3604736328125,2793127,1804.0638,1804.0638,53.312,14.7696,12.666,INFY
2024-09-18,1822.388675234394,1822.388675234394,1768.386797525358,1778.5855712890625,6385468,1804.978,1802.8506,42.0062,10.7878,12.2903,INFY
2024-09-19,1795.9282898631557,1809.370068657787,1766.036952686509,1780.5125732421875,7976570,1805.6336,1801.8352,40.0762,7.699,11.3721,INFY
2024-09-20,1790.664520804125,1800.0643345616268,1755.3212440246816,1791.3695068359375,15242974,1807.6851,1801.3802,37.7681,6.0573,10.3091,INFY
2024-09-23,1794.4243751721033,1803.73021337189,1765.7078993837924,1782.6275634765625,3636672,1808.6392,1800.5988,40.0973,4.0047,9.0482,INFY
2024-09-24,1774.6847802570394,1796.210376017183,1759.0811128709156,1784.6485595703125,7277616,1808.5687,1799.9608,44.3093,2.5121,7.741,INFY
2024-09-25,1773.1337292502485,1787.4684442930745,1764.156976545127,1781.546630859375,4268341,1806.5102,1799.2526,40.6382,1.0666,6.4061,INFY
2024-09-26,1783.896554606288,1802.8370859804254,1779.3845984749128,1786.199462890625,8952803,1804.9545,1798.7691,49.5449,0.2932,5.1835,INFY
2024-09-27,1816.137952637302,1856.0871602157958,1789.0665584656958,1792.3094482421875,14908931,1803.2179,1798.5384,53.4552,0.1712,4.1811,INFY
2024-09-30,1767.1648713969455,1787.1394743316184,1758.2350489085036,1763.0289306640625,6986955,1799.0397,1797.314,40.2704,-2.2621,2.8924,INFY
2024-10-01,1762.464916843665,1794.3772357071236,1762.464916843665,1790.0533447265625,4029072,1797.3054,1797.072,48.6524,-1.9869,1.9166,INFY
2024-10-03,1776.0946700907043,1797.1032292411892,1768.1048290238766,1779.7606201171875,7503887,1795.9401,1796.5135,34.6516,-2.5697,1.0193,INFY
2024-10-04,1776.141704358394,1836.8174281895435,1772.8047248589348,1803.025146484375,10001483,1795.2351,1796.717,43.6475,-1.1412,0.5872,INFY
2024-10-07,1807.7721694283628,1825.4438655173053,1801.0513942623245,1818.2060546875,6112575,1796.7602,1797.3682,46.2778,1.202,0.7102,INFY
2024-10-08,1821.5897622643915,1840.4363182559603,1791.933306709296,1831.6005859375,5637391,1799.2935,1798.375,49.1158,4.0927,1.3867,INFY
2024-10-09,1835.3606336116181,1858.3431317562972,1828.3577036972526,1835.548583984375,4857163,1801.1946,1799.4371,67.8235,6.6257,2.4345,INFY
2024-10-10,1840.3893918331603,1846.1232547571165,1799.2181654069389,1803.8240966796875,4782119,1801.6105,1799.559,56.1477,6.0041,3.1484,INFY
2024-10-11,1802.884106629312,1830.1435639245415,1795.4582315208152,1818.957763671875,4709431,1800.8891,1800.0833,57.1151,6.6559,3.8499,INFY
2024-10-14,1816.1850873604988,1851.2933697481615,1815.1980609916643,1841.32958984375,3751378,1801.5847,1801.1687,64.145,8.8753,4.855,INFY
2024-10-15,1842.3635074756771,1871.9258760220825,1834.6086610794148,1841.70556640625,5353705,1802.01,1802.2081,63.8585,10.5431,5.9926,INFY
2024-10-16,1837.6635261263593,1841.9404871358424,1801.3332242595482,1804.858154296875,3111512,1800.4849,1802.2744,54.8646,8.7902,6.5521,INFY
2024-10-17,1819.0518851747047,1859.2831333510103,1814.3050481446446,1849.977294921875,8162822,1804.0545,1803.4379,61.3861,10.9159,7.4249,INFY
2024-10-18,1780.1366215888147,1820.6027474745542,1757.0600349091483,1766.788818359375,10526196,1803.3683,1802.5653,46.4271,5.8208,7.104,INFY
2024-10-21,1777.5986762175419,1784.8366013292746,1727.6856903747387,1741.5504150390625,4654601,1800.8773,1801.1463,46.9586,-0.2507,5.6331,INFY
2024-10-22,1746.6732140121014,1765.0969393741664,1736.098424337156,1740.4693603515625,4125240,1798.7694,1799.7673,42.4221,-5.091,3.4883,INFY
2024-10-23,1734.5004417506527,1772.8046785756571,1733.3254651609286,1760.9609375,4311910,1797.585,1798.9049,47.2137,-7.1906,1.3525,INFY
2024-10-24,1749.6812424897346,1770.9247972575436,1748.3652457001226,1751.51416015625,2906475,1796.0834,1797.8747,42.0395,-9.5072,-0.8194,INFY
2024-10-25,1751.60811836117,1763.7339001545147,1735.581505943881,1750.292236328125,4689120,1794.2881,1796.8623,39.0314,-11.3113,-2.9178,INFY
2024-10-28,1748.0832475331754,1768.9509020729429,1745.5453438193326,1753.3941650390625,7018940,1792.3423,1795.9567,36.9347,-12.3484,-4.8039,INFY
2024-10-29,1754.9627985871089,1760.2866061853301,1738.8011693476826,1748.59326171875,4621252,1791.6205,1794.9901,35.5144,-13.4033,-6.5238,INFY
2024-10-30,1741.653136738328,1748.3079249245552,1707.76122797984,1713.2276611328125,5919715,1787.7792,1793.3549,35.0887,-16.8981,-8.5987,INFY
2024-10-31,1699.728089871948,1699.728089871948,1660.3697457491953,1670.589599609375,7395236,1782.3207,1791.5606,27.6074,-22.8451,-11.4479,INFY
2024-11-01,1677.4819828348002,1678.9080088899161,1665.6460129974564,1674.011962890625,371966,1775.87,1789.6928,23.2154,-26.971,-14.5525,INFY
2024-11-04,1639.454765739415,1679.8588408591163,1633.2753189564019,1676.674072265625,7336722,1768.7934,1788.2195,23.7734,-29.6838,-17.5788,INFY
2024-11-05,1673.204077880611,1681.2373124025844,1658.9438158532193,1667.6900634765625,3160880,1760.5979,1786.3024,26.0833,-32.1876,-20.5006,INFY
2024-11-06,1677.0066599508023,1737.0898453384439,1675.723259696614,1733.762451171875,10421494,1755.5086,1785.2565,31.1165,-28.5118,-22.1028,INFY
2024-11-07,1723.5426610222241,1735.6638830746192,1698.8724555004114,1714.1309814453125,4550965,1751.0239,1783.0848,39.2165,-26.8729,-23.0568,INFY
2024-11-08,1728.3435957027407,1749.82903193321,1723.732801289501,1739.7042236328125,4210960,1747.0612,1781.5326,49.6224,-23.2427,-23.094,INFY
2024-11-11,1738.8011800020988,1775.8778590726738,1732.669314114394,1768.367431640625,3804234,1743.4131,1780.3591,55.1269,-17.8471,-22.0446,INFY
2024-11-12,1778.8249314544848,1788.2367269114475,1769.223045604574,1776.638427734375,5012450,1740.1598,1778.96,53.0166,-12.7566,-20.187,INFY
2024-11-13,1769.3181384269985,1780.8213927172376,1764.7549244206982,1776.2581787109375,4257495,1738.7298,1777.9904,54.9332,-8.6532,-17.8803,INFY
2024-11-14,1773.5962932395464,1783.4834314212399,1764.469748783487,1772.59814453125,4311431,1734.8608,1777.301,54.4043,-5.6317,-15.4306,INFY
2024-11-18,1758.005024675079,1758.005024675079,1706.477991896976,1722.11669921875,4839244,1732.6272,1775.4008,44.7976,-7.2273,-13.7899,INFY
2024-11-19,1735.473877354507,1767.9872281436544,1730.7680373364465,1734.7608642578125,4669769,1732.2877,1774.342,47.7578,-7.3864,-12.5092,INFY
2024-11-21,1751.16006482196,1774.9271666789355,1730.8154024223286,1743.6021728515625,5436504,1732.4444,1773.5953,55.387,-6.7215,-11.3517,INFY
2024-11-22,1762.6632608249854,1819.6568388300636,1743.5545347717343,1808.438720703125,6301486,1734.8183,1773.8136,72.6633,-0.9519,-9.2717,INFY
2024-11-25,1821.5106048142616,1824.647908539123,1789.187347735094,1796.507568359375,12764638,1737.0679,1773.8336,69.591,2.6276,-6.8918,INFY
2024-11-26,1811.00558516297,1842.9961275482167,1803.7329448177684,1829.2587890625,6850495,1741.0163,1773.7511,72.2607,8.0147,-3.9105,INFY
2024-11-27,1834.9153604909611,1845.6581372544963,1817.4703304442407,1829.591552734375,4447143,1744.8261,1773.7945,74.2317,12.1705,-0.6943,INFY
2024-11-28,1820.4648690644453,1820.4648690644453,1760.3341042723987,1765.0875244140625,8468790,1745.6509,1772.4323,54.7105,10.1422,1.473,INFY
2024-11-29,1759.811276019277,1784.4340168837268,1754.0121263454853,1766.2283935546875,5244346,1748.3009,1771.0497,58.2955,8.5285,2.8841,INFY
2024-12-02,1767.321793063357,1789.9481217185034,1744.6954644082105,1787.0960693359375,2868263,1754.1262,1771.2199,57.661,8.8317,4.0736,INFY
2024-12-03,1793.9409628322635,1806.0621855541033,1778.8726425018424,1798.7894287109375,4715792,1760.3651,1771.5854,55.2033,9.9014,5.2392,INFY
2024-12-04,1791.0888644737497,1819.56180716774,1782.5327074778559,1796.0799560546875,4705573,1766.3354,1771.6796,53.3897,10.4105,6.2734,INFY
2024-12-05,1806.2997139926326,1853.7388717964993,1795.7946087095554,1839.4310302734375,9050038,1774.9224,1772.8157,59.579,14.1489,7.8485,INFY
2024-12-06,1837.4822303839658,1842.3781605401093,1818.088252003757,1827.5950927734375,3573331,1779.6141,1773.6746,58.1375,15.9725,9.4733,INFY
2024-12-09,1829.306375982813,1835.0104808234832,1803.637904199797,1828.7835693359375,4274645,1785.3467,1774.6194,68.4783,17.314,11.0415,INFY
2024-12-10,1843.3763652761136,1868.6645376907804,1836.7215769538172,1852.4554443359375,6174921,1790.9843,1775.9445,69.6383,20.0561,12.8444,INFY
2024-12-11,1858.5873457085745,1880.4530791874988,1855.7352935156714,1876.79296875,5025612,1796.4055,1777.6342,71.1312,23.9173,15.059,INFY
2024-12-12,1877.7912800633462,1900.2275187647786,1873.3706916216245,1889.0093994140625,6462130,1802.0241,1780.1538,65.3449,27.6445,17.5761,INFY
2024-12-13,1872.6099443049989,1907.500003205855,1857.4465798294907,1901.0828857421875,5362693,1808.2653,1782.3744,69.9059,31.2127,20.3034,INFY
2024-12-16,1897.042541916786,1900.9879041439099,1880.0728539329739,1882.402099609375,3119221,1813.7555,1784.4272,60.6884,32.1624,22.6752,INFY
2024-12-17,1870.9462106912868,1884.255787393359,1861.4393701898068,1879.1220703125,5811050,1821.6058,1785.9491,59.845,32.2783,24.5958,INFY
2024-12-18,1869.8054617493733,1887.060284654621,1864.8618349910091,1881.54638671875,3064095,1828.9451,1787.2159,80.7326,32.1947,26.1156,INFY
2024-12-19,1838.6228927942636,1863.1030062841562,1825.3133165279144,1850.22119140625,5323592,1834.276,1787.5883,69.1192,29.2634,26.7451,INFY
2024-12-20,1877.7438033938301,1882.3070176382269,1816.9950636033855,1827.3575439453125,11056720,1835.2219,1787.4245,59.0822,24.8094,26.358,INFY
2024-12-23,1834.8678004850174,1844.3270603797318,1814.8558547757257,1829.4013671875,2781793,1836.8666,1787.9361,57.2197,21.2001,25.3264,INFY
2024-12-24,1832.015755380025,1846.2284355881454,1749.2586619372746,1814.9034423828125,2360544,1836.1489,1787.855,54.2056,16.9742,23.656,INFY
2024-12-26,1814.9034908105154,1825.0757640546135,1808.4863732653307,1813.3348388671875,3623321,1835.336,1787.2951,42.831,13.3448,21.5937,INFY
2024-12-27,1815.236249934069,1829.25884045684,1810.007487366256,1822.2237548828125,3937500,1838.1928,1786.9055,48.5001,11.0582,19.4866,INFY
2024-12-30,1821.2254956591669,1821.510747311123,1793.4655661808106,1812.00390625,7789055,1840.4816,1787.0484,45.5395,8.3254,17.2544,INFY
2024-12-31,1798.9794709559926,1803.4476395627287,1754.0596496753712,1787.2860107421875,3613063,1840.4911,1785.7945,32.772,4.1177,14.6271,INFY
2025-01-01,1781.5819053214227,1799.5973216045268,1781.5819053214227,1789.6627197265625,1838368,1840.0348,1786.252,23.9408,0.9637,11.8944,INFY
2025-01-02,1793.9408108770863,1865.8600828114977,1792.324694404524,1861.2967529296875,7083645,1843.2956,1788.647,43.885,4.1961,10.3547,INFY
2025-01-03,1856.6383387446942,1856.6383387446942,1827.2147142972276,1843.138671875,6218003,1843.481,1790.7003,37.5485,5.2322,9.3302,INFY
2025-01-06,1855.7354066651392,1875.6997732327457,1832.9189877307317,1842.283203125,7164403,1844.2154,1792.3268,40.6637,5.9161,8.6474,INFY
2025-01-07,1849.08049857111,1861.9623140172655,1828.7834170796311,1835.6282958984375,4294832,1844.5576,1794.0091,40.0348,5.8537,8.0887,INFY
2025-01-08,1834.8202633622047,1842.9961231909604,1795.6045452981161,1837.81494140625,5482050,1843.8256,1795.7595,39.9695,5.9125,7.6534,INFY
2025-01-09,1838.670663062687,1855.5927707165636,1816.3295863112587,1822.7467041015625,6833503,1841.1233,1797.1466,43.1904,4.6891,7.0606,INFY
2025-01-10,1841.475056372847,1880.2630131182193,1836.9593070090002,1869.947998046875,8036913,1840.1702,1799.5737,59.4196,7.4426,7.137,INFY
2025-01-13,1859.538056114521,1885.0164358188285,1852.8832675701437,1865.4322509765625,5804152,1838.3877,1802.6178,57.8827,9.1548,7.5405,INFY
2025-01-14,1871.7543886244132,1874.5589763818855,1835.8660634362316,1844.374755859375,5792162,1836.4863,1806.0935,56.2677,8.7121,7.7748,INFY
2025-01-15,1850.981884706997,1861.4869901029845,1841.5700892018165,1853.501220703125,2985439,1835.2053,1809.6832,58.2762,8.9941,8.0187,INFY
2025-01-16,1868.9973329214629,1869.948017007702,1822.3187674971882,1833.3466796875,7533579,1832.7953,1812.8167,52.1902,7.5047,7.9159,INFY
2025-01-17,1759.7161759087412,1766.3709642563163,1722.6394979722525,1725.9193115234375,16409953,1826.5802,1813.9813,37.7419,-2.3174,5.8692,INFY
2025-01-20,1733.0494968108637,1737.8029172097529,1704.7191808636662,1723.87548828125,4333011,1821.4061,1813.7835,40.3473,-10.1494,2.6655,INFY
2025-01-21,1729.3418737355341,1741.3204695981628,1704.6240883474466,1711.896728515625,7169109,1815.5309,1813.7389,38.4983,-17.1255,-1.2927,INFY
2025-01-22,1718.2664752007781,1773.7864501626696,1716.1274359637641,1764.8974609375,8373913,1813.0306,1814.2427,34.9107,-18.168,-4.6678,INFY
2025-01-23,1766.370941552174,1786.8582289789933,1761.3322697336553,1773.4534912109375,5907471,1811.0365,1814.3444,38.7542,-18.0952,-7.3532,INFY
2025-01-24,1773.501188842313,1801.4513245969808,1772.312833717117,1782.96044921875,4887027,1809.0734,1814.4709,40.6866,-17.0735,-9.2973,INFY
2025-01-27,1757.577160982871,1771.1244088768565,1722.6395216773292,1732.1463623046875,7652371,1805.0805,1813.5886,35.7321,-20.132,-11.4642,INFY
2025-01-28,1739.7518311714375,1771.599747206543,1734.9033656716754,1739.51416015625,6999495,1802.6919,1812.927,36.6374,-21.7111,-13.5136,INFY
2025-01-29,1754.0120684956396,1795.5094503993766,1749.7339902797964,1788.474365234375,5145155,1802.6325,1814.2541,45.7342,-18.7953,-14.57,INFY
2025-01-30,1780.7739533235829,1794.1309953598945,1753.0614884709362,1768.224853515625,7336056,1797.9789,1814.9234,36.4282,-17.9119,-15.2383,INFY
2025-01-31,1778.7300025936208,1803.8755513464537,1778.7300025936208,1787.0960693359375,5820470,1795.1767,1815.7933,39.9341,-15.5103,-15.2927,INFY
2025-02-01,1787.571323971164,1797.3633003755383,1754.9628135718901,1760.0489501953125,1701402,1791.065,1814.8255,39.3287,-15.6095,-15.3561,INFY
2025-02-03,1745.4559465267448,1784.0062318529979,1742.0335070965566,1771.40966796875,4823228,1787.8541,1814.3235,39.6698,-14.6031,-15.2055,INFY
2025-02-04,1795.8423067996916,1816.9474478919842,1782.5327290891591,1805.1590576171875,7334787,1786.2213,1813.8415,46.5703,-10.956,-14.3556,INFY
2025-02-05,1812.0039378058837,1825.0282638663168,1800.880979990787,1803.495361328125,4996744,1785.2587,1813.3196,62.7103,-8.1063,-13.1057,INFY
2025-02-06,1822.46137881177,1829.116167362465,1806.2997494743677,1821.177978515625,4765255,1782.8202,1814.4414,65.1652,-4.3708,-11.3588,INFY
2025-02-07,1824.648004479721,1828.8309215990796,1796.2699917999128,1809.769775390625,4126260,1780.0371,1815.3122,65.2813,-2.3043,-9.5479,INFY
2025-02-10,1811.0531389851265,1811.0531389851265,1785.9550565261386,1787.5712890625,3828734,1777.1969,1815.3217,53.9169,-2.4299,-8.1243,INFY
2025-02-11,1790.2331848086437,1809.1518213900456,1777.7792464526458,1783.150634765625,4411601,1773.6794,1815.009,51.6995,-2.8532,-7.07,INFY
2025-02-12,1792.0395140512057,1801.1660581275596,1755.9135185424811,1771.26708984375,5633947,1770.5754,1814.5127,47.9676,-4.1003,-6.4761,INFY
2025-02-13,1776.353161119435,1781.1065814060805,1745.1232130462338,1752.348388671875,5237744,1771.8969,1812.7711,53.9491,-6.5398,-6.4888,INFY
2025-02-14,1762.5681886374266,1767.606860408019,1738.1831200991312,1764.849853515625,5292961,1773.9456,1811.5162,54.8552,-7.3793,-6.6669,INFY
2025-02-17,1747.880247229523,1761.3799146336082,1732.2890052365772,1751.4453125,4428956,1775.923,1809.9694,41.7845,-9.0223,-7.138,INFY
2025-02-18,1751.445375977347,1769.8410902296603,1746.977091046225,1760.619384765625,4365260,1775.7091,1808.1327,48.2254,-9.4748,-7.6054,INFY
2025-02-19,1756.2937934312417,1758.004955145868,1716.840404092615,1721.498779296875,4611411,1773.1114,1805.0268,36.0154,-12.8422,-8.6527,INFY
2025-02-20,1716.5077280780874,1740.7025920720746,1716.5077280780874,1735.14111328125,2218020,1770.7204,1801.9494,44.368,-14.2458,-9.7713,INFY
2025-02-21,1731.956275207461,1739.6092122968646,1717.1255109603246,1725.4915771484375,3379879,1770.3877,1798.4376,39.5364,-15.9529,-11.0076,INFY
2025-02-24,1711.2788452920981,1718.8367369576058,1663.9347338827708,1677.1016845703125,7594720,1767.2671,1794.3316,22.6441,-20.9687,-12.9999,INFY
2025-02-25,1659.0863139546623,1690.744023588038,1659.0863139546623,1680.524169921875,5092963,1761.8695,1790.3596,23.9266,-24.3865,-15.2772,INFY
2025-02-27,1668.640674098442,1688.2723238346587,1664.7428925260701,1677.2919921875,5757079,1757.3229,1786.2745,17.5005,-27.0442,-17.6306,INFY
2025-02-28,1668.4981483304996,1668.5456129045258,1599.478390980019,1604.469482421875,12182167,1748.1916,1781.3595,13.6998,-34.6275,-21.03,INFY
2025-03-03,1608.8426647276233,1643.3524261230082,1608.8426647276233,1624.3387451171875,7504969,1741.4061,1777.2991,20.8983,-38.5891,-24.5418,INFY
2025-03-04,1611.4095762179882,1615.2123126810395,1587.6424733239176,1605.0400390625,6759673,1733.0876,1772.8119,19.8455,-42.7927,-28.192,INFY
2025-03-05,1608.9852468032536,1647.4879525703643,1608.9852468032536,1627.0958251953125,8180782,1724.1844,1769.0558,26.4042,-43.8391,-31.3214,INFY
2025-03-06,1630.42326495067,1637.3633054431778,1607.7018912844446,1631.2313232421875,10610547,1715.5712,1765.4137,29.1694,-43.8293,-33.823,INFY
2025-03-07,1619.1100684643093,1620.9163914654462,1592.871210498742,1602.8533935546875,8019331,1704.655,1761.0263,23.5814,-45.586,-36.1756,INFY
2025-03-10,1602.8534801788285,1634.2260571930049,1593.5367290696454,1617.54150390625,7558981,1695.0436,1757.137,28.2538,-45.2711,-37.9947,INFY
2025-03-11,1597.1492261839649,1597.1492261839649,1556.3173920894415,1579.6566162109375,12671234,1684.6478,1752.9844,23.1182,-47.5306,-39.9019,INFY
2025-03-12,1556.174800445261,1556.174800445261,1486.6798171088662,1512.395751953125,14870008,1671.1101,1747.4391,21.3345,-54.1248,-42.7465,INFY
2025-03-13,1520.381526929375,1526.8462251444753,1492.8592690164621,1501.938232421875,7822888,1657.6437,1740.2519,17.7491,-59.5086,-46.0989,INFY
2025-03-17,1468.9496345204805,1515.3905319411103,1468.9496345204805,1511.6353759765625,7526032,1645.608,1733.6219,20.4286,-62.2749,-49.3341,INFY
2025-03-18,1511.6353759765625,1511.6353759765625,1511.6353759765625,1511.6353759765625,0,1632.9473,1727.0089,23.5848,-63.7326,-52.2138,INFY
2025-03-19,1523.9465678973438,1523.9465678973438,1495.2359553339961,1508.307861328125,7387068,1620.7904,1720.4625,22.4989,-64.4138,-54.6538,INFY
2025-03-20,1513.4890294263832,1551.4213467784741,1513.4890294263832,1535.877685546875,7186750,1609.5533,1714.4238,29.0464,-62.0142,-56.1259,INFY
2025-03-21,1500.131882621123,1524.8022038807094,1486.5371700431922,1514.011962890625,10074677,1599.179,1708.2491,34.2127,-61.1716,-57.135,INFY
2025-03-24,1519.1456594946171,1527.844442496362,1495.140885206093,1514.2021484375,8857726,1588.132,1701.1341,29.3605,-59.7993,-57.6679,INFY
2025-03-25,1525.8478634077803,1555.461694060302,1525.8478634077803,1548.141357421875,9890140,1579.2645,1694.7883,39.8919,-55.3352,-57.2013,INFY
2025-03-26,1545.8122407498795,1556.9827781599724,1516.3410356679321,1520.571533203125,6651302,1571.438,1688.3123,31.4394,-53.4064,-56.4423,INFY
2025-03-27,1516.8640098840594,1540.0606082841557,1507.7849306219216,1524.469482421875,9426573,1563.6353,1681.7316,31.3826,-50.9756,-55.349,INFY
2025-03-28,1511.5877308709687,1519.620965158934,1483.0672076469882,1493.1920166015625,6799047,1554.4303,1674.9285,31.0685,-50.9853,-54.4763,INFY
2025-04-01,1463.3404602190724,1471.0885586286036,1442.9957978349414,1451.21923828125,12680733,1546.7678,1669.4345,23.7588,-53.7602,-54.3331,INFY
2025-04-02,1459.4902057913214,1478.9317655581158,1459.4902057913214,1473.7030029296875,6193478,1539.236,1664.4311,32.4295,-53.528,-54.172,INFY
2025-04-03,1458.9673514518697,1458.9673514518697,1411.8134441365378,1422.69873046875,10459504,1530.1189,1658.6471,34.2776,-56.8048,-54.6986,INFY
2025-04-04,1388.4742004590178,1399.4070681791675,1376.5906485892897,1380.0606689453125,9590254,1517.7672,1650.9504,30.8027,-62.126,-56.1841,INFY
2025-04-07,1285.3249277060586,1336.5668248830998,1242.5441423903983,1327.8680419921875,21715252,1502.599,1642.0387,24.4717,-69.7506,-58.8974,INFY
2025-04-08,1360.4289830692378,1384.671428260199,1345.218037067066,1358.3375244140625,12805001,1490.3732,1633.5462,30.3665,-72.4988,-61.6177,INFY
2025-04-09,1335.758736096975,1339.9416532809853,1313.7503760547593,1334.4752197265625,8546854,1476.2199,1625.5928,28.8491,-75.7293,-64.44,INFY
2025-04-11,1341.652928180614,1367.844321400648,1328.1532604606723,1339.941650390625,12567440,1464.2341,1617.6013,24.8044,-76.9613,-66.9443,INFY
2025-04-15,1374.3089224037624,1376.3053358191778,1339.513907284088,1355.675537109375,10178530,1456.3981,1608.9454,29.3131,-75.7943,-68.7143,INFY
2025-04-16,1354.724784610381,1357.10149475882,1327.915540556106,1343.41162109375,12022740,1448.4718,1600.4491,28.3685,-74.9945,-69.9703,INFY
2025-04-17,1329.0563853909828,1359.2881865002564,1310.327954849587,1349.49609375,14264227,1440.3648,1591.6971,22.9305,-73.0279,-70.5818,INFY
2025-04-21,1340.4645789137878,1399.2169026224717,1340.4645789137878,1379.442626953125,15648970,1433.7552,1584.085,30.8921,-68.2661,-70.1187,INFY
2025-04-22,1368.985143422317,1368.985143422317,1349.3060284057444,1352.6334228515625,9399738,1425.9715,1575.7095,28.0936,-65.8959,-69.2741,INFY
2025-04-23,1374.6892676203474,1414.427911126592,1368.6048659090611,1402.1640625,11136642,1419.2858,1567.6496,38.9114,-59.3368,-67.2867,INFY
2025-04-24,1397.4105217628291,1409.7694145318515,1389.4247524558623,1398.8365478515625,7114292,1413.527,1559.5564,42.9558,-53.7872,-64.5868,INFY
2025-04-25,1402.7343459374797,1427.642222162945,1391.3261370921732,1407.2025146484375,8329979,1408.177,1551.2769,40.7043,-48.1588,-61.3012,INFY
2025-04-28,1407.2024661808139,1416.1389193452367,1393.0373668593481,1409.0087890625,5886253,1401.2204,1543.2616,47.7812,-43.0563,-57.6522,INFY
2025-04-29,1408.9138107783806,1435.3428747016321,1401.4033833138335,1423.6494140625,8056743,1396.3743,1535.9832,57.7698,-37.3999,-53.6017,INFY
2025-04-30,1422.9840278751349,1434.3922372400868,1409.4842438297574,1426.1212158203125,7704183,1391.4569,1528.8426,71.2873,-32.3449,-49.3504,INFY
2025-05-02,1425.740942139582,1448.082019175758,1422.4135476873855,1432.5859375,7402310,1388.4266,1522.069,67.954,-27.5002,-44.9803,INFY
2025-05-05,1440.2863052982934,1447.8917775374923,1428.6880065536338,1434.201904296875,4282493,1387.5757,1515.7061,77.0221,-23.2621,-40.6367,INFY
2025-05-06,1431.7302219442606,1440.856765886036,1425.170478593818,1436.958984375,4270530,1385.7385,1509.1482,76.6797,-19.4567,-36.4007,INFY
2025-05-07,1426.026145690909,1443.8990531370239,1422.7937965506155,1433.9168701171875,5691799,1386.2994,1502.7977,73.131,-16.4961,-32.4198,INFY
2025-05-08,1433.6315426322524,1441.7123570303784,1427.166844693632,1436.8638916015625,8424409,1389.1396,1496.3226,79.2386,-13.7535,-28.6865,INFY
2025-05-09,1426.6915991963783,1436.8639888159648,1420.4171072727893,1433.2513427734375,4478653,1394.4088,1490.5576,76.6163,-11.7362,-25.2965,INFY
2025-05-12,1461.2014458755218,1551.516434397431,1456.4480254270004,1546.66796875,11372857,1403.8253,1486.7882,84.7217,-0.9745,-20.4321,INFY
2025-05-13,1529.6507024801845,1532.6928451513845,1487.4403056280353,1491.2430419921875,12846210,1411.6637,1482.1032,75.7233,3.0468,-15.7363,INFY
2025-05-14,1496.3767741072957,1516.3411402167324,1492.0986956552736,1513.869384765625,4870057,1420.3601,1478.8385,73.0302,7.9676,-10.9955,INFY
2025-05-15,1511.3976659657826,1538.7772990924948,1493.524758023796,1533.4534912109375,11151167,1429.249,1475.8971,76.0103,13.2944,-6.1375,INFY
2025-05-16,1533.0731584594146,1533.0731584594146,1503.5069061207216,1511.49267578125,4576751,1437.653,1472.5811,69.1449,15.5645,-1.7971,INFY
2025-05-19,1498.753576296917,1506.8343916464403,1478.9792993744286,1482.877197265625,8855798,1444.3221,1470.1493,62.3451,14.8829,1.5389,INFY
2025-05-20,1492.5740269319685,1505.4082621953962,1481.1658178089215,1483.6375732421875,7143998,1449.5318,1467.3353,60.5132,14.24,4.0791,INFY
2025-05-21,1490.577561992386,1493.5246593705174,1475.556707413097,1491.14794921875,4157309,1456.4575,1465.0574,61.1984,14.1731,6.0979,INFY
2025-05-22,1478.789066286349,1483.8277382618005,1464.0534632471729,1471.18359375,6158990,1459.9085,1461.9392,56.3517,12.3666,7.3517,INFY
2025-05-23,1473.5603223754533,1508.9257236923431,1473.5603223754533,1487.6304931640625,5038421,1464.3482,1459.0672,58.3831,12.1223,8.3058,INFY
2025-05-26,1489.3416207391451,1505.693456152503,1485.6339297061554,1502.55615234375,3170102,1469.1159,1457.0612,59.9138,12.9834,9.2413,INFY
2025-05-27,1501.985817890451,1504.8378701621398,1479.6447417622219,1492.6690673828125,7775714,1473.2989,1454.5638,58.6993,12.7214,9.9373,INFY
2025-05-28,1503.0315254066693,1509.4010623010483,1492.5740005619675,1494.2852783203125,3623370,1476.8307,1452.8564,58.5359,12.5001,10.4499,INFY
2025-05-29,1510.6370121874,1529.555648703017,1498.8485063145804,1507.4046630859375,8609500,1480.8949,1452.7565,60.7202,13.2308,11.0061,INFY
2025-05-30,1514.5387348868949,1515.5027951891782,1499.2101525439637,1506.5369873046875,13148092,1484.5924,1452.8485,41.3996,13.5833,11.5215,INFY
2025-06-02,1503.9340358386107,1503.9340358386107,1483.6887699715526,1497.9569091796875,4374509,1487.7802,1452.5749,51.8003,13.0202,11.8213,INFY
2025-06-03,1502.9700087561519,1510.9717563250315,1480.410974183671,1487.5450439453125,6853403,1490.3095,1452.0931,42.4464,11.6001,11.777,INFY
2025-06-04,1487.545069852834,1501.3311794658816,1486.0025968815146,1495.4503173828125,4548307,1493.3862,1451.836,38.3119,10.9859,11.6188,INFY
2025-06-05,1492.2689554139665,1511.3572786610305,1486.195328477135,1498.43896484375,6948539,1496.4649,1451.0872,45.4548,10.6179,11.4186,INFY
2025-06-06,1498.8244913615613,1512.5142181403369,1487.641415492617,1507.5975341796875,3960020,1500.1822,1450.9589,59.9564,10.9392,11.3228,INFY
2025-06-09,1521.2871674371763,1530.9277705261318,1514.5387452749073,1516.3704833984375,2903202,1498.6673,1451.0023,62.3843,11.7661,11.4114,INFY
2025-06-10,1527.0715350387688,1549.726952383094,1520.8051430073597,1538.6402587890625,8591925,1501.0372,1450.8123,66.1633,14.0564,11.9404,INFY
2025-06-11,1532.9522867625028,1575.8529708756475,1532.9522867625028,1572.478759765625,10597410,1503.9677,1451.8504,81.4995,18.3899,13.2303,INFY
2025-06-12,1558.8854834598367,1569.4901466126246,1540.6647205061456,1550.787353515625,10483574,1504.8344,1452.3768,69.0194,19.8452,14.5533,INFY
2025-06-13,1519.3589933969258,1551.1729824718614,1513.7673967286814,1544.424560546875,6968315,1506.481,1453.4014,63.2941,20.2517,15.693,INFY
2025-06-16,1542.4964798976407,1576.0458254086714,1539.7006814911979,1565.441162109375,5591842,1510.6092,1455.6858,71.5813,22.0159,16.9576,INFY
2025-06-17,1562.45249586964,1588.192976732241,1557.5358118299073,1580.9625244140625,7622083,1515.4754,1457.831,73.7466,24.3854,18.4431,INFY
2025-06-18,1562.7417700471647,1585.589952431105,1562.7417700471647,1574.214111328125,5629707,1519.6287,1460.8613,68.9655,25.4256,19.8396,INFY
2025-06-19,1565.5375611980423,1571.4183055533617,1553.5831898154863,1560.2352294921875,5147760,1524.0813,1464.4648,64.1875,24.8357,20.8388,INFY
2025-06-20,1560.8136276168789,1572.0930860674746,1551.076642111549,1564.573486328125,9202821,1527.9284,1469.1989,68.0042,24.4365,21.5584,INFY
2025-06-23,1543.4605584963404,1543.4605584963404,1518.7806380620095,1527.071533203125,7943676,1529.1542,1472.5736,59.3182,20.8537,21.4174,INFY
2025-06-24,1543.4604830931148,1551.172965207259,1519.9373891083474,1524.7576904296875,8083992,1530.7586,1476.3793,57.0961,17.6245,20.6588,INFY
2025-06-25,1532.8558375256184,1561.6812632899293,1528.1319186406413,1556.8609619140625,7813533,1533.8874,1480.7177,62.3977,17.4545,20.018,INFY
2025-06-26,1550.9801998907828,1565.6338688312192,1548.8591966999713,1557.92138671875,6519233,1536.4133,1484.7626,61.0593,17.207,19.4558,INFY
2025-06-27,1560.8136478253264,1571.0326636135578,1544.8102701550988,1550.208984375,8912268,1538.5969,1488.8985,57.4713,16.2018,18.805,INFY
2025-06-30,1556.9573602116636,1556.9573602116636,1536.8084767193552,1544.2318115234375,6294505,1540.9106,1492.7932,51.3303,14.7528,17.9946,INFY
2025-07-01,1551.1731318297038,1559.5604099565173,1542.9786187031953,1549.05224609375,4178937,1543.986,1496.1854,43.5338,13.834,17.1624,INFY
2025-07-02,1559.8495930029494,1589.735462831807,1545.7743359105034,1552.619140625,8653641,1546.8444,1500.1851,50.5618,13.241,16.3781,INFY
2025-07-03,1560.331649069145,1573.7321112354073,1556.9574379034102,1560.5244140625,5259695,1549.9487,1503.3524,54.8916,13.2561,15.7537,INFY
2025-07-04,1566.5979433677658,1584.3366759246808,1554.3544249759318,1581.733642578125,4411273,1553.6555,1507.0103,54.9444,14.8088,15.5647,INFY
2025-07-07,1581.0590301119776,1584.915271648836,1564.670003580329,1568.5262451171875,3294523,1556.2633,1510.2368,46.1721,14.8029,15.4124,INFY
2025-07-08,1569.490144015709,1587.035994129852,1563.2237521630664,1579.8055419921875,4590681,1558.3215,1513.6527,51.6743,15.5294,15.4358,INFY
2025-07-09,1578.9380931561673,1579.1308581535004,1565.2483655342028,1574.9853515625,4580828,1558.4469,1516.6794,54.6732,15.5371,15.456,INFY
2025-07-10,1579.9985303020203,1579.9985303020203,1549.3413641152463,1557.728759765625,5330179,1558.7939,1519.3116,47.9955,13.9895,15.1627,INFY
2025-07-11,1522.3475129338776,1549.341199857552,1506.826166489392,1537.5797119140625,11391755,1558.4517,1521.4115,53.4255,11.0102,14.3322,INFY
2025-07-14,1534.5911874414394,1534.5911874414394,1503.7412587495296,1513.8638916015625,9173426,1555.8728,1523.0047,46.8836,6.6587,12.7975,INFY
2025-07-15,1508.8507771918205,1545.967099361679,1507.790334380739,1528.614013671875,7614807,1553.2554,1524.8378,41.0287,4.3501,11.108,INFY
2025-07-16,1522.2513030563432,1554.0652948238287,1521.769272878048,1550.1126708984375,6223491,1552.0503,1527.1617,47.8049,4.2068,9.7278,INFY
2025-07-17,1540.5684750083872,1552.1371994765352,1523.3117708067696,1526.589599609375,7374814,1550.3681,1528.9562,43.9024,2.1702,8.2163,INFY
2025-07-18,1534.8803087969368,1541.821613244393,1523.2152032454187,1529.095947265625,5161833,1548.5942,1530.8731,46.0212,0.7497,6.7229,INFY
2025-07-21,1523.2153333190533,1531.8918763569468,1510.4897839367352,1527.36083984375,3682661,1548.6086,1530.487,44.204,-0.5102,5.2763,INFY
2025-07-22,1508.7544033781517,1528.806905141675,1508.7544033781517,1514.4423828125,8473741,1548.0929,1530.951,40.2846,-2.522,3.7167,INFY
2025-07-23,1519.648319505044,1534.6876368616054,1494.2934861823694,1517.9129638671875,8035026,1546.1455,1531.0318,38.9056,-3.7926,2.2148,INFY
2025-07-24,1523.21527148752,1525.14339208434,1492.558106924831,1496.70361328125,14169664,1543.0846,1530.2968,27.8614,-6.4368,0.4845,INFY
2025-07-25,1487.930738061539,1493.8114825426642,1456.9844249801497,1461.2261962890625,10851259,1538.6354,1529.2915,24.9662,-11.2652,-1.8654,INFY
2025-07-28,1459.4908778130184,1464.6968268487494,1429.2193615593824,1461.515380859375,6439855,1534.4996,1528.8643,20.9103,-14.8967,-4.4717,INFY
2025-07-29,1458.5267960319763,1462.6721845547067,1442.3305365336291,1459.2979736328125,7070448,1530.0119,1528.3775,21.1815,-17.749,-7.1271,INFY
2025-07-30,1465.2753927209724,1467.0106307922656,1451.8749299240865,1464.40771484375,5719051,1525.6013,1527.8427,25.2556,-19.3738,-9.5765,INFY
2025-07-31,1455.4418850255533,1472.21655890233,1443.198365471235,1454.76708984375,6851407,1520.3135,1527.5143,26.7461,-21.1951,-11.9002,INFY
2025-08-01,1440.2096707795008,1444.8370894973941,1412.83033538686,1416.782958984375,8702978,1512.0659,1526.0974,24.7619,-25.4105,-14.6023,INFY
2025-08-04,1408.9741142502269,1429.5086455065348,1398.8514812022438,1427.291259765625,8610216,1505.0042,1524.5921,23.0651,-27.5854,-17.1989,INFY
2025-08-05,1425.5558755811649,1425.5558755811649,1402.7076942328947,1407.8172607421875,10213323,1496.4048,1522.8951,11.7616,-30.5285,-19.8648,INFY
2025-08-06,1399.8155998166778,1403.768223634903,1378.895537719122,1385.0654296875,10566934,1486.9088,1520.7107,11.8106,-34.3014,-22.7521,INFY
2025-08-07,1378.60613953599,1390.1748623852432,1363.3739407112198,1385.2581787109375,9892020,1478.2853,1518.2677,10.6955,-36.8511,-25.5719,INFY
2025-08-08,1373.785961785155,1381.6912093691872,1366.169861688454,1371.9542236328125,10048009,1470.004,1515.5761,10.0595,-39.49,-28.3555,INFY
2025-08-11,1368.8692198674414,1381.884033692687,1363.1812406590395,1376.870849609375,6625368,1463.1543,1513.1544,13.1266,-40.7153,-30.8275,INFY
2025-08-12,1376.8709588997938,1389.2109785794498,1369.9297713819558,1372.9183349609375,9899184,1455.3695,1510.8618,11.2372,-41.5266,-32.9673,INFY
2025-08-13,1373.7860181657672,1382.462561438393,1371.279484756972,1375.3284912109375,10318063,1446.6303,1508.4594,13.9255,-41.4968,-34.6732,INFY
2025-08-14,1374.9427475738962,1417.1686356270611,1374.9427475738962,1395.6700439453125,12902347,1440.0844,1506.404,28.5894,-39.3778,-35.6141,INFY
2025-08-18,1412.0590009823861,1412.0590009823861,1378.2205097468736,1384.19775390625,7254561,1432.8394,1503.936,26.4671,-38.1841,-36.1281,INFY
2025-08-19,1381.2092603896435,1397.309139357621,1381.2092603896435,1388.2469482421875,3986094,1425.8838,1501.3735,28.613,-36.4906,-36.2006,INFY
2025-08-20,1388.921654258322,1445.1264179190935,1388.921654258322,1442.427001953125,10413061,1422.283,1499.4493,44.8924,-30.426,-35.0457,INFY
2025-08-21,1453.802949118853,1453.802949118853,1430.9547668193538,1442.619873046875,6565539,1418.5183,1496.8521,47.0478,-25.3123,-33.099,INFY
2025-08-22,1444.258688328196,1450.2359327005538,1432.6899649169563,1434.0396728515625,5543397,1415.3851,1494.5171,54.8934,-21.7019,-30.8196,INFY
2025-08-25,1452.549588321255,1483.6887826854402,1452.549588321255,1477.0367431640625,10694531,1416.1757,1493.1694,61.9114,-15.196,-27.6949,INFY
2025-08-26,1468.2638125760993,1483.1103644867733,1464.021923789744,1474.6265869140625,15994798,1416.8312,1491.3531,67.4208,-10.1178,-24.1794,INFY
2025-08-28,1474.6266696224122,1474.6266696224122,1444.162386475055,1446.1868896484375,5443364,1416.1757,1488.6576,65.4786,-8.2926,-21.0021,INFY
2025-08-29,1447.922152992462,1447.922152992462,1414.951220922169,1416.782958984375,8169075,1413.7944,1485.509,56.9545,-9.1136,-18.6244,INFY
2025-09-01,1423.6278448203498,1449.368326287933,1423.1458146544753,1445.5120849609375,4546057,1413.3317,1483.2145,65.1932,-7.3613,-16.3718,INFY
2025-09-02,1445.5120710387366,1458.4305028963795,1432.8829043510907,1444.837158203125,5218763,1414.7344,1480.8198,64.2886,-5.9583,-14.2891,INFY
2025-09-03,1446.0904115917858,1447.9221496497632,1420.0607841831338,1425.9415283203125,4623483,1414.6669,1478.7972,60.4881,-6.2986,-12.691,INFY
2025-09-04,1430.665555379037,1430.665555379037,1407.6244895421655,1410.4202880859375,5787724,1414.7971,1476.5104,56.599,-7.7316,-11.6991,INFY
2025-09-05,1417.1685500698275,1419.771465639559,1381.4983212585462,1392.681396484375,5466487,1415.1779,1473.2268,49.4324,-10.1812,-11.3955,INFY
2025-09-08,1398.8515684147906,1405.5999908675153,1376.967445534214,1381.402099609375,3811567,1414.985,1469.6964,49.4687,-12.8842,-11.6933,INFY
2025-09-09,1427.7733097648295,1453.0316426482493,1419.5787971834648,1450.2359619140625,13072640,1418.8991,1467.697,59.4531,-9.3641,-11.2274,INFY
2025-09-10,1455.8274419814547,1479.7361846012639,1455.056264347903,1477.518798828125,7281071,1423.9315,1466.3627,55.8296,-4.323,-9.8465,INFY
2025-09-11,1469.1314991861996,1472.6020926929066,1452.3568266067848,1455.4417724609375,8003662,1428.0577,1464.4905,51.9857,-2.0854,-8.2943,INFY
2025-09-12,1481.7606968153777,1487.4486761823323,1466.4321143461764,1470.7703857421875,12856963,1432.8298,1462.8535,55.5718,0.9144,-6.4526,INFY
2025-09-15,1470.7703889313757,1472.6021270614033,1447.2472937742573,1454.1885986328125,6167414,1435.7557,1460.7268,46.2321,1.9314,-4.7758,INFY
2025-09-16,1454.18869843609,1459.5874130189484,1449.4647790449067,1456.9844970703125,8923112,1439.3951,1458.2318,47.0944,2.9292,-3.2348,INFY
2025-09-17,1462.3832147820146,1471.830935901443,1459.58741614181,1467.685546875,4795698,1443.367,1456.215,53.7606,4.5313,-1.6816,INFY
2025-09-18,1494.2935138953433,1499.1138155530703,1483.2068200825713,1485.2313232421875,9331945,1445.5072,1454.3235,62.4912,7.1345,0.0816,INFY
2025-09-19,1489.0875921991392,1495.546867150236,1465.4681136380061,1484.845703125,12988129,1447.6185,1452.5207,58.0063,9.062,1.8777,INFY
2025-09-22,1429.4121385641438,1460.2620677071914,1428.7373434373958,1445.6083984375,15655204,1448.1969,1450.2783,50.1357,7.3388,2.9699,INFY
2025-09-23,1439.3420265057648,1458.6232324870878,1439.3420265057648,1443.6802978515625,9832164,1446.5291,1448.4004,53.3189,5.7513,3.5262,INFY
2025-09-24,1433.7504516255494,1442.909024606748,1429.4121802134027,1440.884521484375,4937004,1444.842,1446.9408,55.9848,4.2189,3.6647,INFY
2025-09-25,1435.4857737282794,1448.6933526456728,1423.4350200871756,1431.436767578125,9491867,1444.1045,1444.9972,57.87,2.2166,3.3751,INFY
2025-09-26,1421.9889772759154,1425.555953399892,1389.4036912657584,1396.8270263671875,8597058,1443.1067,1441.9315,52.8612,-2.1383,2.2724,INFY
2025-09-29,1407.5280279964163,1412.3483294621576,1384.872611107433,1389.982177734375,10513117,1440.3302,1439.1994,35.4854,-6.0719,0.6036,INFY
2025-09-30,1391.1390030128964,1400.0083106366037,1386.4150840398418,1389.982177734375,7556305,1437.5875,1436.4171,25.7219,-9.0846,-1.3341,INFY
2025-10-01,1394.031143886091,1397.405354815276,1376.099646484765,1393.83837890625,6250692,1435.9823,1433.7466,30.9935,-11.0339,-3.274,INFY
2025-10-03,1387.282784330546,1396.2485922754322,1381.6911874663804,1394.609619140625,6877533,1435.1918,1431.35,24.183,-12.3738,-5.094,INFY
2025-10-06,1394.6096065704758,1425.6524188431904,1390.4642178899833,1422.9530029296875,4630590,1436.7054,1429.4508,40.1937,-11.0215,-6.2795,INFY
2025-10-07,1424.5918193613172,1429.6050033943986,1401.743637948074,1406.0819091796875,5570320,1437.9393,1427.6383,35.3169,-11.1823,-7.2601,INFY
2025-10-08,1404.6358503769075,1444.1623224877194,1402.707729786136,1441.2701416015625,4657192,1437.4911,1427.2392,43.3235,-8.3738,-7.4828,INFY
2025-10-09,1448.0185870707542,1459.5873108023447,1433.557682406266,1455.0562744140625,7028753,1436.3679,1427.11,42.2255,-4.9783,-6.9819,INFY
2025-10-10,1455.7310370996563,1467.0104954131987,1444.933608930849,1460.4549560546875,3738353,1436.6186,1427.1332,43.8741,-1.8306,-5.9516,INFY
2025-10-13,1443.1982662450723,1450.6214834671307,1430.087069727637,1439.5347900390625,5859355,1435.0568,1426.6357,48.32,-1.0124,-4.9638,INFY
2025-10-14,1445.1264411305913,1459.9729938155936,1433.075686951717,1436.353515625,5600789,1434.1651,1426.2675,47.9873,-0.6136,-4.0937,INFY
2025-10-15,1430.569218120133,1435.1002548224249,1414.7586043879573,1421.41064453125,6986098,1432.3864,1426.36,44.9851,-1.4862,-3.5722,INFY
2025-10-16,1420.9285143742625,1421.5069270236047,1408.0100826842827,1418.61474609375,8005748,1429.9328,1426.1865,46.581,-2.3759,-3.333,INFY
2025-10-17,1402.6114532010124,1405.9856644896408,1382.4625679694304,1389.307373046875,16959378,1425.1366,1425.8163,47.9365,-5.3838,-3.7431,INFY
2025-10-20,1401.4544470050912,1414.276496397426,1397.8874708768014,1408.395751953125,6994246,1421.3141,1426.2829,54.7348,-6.1564,-4.2258,INFY
2025-10-21,1424.881136066363,1432.5936185349226,1417.1686535978035,1419.482421875,1698704,1420.0078,1426.9674,57.1764,-5.8071,-4.5421,INFY
2025-10-23,1455.7310466373283,1490.4372172856354,1451.8748054541832,1473.566162109375,20358624,1421.5021,1428.9996,65.5861,-1.1529,-3.8642,INFY
2025-10-24,1484.1708637038648,1487.5450748262833,1463.4435668090073,1470.57763671875,8652257,1422.9868,1430.8737,64.7235,2.2683,-2.6377,INFY
2025-10-27,1478.0165606695539,1483.2043487095048,1466.3685916918344,1472.633056640625,7273211,1425.0466,1432.868,60.721,5.0868,-1.0928,INFY
2025-10-28,1467.9347848431598,1474.5908017388306,1458.9296979699484,1468.4241943359375,8211019,1428.6264,1434.73,64.2313,6.9013,0.506,INFY
2025-10-29,1468.4241778932897,1488.0005573851865,1465.1941469679696,1478.408203125,4884976,1433.0477,1436.3847,59.5802,9.0408,2.213,INFY
2025-10-30,1475.0801523386458,1476.2546872805226,1457.5592692997866,1462.1597900390625,5608867,1436.6566,1437.944,51.8094,9.3178,3.6339,INFY
2025-10-31,1458.4403008415877,1465.3898918009988,1449.3372364048548,1450.9034423828125,4819814,1439.5099,1439.1971,47.6375,8.5307,4.6133,INFY
2025-11-03,1450.9033496746388,1459.8105780526128,1442.974820743242,1454.0355224609375,5470600,1442.4812,1439.4293,53.9327,8.0666,5.304,INFY
2025-11-04,1448.3583414401685,1450.511814804534,1431.9142548968182,1436.808349609375,8691330,1443.1739,1439.313,50.1146,6.2369,5.4905,INFY
2025-11-06,1447.2816360762577,1451.58846323567,1430.9354078512456,1435.6336669921875,7944752,1444.6515,1439.3449,53.8516,4.6386,5.3201,INFY
2025-11-07,1438.8638806951196,1449.533031326473,1418.4065403991735,1445.5198974609375,8765759,1444.864,1438.7146,57.0165,4.1221,5.0805,INFY
2025-11-10,1458.5381171839108,1487.8048281611332,1458.4402591842686,1481.4425048828125,9787975,1446.1833,1438.8509,73.2262,6.5361,5.3716,INFY
2025-11-11,1492.6989304110698,1500.9210336624128,1479.0933228205395,1497.88671875,13692989,1448.0549,1439.8849,72.8644,9.6647,6.2303,INFY
2025-11-12,1507.3812396717751,1526.1745164244364,1505.5214596999074,1518.8333740234375,14635417,1452.0198,1441.9259,74.166,13.6767,7.7196,INFY
2025-11-13,1524.1189242683809,1524.5104757353395,1497.8866487683968,1509.14306640625,19655689,1455.6593,1443.1985,61.0374,15.8912,9.3539,INFY
2025-11-14,1487.8047537888665,1497.59294295853,1457.2656513734084,1470.9691162109375,9739549,1458.1372,1443.7211,50.0997,14.3998,10.3631,INFY
2025-11-17,1464.3132041198487,1478.212385937251,1460.8873376663598,1475.66748046875,7910354,1460.9899,1444.7157,50.7624,13.4421,10.9789,INFY
2025-11-18,1474.1013313334302,1474.1013313334302,1451.784211591062,1454.91650390625,7525119,1464.2703,1445.6056,46.8665,10.8832,10.9597,INFY
2025-11-19,1458.9296699222182,1510.317665675936,1458.9296699222182,1508.4578857421875,10981126,1469.2734,1447.9211,55.799,13.0254,11.3729,INFY
2025-11-20,1522.0634729079381,1522.0634729079381,1501.5082748815287,1503.955322265625,7387584,1473.4971,1450.3722,58.4487,14.1962,11.9375,INFY
2025-11-21,1498.5718033380108,1518.6375916910017,1493.9714020948772,1512.2752685546875,9186302,1475.4326,1451.613,62.555,15.6154,12.6731,INFY
2025-11-24,1530.4813442936104,1551.4280945139647,1508.3600590826622,1515.2117919921875,19270381,1477.6643,1452.3668,62.5251,16.7836,13.4952,INFY
2025-11-25,1516.1905908718425,1517.7566773334454,1493.5798964672151,1498.1802978515625,8107952,1478.9416,1453.2216,62.5752,16.149,14.0259,INFY
2025-11-26,1499.6485223505715,1527.251289037942,1499.6485223505715,1524.902099609375,7575038,1481.7655,1454.3042,66.5577,17.5993,14.7406,INFY
2025-11-27,1530.8728564928056,1540.954739594805,1519.3227449478784,1533.2220458984375,7552252,1484.5062,1455.8849,66.3623,19.1988,15.6323,INFY
2025-11-28,1531.8516566735827,1535.179665000364,1524.0211050739736,1527.055419921875,4453221,1487.751,1457.2863,59.5727,19.7413,16.4541,INFY
2025-12-01,1529.4045743430058,1540.6609920101703,1523.042251313739,1530.872802734375,5341800,1491.7495,1458.5501,57.3102,20.2458,17.2124,INFY
2025-12-02,1533.8093151456649,1546.4361036663386,1523.1401645511503,1527.9364013671875,6335969,1495.4445,1459.4042,52.1924,20.1761,17.8052,INFY
2025-12-03,1522.1613705980963,1552.406900951154,1521.182551618934,1545.261474609375,12895312,1500.8672,1460.6125,58.3902,21.2737,18.4989,INFY
2025-12-04,1534.7880917871573,1565.1314788059085,1534.7880917871573,1563.7611083984375,12609619,1507.2735,1462.9755,73.7237,23.3669,19.4725,INFY
2025-12-05,1575.8985332981872,1597.2368345243183,1566.1103436503722,1581.9671630859375,10344725,1514.0959,1465.7413,75.4213,26.1929,20.8166,INFY
2025-12-08,1582.8481284293375,1595.4749170068917,1566.306063981828,1576.681640625,7550413,1518.8578,1468.4572,81.4459,27.6869,22.1906,INFY
2025-12-09,1567.2848235795727,1572.8641631737528,1548.883099378693,1565.1314697265625,6957599,1522.2201,1471.1311,68.6895,27.6205,23.2766,INFY
2025-12-10,1573.9408513587562,1573.9408513587562,1549.2746619298632,1551.2322998046875,5116140,1523.84,1474.2192,64.6809,26.145,23.8503,INFY
2025-12-11,1564.1527099609375,1573.3536321517727,1547.023378030827,1564.1527099609375,5159319,1526.5905,1477.7026,65.6619,25.7217,24.2246,INFY
2025-12-12,1567.4806809838458,1567.8722324584342,1549.0788370408115,1564.348388671875,4633912,1531.2595,1481.19,65.0841,25.1125,24.4022,INFY
2025-12-15,1551.4280562362142,1576.6816332735752,1551.4280562362142,1572.766357421875,4190558,1536.1144,1484.7685,74.1751,25.0206,24.5258,INFY
2025-12-16,1566.1103574156468,1569.0468143358012,1552.0153403019585,1559.1607666015625,5499258,1541.3266,1488.0595,62.1359,23.5781,24.3363,INFY
2025-12-17,1553.5814245843821,1572.8642300238714,1552.4068896118622,1568.0679931640625,4817628,1544.3071,1490.9618,62.2928,22.8897,24.047,INFY
2025-12-18,1576.3879761796316,1595.4749463972676,1572.6684162407605,1592.3427734375,6577293,1548.7265,1494.6871,70.4226,24.0261,24.0428,INFY
2025-12-19,1615.0513027562847,1619.847539612933,1595.2792073285575,1603.9906005859375,13149023,1553.3123,1497.9415,71.8039,25.5717,24.3486,INFY
2025-12-22,1628.7547583833573,1657.3362243784013,1628.7547583833573,1653.8125,23098923,1560.2423,1501.9166,79.334,30.4657,25.572,INFY
2025-12-23,1643.4370603643276,1643.4370603643276,1621.3157754082474,1632.9637451171875,6593060,1566.9815,1505.3668,70.1078,32.2896,26.9155,INFY
2025-12-24,1625.8182910699556,1632.2784723030877,1617.4983299175808,1628.16748046875,4271167,1572.1448,1509.1394,65.7567,32.9681,28.126,INFY
2025-12-26,1628.167521100225,1633.453167508233,1616.7152673020842,1621.0220947265625,2006491,1576.5348,1512.8328,60.1013,32.5539,29.0116,INFY
2025-12-29,1622.8818655924697,1637.6620082639456,1602.4245250544589,1609.863525390625,4062817,1580.6752,1516.6018,58.3292,30.9683,29.4029,INFY
2025-12-30,1612.1148331917736,1612.9957941560388,1582.554548282334,1587.2528076171875,9395937,1583.4942,1519.9746,55.2607,27.5694,29.0362,INFY
2025-12-31,1586.6655664923117,1594.1045668429529,1575.1154547350545,1581.1842041015625,6538656,1586.1566,1523.8121,57.3985,24.1082,28.0506,INFY
2026-01-01,1581.184158007412,1604.8715288376811,1579.9116455766828,1595.2791748046875,3658165,1588.6574,1527.5498,57.6442,22.246,26.8897,INFY
2026-01-02,1601.2499777187402,1608.6889779975038,1593.0278744696911,1605.6546630859375,2524526,1590.7521,1531.2733,59.6612,21.3612,25.784,INFY
2026-01-05,1602.3265912739637,1602.3265912739637,1549.568226955718,1572.374755859375,5917885,1590.2725,1533.2494,49.918,17.7697,24.1811,INFY
2026-01-06,1566.2081943610224,1585.5888575673962,1565.1315174017209,1578.0518798828125,4466729,1590.341,1535.3989,54.0942,15.2063,22.3862,INFY
2026-01-07,1580.7926463324388,1607.2207586859843,1580.7926463324388,1604.2843017578125,4508079,1592.2987,1538.0319,57.3007,15.1172,20.9324,INFY
2026-01-08,1604.186403368615,1609.472049603195,1574.5281413468902,1579.128662109375,3942131,1593.6935,1540.246,47.3456,12.8684,19.3196,INFY
2026-01-09,1575.898487352098,1596.747378487979,1572.9620305433675,1579.91162109375,6816681,1594.4814,1542.2761,44.9424,11.0224,17.6602,INFY
2026-01-12,1575.996349102621,1579.1286413969012,1558.867017677559,1562.09716796875,6985362,1594.3689,1544.2748,27.7435,8.0293,15.734,INFY
2026-01-13,1583.7290294043642,1583.7290294043642,1552.7983751003353,1565.1314697265625,8080618,1593.9871,1546.5594,31.9812,5.8349,13.7542,INFY
2026-01-14,1554.3644397699236,1582.7501883551427,1549.5682031809922,1565.91455078125,7557157,1594.3248,1548.797,33.1031,4.1116,11.8257,INFY
2026-01-15,1565.91455078125,1565.91455078125,1565.91455078125,1565.91455078125,0,1594.2171,1551.3791,34.4389,2.7146,10.0034,INFY
2026-01-16,1628.461030733189,1658.119292555676,1618.3792672921977,1654.00830078125,19335957,1597.3004,1555.7466,58.6898,8.6165,9.7261,INFY
2026-01-19,1649.309891747184,1649.309891747184,1631.201741600405,1645.59033203125,5104958,1599.3804,1559.748,62.1632,12.4708,10.275,INFY
2026-01-20,1637.5641409981627,1644.6115898062917,1617.889903547792,1623.7628173828125,6406503,1597.8779,1562.5944,58.3301,13.6073,10.9415,INFY
2026-01-21,1616.0301458476063,1621.9030597634667,1596.6494821313709,1619.358154296875,6224582,1597.1976,1565.0238,54.8965,13.9912,11.5514,INFY
2026-01-22,1630.712428320841,1635.8022392467942,1618.7708845027832,1628.265380859375,6228892,1597.2025,1567.2125,54.6256,14.8431,12.2097,INFY
2026-01-23,1631.8869227568262,1640.2068839190629,1626.9928279555104,1635.4107666015625,5869137,1597.922,1569.7378,64.4395,15.9114,12.9501,INFY
2026-01-27,1650.0930280724322,1653.6167523834592,1625.9161283991023,1647.05859375,10673087,1599.7817,1573.2596,65.3863,17.4962,13.8593,INFY
2026-01-28,1644.4158380681818,1653.029492632909,1615.05126953125,1631.2017822265625,8588664,1601.9792,1576.3703,56.2929,17.2736,14.5422,INFY
2026-01-29,1622.8818691859371,1631.2018305177105,1607.318623503672,1624.35009765625,4749582,1604.1375,1579.759,61.5616,16.3557,14.9049,INFY
2026-01-30,1619.9454090553113,1619.9454090553113,1583.8269648597889,1606.241943359375,9207926,1604.6856,1581.7147,56.1839,14.0057,14.725,INFY
2026-02-02,1626.7970461591942,1626.7970461591942,1583.7290136495644,1594.8875732421875,6784887,1604.1472,1583.5333,57.9422,11.0991,13.9998,INFY
2026-02-03,1690.616056346825,1691.3991593070652,1617.9877374621406,1620.9241943359375,8805868,1606.5747,1585.7063,62.1587,10.7724,13.3543,INFY
2026-02-04,1540.66097646391,1551.3301265638145,1478.1144237257668,1503.2701416015625,28828622,1602.8356,1585.4675,40.9553,1.0081,10.8851,INFY
2026-02-05,1501.5082372972433,1518.1481590925844,1483.5958031001303,1488.00048828125,10628127,1597.0214,1585.2639,39.2258,-7.8715,7.1338,INFY
2026-02-06,1489.86026239605,1492.6988611765453,1448.6520095352703,1475.177978515625,13900866,1591.8239,1584.2694,18.7692,-15.7616,2.5547,INFY
2026-02-09,1489.8602864300617,1495.6353420798034,1461.376679139494,1465.4876708984375,8294615,1586.1027,1582.9147,18.6862,-22.5368,-2.4636,INFY
2026-02-10,1468.2284271414342,1483.7916723660803,1459.4190565785855,1466.0750732421875,8657000,1581.3016,1581.6951,20.3969,-27.5412,-7.4791,INFY
2026-02-11,1469.4029562852068,1474.003477029586,1437.885033967625,1440.7236328125,7934411,1575.0812,1579.8921,18.9097,-33.1706,-12.6174,INFY
2026-02-12,1398.6344233110094,1405.2903204885395,1351.259562174479,1356.64306640625,26048896,1564.6176,1576.4662,12.5304,-43.9103,-18.876,INFY
2026-02-13,1266.493817560756,1348.1273389393946,1254.3564391221673,1340.1009521484375,45785709,1553.3269,1572.363,10.2922,-53.1439,-25.7296,INFY
2026-02-16,1344.6035807140283,1346.854912154694,1309.953484521095,1336.6751708984375,14621891,1537.4603,1567.8213,7.3217,-60.0457,-32.5928,INFY
2026-02-17,1340.9819956812096,1400.6899531531467,1338.0455387563604,1361.73291015625,25347684,1523.2674,1563.4166,13.8619,-62.77,-38.6282,INFY
2026-02-18,1361.4392729027982,1371.3253201935424,1316.805153615715,1344.603515625,20241373,1509.3095,1558.7751,13.4901,-65.5555,-44.0137,INFY
2026-02-19,1355.6643110050506,1372.3042339560152,1334.326009074035,1341.471435546875,14574228,1495.4151,1554.3019,14.0388,-67.2407,-48.6591,INFY
2026-02-20,1330.4106332686276,1336.0878308198503,1309.8554358713993,1324.5377197265625,12633552,1480.2287,1549.768,13.8293,-69.1456,-52.7564,INFY
2026-02-23,1323.3632672728343,1323.3632672728343,1290.0834217940796,1299.3822021484375,12887826,1463.4273,1544.4726,6.8785,-71.8567,-56.5765,INFY
2026-02-24,1273.4434027288626,1275.988307999553,1237.3249610296912,1248.4835205078125,27839061,1443.4986,1538.1553,8.3787,-77.2222,-60.7056,INFY
2026-02-25,1258.9568742250233,1295.564726518415,1258.9568742250233,1262.7742919921875,16669618,1425.0772,1531.9554,13.0895,-79.4059,-64.4457,INFY
2026-02-26,1277.848187510079,1286.168148899459,1259.054910753846,1261.7955322265625,11493914,1406.9495,1526.0081,13.6182,-80.29,-67.6145,INFY
2026-02-27,1298.207628321947,1306.723305439908,1266.7874442662774,1272.5625,23141724,1390.2655,1520.098,17.2265,-79.2087,-69.9334,INFY
2026-03-02,1263.6552272829085,1271.290062662244,1246.0364867011174,1261.5997314453125,9700361,1373.6011,1513.4831,16.4471,-78.3335,-71.6134,INFY
2026-03-04,1264.6340504084835,1289.104523520103,1264.6340504084835,1279.7078857421875,15154950,1356.5403,1506.9975,22.9352,-75.3105,-72.3528,INFY
2026-03-05,1292.0410271405913,1292.0410271405913,1262.7743163409898,1278.141845703125,10362147,1345.2839,1499.4841,31.7395,-72.2088,-72.324,INFY
2026-03-06,1275.4011212294208,1299.0884925711757,1275.4011212294208,1280.686767578125,8724291,1334.9182,1492.4385,35.2168,-68.7527,-71.6098,INFY
2026-03-09,1262.676497890922,1290.0834296280893,1255.3353554613236,1287.14697265625,10068514,1325.5166,1485.6181,37.8599,-64.7462,-70.237,INFY
2026-03-10,1292.0410437407636,1293.0198627132945,1256.9014187299574,1268.1578369140625,9600171,1315.6501,1478.5608,26.36,-62.3841,-68.6664,INFY
2026-03-11,1260.7188580118502,1271.975276386956,1244.3726286871142,1249.2667236328125,7868891,1304.8097,1471.3489,26.1275,-61.3295,-67.199,INFY
2026-03-12,1245.5471752363726,1251.5179472285731,1231.3542997621664,1238.9891357421875,7599940,1294.723,1464.3836,25.2248,-60.6242,-65.8841,INFY
2026-03-13,1224.5025045780033,1242.7085131232232,1216.280401513626,1221.8597412109375,7366098,1287.9838,1457.1971,25.201,-60.7472,-64.8567,INFY
2026-03-16,1213.931245180508,1227.7326883178384,1198.2701415781937,1223.3280029296875,12314450,1282.1452,1449.7581,29.2579,-60.0341,-63.8922,INFY
2026-03-17,1218.6295738865974,1218.6295738865974,1189.3628638376754,1206.785888671875,11223276,1275.6507,1441.7807,36.0053,-60.1109,-63.1359,INFY
2026-03-18,1211.7778669014497,1263.459555545422,1208.7435520363658,1240.261474609375,12365381,1269.5771,1435.1385,43.3062,-56.8156,-61.8719,INFY
2026-03-19,1217.846529327881,1228.4178221249233,1189.3629208552388,1194.9422607421875,9156461,1262.0941,1427.4763,34.2699,-57.2016,-60.9378,INFY
2026-03-20,1215.6930991638783,1238.0102183433878,1203.1641691885866,1229.2987060546875,27299975,1256.4854,1419.9766,40.8375,-54.1115,-59.5725,INFY
2026-03-23,1211.9735596886824,1234.3885372371806,1201.4023868626336,1230.1796875,12420293,1251.7675,1412.9976,43.0489,-51.0035,-57.8587,INFY
2026-03-24,1242.1213008151199,1269.5282325903943,1224.5025589595862,1251.224365234375,13613495,1249.3596,1406.4239,43.7794,-46.3084,-55.5487,INFY
2026-03-25,1243.100095463166,1263.263742406015,1230.4733068170258,1252.00732421875,10824030,1249.5358,1400.2221,44.2728,-42.0398,-52.8469,INFY
2026-03-27,1257.9780904958054,1267.3748481809973,1236.444073189259,1242.806396484375,13092541,1248.5374,1393.7756,41.9341,-38.9503,-50.0676,INFY
2026-03-30,1223.5236944376795,1238.6953882487069,1216.6719617488286,1224.1109619140625,14108486,1246.6532,1386.9395,37.2425,-37.5772,-47.5695,INFY
2026-04-01,1262.6764804554484,1275.4011271577126,1242.610691424955,1248.6793212890625,8137156,1245.4591,1380.5948,46.1449,-34.1134,-44.8783,INFY
2026-04-02,1233.3119397486187,1277.7503462365091,1233.116223742555,1273.247802734375,12873492,1246.0415,1372.9796,54.6419,-29.0509,-41.7128,INFY
2026-04-06,1273.8350657038357,1292.041075138383,1271.4858762157266,1278.5333251953125,10208682,1245.9827,1365.6384,57.8052,-24.3319,-38.2366,INFY
2026-04-07,1274.4222980187042,1316.609371698259,1266.1023367797188,1311.0301513671875,15355792,1247.6271,1359.3838,66.5938,-17.765,-34.1423,INFY
2026-04-08,1320.4267760360608,1347.7358488962445,1302.8080347694565,1317.68603515625,16030133,1249.4771,1353.3503,67.2266,-11.8866,-29.6912,INFY
2026-04-09,1301.7313192842819,1309.170319257509,1286.1680743957882,1303.395263671875,14894607,1250.2895,1346.8529,67.7838,-8.2856,-25.41,INFY
2026-04-10,1290.0834192154255,1290.9643801968148,1256.1184483091881,1265.12353515625,19233369,1250.1378,1339.4472,54.4972,-8.4229,-22.0126,INFY
2026-04-13,1245.0577246851824,1261.6976471062894,1238.8911174058185,1249.756103515625,10366082,1250.1623,1331.5011,61.1199,-9.6603,-19.5421,INFY
2026-04-15,1278.631284802942,1294.4881045276459,1272.9540869097948,1277.6524658203125,12098912,1252.0954,1324.4301,60.0734,-8.2944,-17.2926,INFY
2026-04-16,1294.0965334739733,1302.808046184627,1281.2740288923192,1291.2579345703125,18527029,1255.5654,1317.7683,62.0837,-6.0444,-15.0429,INFY
2026-04-17,1285.1893342368037,1300.165312581974,1278.4354593069281,1290.7685546875,12064048,1258.9374,1311.4588,58.516,-4.2517,-12.8847,INFY
2026-04-20,1292.0410136169874,1296.8372503675125,1280.3930442184933,1284.7977294921875,7172300,1262.838,1305.257,56.9072,-3.275,-10.9628,INFY
2026-04-21,1282.2528368892558,1296.9351212811175,1271.7795218169556,1285.385009765625,10057440,1265.0941,1298.5463,59.3068,-2.4256,-9.2553,INFY
2026-04-22,1267.5705813427946,1270.2133447995752,1229.2987830540255,1241.729736328125,20088378,1267.4335,1293.3154,53.4722,-5.215,-8.4473,INFY
2026-04-23,1227.438951608261,1238.891085420282,1200.0320212693207,1214.32275390625,14792854,1266.6847,1287.8419,43.3041,-9.5273,-8.6633,INFY
2026-04-24,1174.5826894228176,1197.9764852174349,1127.7950978335834,1130.144287109375,42078914,1261.683,1280.9412,27.3684,-19.5124,-10.8331,INFY
2026-04-27,1130.1443119385692,1154.9084786451926,1130.04645394258,1145.5118408203125,19579883,1256.3973,1274.5417,29.613,-25.8872,-13.8439,INFY
2026-04-28,1138.0727223885278,1144.6308809119316,1125.4460537763027,1127.697265625,12720276,1250.1818,1267.7741,20.578,-32.0078,-17.4767,INFY
2026-04-29,1133.961747660014,1153.2444330805374,1132.2978032475876,1142.7711181640625,8303109,1245.1801,1261.8151,22.6675,-35.2359,-21.0285,INFY
2026-04-30,1142.7711514334947,1164.5988623339997,1135.0384576467616,1156.768310546875,12205669,1241.8129,1257.8176,27.0668,-36.2469,-24.0722,INFY
2026-05-01,1156.768310546875,1156.768310546875,1156.768310546875,1156.768310546875,0,1237.2174,1254.1509,30.7478,-36.6259,-26.583,INFY
2026-05-04,1169.6886601132755,1169.6886601132755,1140.5198072387318,1143.652099609375,7735811,1230.7376,1250.2905,30.9958,-37.5518,-28.7767,INFY
2026-05-05,1144.728787187228,1160.0961972461241,1135.5278649580357,1153.1466064453125,8164108,1224.4683,1246.1188,26.1261,-37.0919,-30.4398,INFY
2026-05-06,1161.8580797644604,1166.2627649868193,1139.443102180398,1142.4774169921875,9856963,1216.0406,1242.0762,21.1466,-37.16,-31.7838,INFY
2026-05-07,1148.1546369607545,1150.5038263553197,1134.6468875555572,1138.07275390625,12013987,1207.06,1238.0083,20.8303,-37.1412,-32.8553,INFY
2026-05-08,1136.4088093734103,1158.4322359116547,1134.2554554613432,1154.2232666015625,7582770,1199.6014,1234.602,25.9899,-35.4148,-33.3672,INFY
2026-05-11,1151.0911273032605,1161.8581361470833,1147.2737093616843,1152.0699462890625,7336288,1193.9487,1231.6557,25.6264,-33.8305,-33.4598,INFY
2026-05-12,1137.3876630949442,1137.3876630949442,1099.2137225952,1116.1473388671875,16891948,1187.2682,1229.009,26.372,-35.0693,-33.7817,INFY
2026-05-13,1112.5255790772605,1118.398492694932,1097.2560275682617,1099.3115234375,6664111,1178.3512,1225.7398,27.4646,-36.9832,-34.422,INFY
2026-05-14,1096.0815207310736,1098.137016652994,1065.933848927119,1071.8067626953125,16914842,1167.3786,1221.94,35.3058,-40.2554,-35.5887,INFY
2026-05-15,1078.658538900176,1109.1976439317652,1078.266987402901,1095.2984619140625,17482450,1157.6051,1218.3947,37.8494,-40.4863,-36.5682,INFY
2026-05-18,1095.2984136735845,1121.8243835304838,1094.319594715878,1118.3006591796875,12096377,1149.2803,1215.5287,47.7819,-38.3709,-36.9288,INFY
2026-05-19,1137.3876555901809,1173.0166903851343,1137.3876555901809,1171.5484619140625,32175705,1143.5884,1213.3655,55.7557,-32.0286,-35.9487,INFY
2026-05-20,1161.8580984968487,1181.3366195800531,1159.802602590221,1168.4161376953125,15121010,1139.9228,1211.171,52.4355,-26.9444,-34.1479,INFY
2026-05-21,1170.7653346096859,1176.3446743746752,1152.0699163634372,1156.180908203125,10021033,1137.0157,1208.6809,49.8832,-23.6301,-32.0443,INFY
2026-05-22,1157.4533539662823,1166.5564175672662,1147.6651649263981,1149.622802734375,8803066,1137.9896,1205.9304,51.2195,-21.2872,-29.8929,INFY
2026-05-25,1157.9428754813864,1159.900513478819,1141.4008105061328,1143.75,5856136,1137.9015,1203.4423,48.052,-19.6775,-27.8498,INFY
2026-05-26,1141.5965459846338,1155.6914427435413,1138.2685377836078,1142.966796875,8005767,1138.665,1201.3163,50.1058,-18.2546,-25.9308,INFY
2026-05-27,1136.4088302961693,1142.5754376343073,1130.5359164445094,1135.3321533203125,6371871,1138.293,1199.2431,49.4157,-17.5408,-24.2528,INFY
2026-05-28,1135.3321533203125,1135.3321533203125,1135.3321533203125,1135.3321533203125,0,1137.2212,1197.5126,45.6746,-16.7817,-22.7586,INFY
2026-05-29,1156.96396849116,1184.370898370815,1129.1654871448488,1136.3109130859375,69085430,1136.1984,1195.7722,46.3722,-15.9176,-21.3904,INFY
2026-06-01,1150.1122640819906,1191.222659904496,1148.8397516554953,1177.02978515625,19439331,1137.8672,1195.1771,63.7125,-11.811,-19.4745,INFY
2026-06-02,1206.3943648530496,1251.811588367994,1206.3943648530496,1243.8831787109375,36032600,1142.4041,1195.2495,76.5743,-3.1259,-16.2048,INFY
2026-06-03,1215.7909483013548,1223.425783618914,1190.2437985614154,1196.7039794921875,18534303,1145.1154,1195.2848,71.4094,-0.0493,-12.9737,INFY
2026-06-04,1182.4132636253246,1189.4607121046952,1170.8631524946943,1175.855224609375,12755957,1147.0045,1194.2159,63.935,0.6986,-10.2392,INFY
2026-06-05,1194.159169493737,1197.8787294549086,1169.0035692089534,1172.1357421875,8692290,1147.9001,1193.055,59.9782,0.9798,-7.9954,INFY
2026-06-08,1152.559265415463,1175.26781631171,1151.5804465064052,1162.4453125,8631711,1148.4189,1191.2794,47.9879,0.416,-6.3131,INFY
2026-06-09,1168.3182691086097,1168.3182691086097,1142.5754025403635,1155.300048828125,10984054,1150.3766,1189.3453,47.1514,-0.6005,-5.1706,INFY
2026-06-10,1160.0999755859375,1171.4000244140625,1143.300048828125,1145.300048828125,8887626,1152.676,1187.3952,47.6137,-2.1878,-4.5741,INFY
2026-06-11,1129.699951171875,1133.699951171875,1109.0,1114.5999755859375,9372176,1154.8156,1185.2049,43.0545,-5.8555,-4.8303,INFY
2026-06-12,1120.0,1123.300048828125,1111.5,1116.4000244140625,8075333,1155.8707,1182.5594,44.4871,-8.5187,-5.568,INFY
2026-06-15,1130.0,1151.0,1123.0,1134.9000244140625,7856192,1156.7007,1179.7924,48.4824,-9.0324,-6.2609,INFY
2026-06-16,1136.9000244140625,1153.800048828125,1123.199951171875,1143.5999755859375,10456090,1155.3033,1177.0937,51.5492,-8.6379,-6.7363,INFY
2026-06-17,1149.0,1162.5,1148.0,1157.699951171875,5995119,1154.7674,1174.0271,53.981,-7.1056,-6.8102,INFY
2026-06-18,1142.9000244140625,1142.9000244140625,1125.300048828125,1127.5,16781447,1153.3334,1170.2234,48.5796,-8.2332,-7.0948,INFY
2026-06-19,1062.300048828125,1066.0,1030.0,1051.4000244140625,45665442,1148.4223,1165.1835,31.8211,-15.0935,-8.6945,INFY
2026-06-22,1055.0,1080.300048828125,1055.0,1065.4000244140625,10178505,1144.5048,1161.189,19.5091,-19.1796,-10.7915,INFY
2026-06-23,1053.800048828125,1055.300048828125,1026.0,1029.300048828125,19323064,1138.8214,1156.7799,20.2767,-25.0421,-13.6417,INFY
2026-06-24,1040.9000244140625,1065.5,1037.699951171875,1056.5999755859375,12346266,1134.8848,1152.3589,29.2999,-27.1721,-16.3477,INFY
2026-06-25,1065.0,1068.0,1039.0999755859375,1041.199951171875,15866779,1130.1782,1147.3577,28.1581,-29.7598,-19.0301,INFY
2026-06-26,1041.199951171875,1041.199951171875,1041.199951171875,1041.199951171875,0,1125.4227,1142.3663,29.0989,-31.448,-21.5137,INFY
2026-06-29,1037.0999755859375,1046.5999755859375,1029.0999755859375,1036.699951171875,15080892,1118.4062,1137.4044,29.3667,-32.7712,-23.7652,INFY
2026-06-30,1030.0,1030.4000244140625,996.0,1000.4000244140625,24128263,1106.232,1131.7047,26.9047,-36.3302,-26.2782,INFY
2026-07-01,1006.0,1014.0,982.4000244140625,985.2999877929688,13037982,1095.6618,1126.5761,28.3126,-39.9092,-29.0044,INFY
2026-07-02,1006.4000244140625,1045.0,1006.0,1040.9000244140625,18741111,1088.9141,1123.1076,39.2725,-37.823,-30.7681,INFY
2026-07-03,1063.0,1068.699951171875,1042.0,1047.199951171875,11653534,1082.6673,1121.4487,37.0915,-35.255,-31.6655,INFY
2026-07-06,1050.0999755859375,1053.0,1033.0,1042.199951171875,5559747,1076.655,1119.3825,34.9107,-33.2401,-31.9804,INFY
2026-07-07,1040.5999755859375,1087.5,1040.5999755859375,1071.800048828125,18866296,1072.48,1118.2646,37.7809,-28.9215,-31.3686,INFY
2026-07-08,1071.9000244140625,1079.699951171875,1064.4000244140625,1069.300048828125,13022221,1068.68,1116.7951,41.013,-25.4077,-30.1765,INFY
2026-07-09,1062.699951171875,1062.699951171875,1040.4000244140625,1050.800048828125,9003333,1065.49,1114.6758,49.8873,-23.841,-28.9094,INFY
2026-07-10,1075.0,1091.300048828125,1064.699951171875,1068.0,9747266,1063.07,1112.9004,50.4825,-20.9698,-27.3215,INFY
2026-07-13,1057.0999755859375,1114.9000244140625,1057.0999755859375,1102.5999755859375,20994760,1061.455,1112.0794,63.6805,-15.7212,-25.0014,INFY
2026-07-14,1107.800048828125,1113.5,1090.0,1092.9000244140625,14819413,1058.92,1110.8744,57.2513,-12.2036,-22.4418,INFY
2026-07-15,1079.0,1088.0999755859375,1073.0,1076.300048828125,8501933,1054.85,1109.5509,56.9782,-10.6328,-20.08,INFY
2026-07-16,1082.5,1097.300048828125,1077.9000244140625,1082.4000244140625,8592146,1052.595,1108.4374,57.9969,-8.7944,-17.8229,INFY
2026-07-17,1105.0,1116.800048828125,1092.0,1096.5,12547728,1054.85,1107.283,61.1901,-6.129,-15.4841,INFY
2026-07-20,1102.0,1103.800048828125,1083.199951171875,1087.0999755859375,6372645,1055.935,1105.9836,68.0399,-4.7208,-13.3315,INFY
2026-07-21,1080.0,1094.5,1067.199951171875,1073.5,9485229,1058.145,1105.1306,68.4673,-4.6486,-11.5949,INFY
2026-07-22,1064.0,1069.300048828125,1046.199951171875,1052.0999755859375,7517203,1057.92,1104.1864,52.737,-6.2461,-10.5251,INFY
2026-07-23,1046.9000244140625,1058.5,1032.0,1047.4000244140625,13794578,1058.23,1103.6983,50.0493,-7.8015,-9.9804,INFY
2026-07-24,1028.0,1043.4000244140625,1013.9000244140625,1040.9000244140625,29036900,1058.215,1102.6103,49.6822,-9.4497,-9.8743,INFY
2026-07-27,1065.0,1082.0,1057.4000244140625,1079.199951171875,15956349,1060.34,1101.8283,51.7354,-7.5781,-9.415,INFY
2026-07-28,1097.0,1118.5,1097.0,1105.699951171875,28100895,1065.605,1100.5113,57.6728,-3.9114,-8.3143,INFY
2026-07-29,1147.0,1164.5,1128.4000244140625,1155.5999755859375,34400369,1074.12,1100.255,69.5086,2.9865,-6.0542,INFY
2026-07-30,1168.0,1187.699951171875,1151.300048828125,1155.0999755859375,22630218,1079.83,1100.2334,67.2886,8.317,-3.1799,INFY
2026-07-31,1118.9000244140625,1139.300048828125,1107.199951171875,1130.0999755859375,14367075,1083.975,1099.8429,55.6748,10.4042,-0.4631,INFY
2026-08-03,1145.0999755859375,1180.0,1138.0999755859375,1180.0,8582270,1090.865,1100.5679,65.4159,15.9015,2.8098,INFY
2026-08-04,1168.0,1175.699951171875,1153.300048828125,1167.5,9243589,1095.65,1101.0586,66.3793,19.0302,6.0539,INFY
2026-08-05,1174.699951171875,1177.5,1162.300048828125,1174.0,9964155,1100.885,1101.8319,66.4275,21.7831,9.1997,INFY
2026-08-06,1174.0999755859375,1185.800048828125,1163.0,1165.0,8521064,1106.595,1102.4253,62.5137,22.9737,11.9545,INFY
2026-08-07,1160.0,1183.0,1155.5999755859375,1175.0999755859375,7581410,1111.95,1103.2011,66.035,24.4504,14.4537,INFY
2026-08-10,1178.0999755859375,1195.0,1175.199951171875,1183.0,9377001,1115.97,1103.3205,70.3759,25.959,16.7548,INFY
2026-08-11,1188.0,1193.5,1182.0,1190.699951171875,10160091,1120.86,1102.2568,77.1765,27.4593,18.8957,INFY
2026-08-12,1185.5999755859375,1190.4000244140625,1163.300048828125,1176.0999755859375,7529777,1125.85,1101.8447,74.2922,27.1571,20.548,INFY
2026-08-13,1170.0,1175.0,1157.0,1175.0,6234215,1130.48,1101.8276,75.8382,26.5232,21.743,INFY
2026-08-14,1170.4000244140625,1174.0999755859375,1158.9000244140625,1169.199951171875,5844763,1134.115,1101.7689,69.8238,25.2616,22.4467,INFY
2026-08-17,1163.9000244140625,1166.5,1129.699951171875,1139.9000244140625,5817153,1136.755,1101.318,57.4413,21.6479,22.287,INFY
2026-08-18,1124.5,1131.9000244140625,1112.5,1115.0,8851110,1138.83,1100.512,40.0879,16.5837,21.1463,INFY
2026-08-19,1125.5999755859375,1134.699951171875,1113.800048828125,1119.800048828125,8408573,1142.215,1100.002,41.5591,12.8099,19.479,INFY
2026-08-20,1143.0,1144.699951171875,1125.699951171875,1130.0,8559841,1146.345,1100.31,49.9743,10.5209,17.6874,INFY
2026-08-21,1133.0,1133.5,1118.0,1121.0,6090905,1150.35,1100.402,30.7692,7.8897,15.7279,INFY
2024-08-21,790.1250159925943,793.2552686183906,785.1264103072706,789.0088500976562,47630904,789.0089,789.0089,,0.0,0.0,HDFCBANK
2024-08-22,792.0177293410987,795.0751744192786,790.0765094162431,791.6780395507812,21300638,790.3434,790.3434,,0.2129,0.0426,HDFCBANK
2024-08-23,792.988292052303,792.988292052303,787.6499375770427,788.6448364257812,20333422,789.7772,789.7772,,0.1354,0.0611,HDFCBANK
2024-08-26,792.1147410094821,799.7582942162704,792.1147410094821,795.8758544921875,22364266,791.3019,791.3019,,0.6499,0.1789,HDFCBANK
2024-08-27,797.550212512406,799.4914324239653,792.1147612152419,794.8082275390625,35773244,792.0032,792.0032,,0.9604,0.3352,HDFCBANK
2024-08-28,794.808257947526,795.7788679404401,791.1441815277424,794.4927978515625,26921188,792.4181,792.4181,,1.1676,0.5017,HDFCBANK
2024-08-29,796.8707505966252,798.035494358065,791.6052035874162,795.1964721679688,49052604,792.815,792.815,,1.3728,0.6759,HDFCBANK
2024-08-30,803.6650654368904,806.5768953841255,786.7521983416328,794.395751953125,445342100,793.0126,793.0126,,1.454,0.8315,HDFCBANK
2024-09-02,799.200245545704,799.200245545704,787.747000900005,789.56689453125,34049680,792.6297,792.6297,,1.1158,0.8884,HDFCBANK
2024-09-03,792.9883149182248,795.8758557711201,788.4264363868309,794.6140747070312,37282860,792.8282,792.8282,,1.2408,0.9589,HDFCBANK
2024-09-04,795.4148650304477,798.2296576209254,792.0177301584446,796.7737426757812,24682744,793.1869,793.1869,,1.4969,1.0665,HDFCBANK
2024-09-05,798.8119853769339,800.7046866194709,796.8707654853739,798.5450439453125,22876318,793.6334,793.6334,,1.8217,1.2175,HDFCBANK
2024-09-06,795.0751920423825,799.6613005199742,793.0368755313057,794.4199829101562,26029602,793.6939,793.6939,,1.7264,1.3193,HDFCBANK
2024-09-09,794.9295949741877,800.0252975060735,791.0956736019307,799.0546875,23792914,794.0768,794.0768,,2.0018,1.4558,HDFCBANK
2024-09-10,802.694470803164,802.694470803164,794.9295907953946,800.923095703125,26606646,794.5332,794.5332,64.7981,2.3438,1.6334,HDFCBANK
2024-09-11,800.9473289635273,801.9664575454252,795.5118777911906,797.7928466796875,22226684,794.7369,794.7369,57.5089,2.3353,1.7738,HDFCBANK
2024-09-12,802.6944342572692,810.4593139115112,799.32158835399,808.8092651367188,32424046,795.5647,795.5647,70.7026,3.1808,2.0552,HDFCBANK
2024-09-13,812.400503038587,812.400503038587,804.1746076631325,808.4937744140625,23860532,796.283,796.283,65.0987,3.7819,2.4005,HDFCBANK
2024-09-16,809.0033572167779,814.2446744093743,807.5717313009576,810.9202880859375,15172820,797.0534,797.0534,68.6726,4.4033,2.8011,HDFCBANK
2024-09-17,814.3417964992565,814.3417964992565,807.6203340438791,809.8770141601562,20127122,797.6946,797.6946,67.5333,4.7567,3.1922,HDFCBANK
2024-09-18,811.3570886275262,824.4846115422112,810.9931099061356,822.494873046875,40917342,799.3689,798.8755,74.4672,5.986,3.751,HDFCBANK
2024-09-19,824.6301946967953,834.2392569551141,824.6059649927001,829.1435546875,30651776,801.2422,800.2514,78.189,7.4112,4.483,HDFCBANK
2024-09-20,833.0259912779876,846.8328941482245,828.6825354394553,845.0130004882812,60623386,804.0606,802.1975,88.147,9.7093,5.5283,HDFCBANK
2024-09-23,848.7984163669939,857.2184459846895,844.5519977602407,854.0397338867188,26965350,806.9688,804.3576,88.7624,12.1193,6.8465,HDFCBANK
2024-09-24,856.5633141386422,864.6436541344489,851.3462854547951,858.0435180664062,33039036,810.1305,806.505,89.0264,14.1887,8.3149,HDFCBANK
2024-09-25,854.2095613390953,867.7252930088929,854.2095613390953,863.4060668945312,31965312,813.5762,808.6935,89.5064,16.0762,9.8672,HDFCBANK
2024-09-26,860.4700264333525,867.7253122548344,858.0435015109396,865.5171508789062,31899644,817.0922,810.7981,94.394,17.5401,11.4018,HDFCBANK
2024-09-27,862.3869272945984,862.9692695590985,849.2836931713828,850.5697631835938,35613502,819.9009,812.2185,78.4967,17.2948,12.5804,HDFCBANK
2024-09-30,848.7013681367213,849.987378933711,836.8599148404105,840.572509765625,26383534,822.4512,813.1963,70.1232,16.108,13.2859,HDFCBANK
2024-10-01,836.6657512217993,845.4012405036974,834.7730500291224,837.7333984375,24572284,824.6072,814.0142,70.331,14.7682,13.5824,HDFCBANK
2024-10-03,832.6134208058019,837.7091226063172,812.0849984271958,816.2828979492188,48473398,825.5826,814.0874,53.439,11.839,13.2337,HDFCBANK
2024-10-04,812.6431974622866,820.4808848190723,802.2091402837622,804.4658203125,48683232,825.8787,813.7867,48.3239,8.4664,12.2802,HDFCBANK
2024-10-07,801.8208473760044,805.1209448670484,782.7969162571121,785.1264038085938,94458296,825.414,812.9182,40.5913,4.1849,10.6612,HDFCBANK
2024-10-08,791.0471237749532,804.0533210403008,787.164683903665,801.2628173828125,29734406,825.5244,812.5754,47.1695,2.07,8.9429,HDFCBANK
2024-10-09,800.510591541895,804.0290527657074,790.4162239204929,792.5758666992188,41125642,825.107,812.004,39.9083,-0.3036,7.0936,HDFCBANK
2024-10-10,795.4147877416559,808.2510795642027,792.2603056670246,806.7709350585938,21754766,825.5559,811.8586,42.8193,-1.0274,5.4694,HDFCBANK
2024-10-11,807.7658537028776,807.7658537028776,797.4774117796152,801.238525390625,23672594,825.1774,811.5716,34.9516,-2.0241,3.9707,HDFCBANK
2024-10-14,803.689357680797,821.1603374358971,802.6944587482099,819.2433471679688,18527508,825.7149,811.7735,38.7335,-1.3457,2.9074,HDFCBANK
2024-10-15,822.1066552857113,824.0478752509669,813.1285129464045,817.3021240234375,19651130,826.034,811.9152,36.63,-0.9536,2.1352,HDFCBANK
2024-10-16,815.3609038822862,828.8766360391955,815.3609038822862,824.9214477539062,20470682,826.7862,812.2404,37.5549,-0.0278,1.7026,HDFCBANK
2024-10-17,822.5676501021808,823.8780090897097,808.1298269832027,811.988037109375,14695732,826.2608,812.2342,33.8222,-0.3338,1.2953,HDFCBANK
2024-10-18,807.1106759435778,820.6506963237373,802.7429312558701,816.2101440429688,24809724,825.6142,812.3289,38.8958,-0.233,0.9897,HDFCBANK
2024-10-21,832.2980010606213,848.3858722296796,830.3810701774502,838.9466552734375,46548354,825.3109,812.9479,49.5145,1.6624,1.1242,HDFCBANK
2024-10-22,839.6018778313584,844.4306385333365,830.2111793718472,832.0796508789062,38875280,824.2129,813.3827,48.3515,2.5806,1.4155,HDFCBANK
2024-10-23,827.4693270680456,847.5851959404977,827.4693270680456,842.3924560546875,38036090,823.4303,814.0274,58.1417,4.0933,1.9511,HDFCBANK
2024-10-24,843.5085952441257,858.3346864549975,843.5085952441257,849.1138916015625,30832258,822.7157,814.7901,64.3795,5.768,2.7144,HDFCBANK
2024-10-25,851.7102756678665,853.0933830706845,838.9467304613248,846.0807495117188,26130478,821.7439,815.4559,71.9351,6.7724,3.526,HDFCBANK
2024-10-28,845.4013084513175,849.7690534433162,839.0438248112304,841.6159057617188,22012142,821.2962,816.0009,65.8532,7.126,4.246,HDFCBANK
2024-10-29,837.7092042477628,856.0779859182065,837.1996103215174,850.1815185546875,35794926,821.7766,816.6985,72.6527,8.0051,4.9978,HDFCBANK
2024-10-30,845.4013275164265,851.5889663946322,836.7628746409074,841.81005859375,32715724,821.9805,817.2007,64.4401,7.9348,5.5852,HDFCBANK
2024-10-31,838.6069864702176,843.8968224808245,834.4333755848933,842.3438110351562,22895912,823.2835,818.2674,67.6679,7.8319,6.0346,HDFCBANK
2024-11-01,841.0335262277963,846.4203996311912,837.6849100339031,843.120361328125,1759692,825.2162,819.2962,62.047,7.724,6.3724,HDFCBANK
2024-11-04,846.8571409139798,846.8571409139798,830.3082539054162,831.8612060546875,28089248,827.553,820.1606,56.7144,6.6532,6.4286,HDFCBANK
2024-11-05,826.4744163440405,855.4471011946235,823.999372688282,853.0933837890625,44232406,830.1445,821.3049,61.543,7.4322,6.6293,HDFCBANK
2024-11-06,859.7177486791857,859.7177486791857,847.0270119492034,851.83154296875,27787910,833.1073,822.4454,68.0519,7.8572,6.8749,HDFCBANK
2024-11-07,846.5174388742477,854.5977188117542,843.4599940256105,847.609375,18895456,835.1492,823.5077,64.226,7.7638,7.0527,HDFCBANK
2024-11-08,850.2543248355499,855.0103373353861,847.2696873607207,851.4432983398438,19902986,837.6594,824.6326,56.8321,7.908,7.2237,HDFCBANK
2024-11-11,851.4918803256005,865.2017460745226,849.8660612419557,857.1942138671875,24565362,839.557,825.8886,63.9001,8.3896,7.4569,HDFCBANK
2024-11-12,859.9603824917264,861.4162973605047,829.2163253609564,833.8509521484375,31395406,840.3844,826.7743,45.8685,6.8092,7.3274,HDFCBANK
2024-11-13,833.1472753910937,839.2863948751228,811.9151837654287,815.9674682617188,35728500,839.9367,827.2014,35.5297,4.0668,6.6752,HDFCBANK
2024-11-14,811.9637453515568,827.3721783747438,811.4784403744485,821.5,27146470,840.4123,827.6959,39.4982,2.3131,5.8028,HDFCBANK
2024-11-18,825.0184258091194,834.190701332557,822.5919010273279,827.4934692382812,27081968,840.9765,828.2749,44.0442,1.391,4.9205,HDFCBANK
2024-11-19,831.8127176211167,851.1035901563789,826.3287477699067,845.5225830078125,50981272,841.3053,829.2969,48.1804,2.0909,4.3545,HDFCBANK
2024-11-21,848.9925368361551,853.6514527573436,841.6158656563873,845.0130004882812,35716512,841.952,830.2161,51.3328,2.5747,3.9986,HDFCBANK
2024-11-22,846.1535367827626,851.370565411524,839.3592669406547,847.1483764648438,24773612,842.1898,831.1406,51.9729,3.0948,3.8178,HDFCBANK
2024-11-25,866.2936036686173,875.2717450257129,856.5146973151911,866.5604858398438,427737274,843.0621,832.5159,58.3477,5.0156,4.0574,HDFCBANK
2024-11-26,878.4019987795361,878.4019987795361,858.8927626136716,866.5363159179688,30935566,844.0849,833.6705,63.4229,6.4613,4.5382,HDFCBANK
2024-11-27,868.6473457001546,881.9689429401197,866.3421471774458,879.5181884765625,32714976,845.98,835.091,60.9271,8.556,5.3417,HDFCBANK
2024-11-28,882.7697308653094,891.0684339141281,867.725276958314,870.224609375,35722392,846.9821,836.277,57.1321,9.3583,6.145,HDFCBANK
2024-11-29,874.1798701470966,875.7813410106078,865.2502468100779,871.6320190429688,27669536,848.4732,837.5121,59.5229,9.9925,6.9145,HDFCBANK
2024-12-02,875.2475527258944,877.5042327860683,861.4163604593637,875.8298950195312,15110876,850.1475,838.5789,59.6394,10.7103,7.6737,HDFCBANK
2024-12-03,884.5652937811867,891.6993119709169,881.3622930133588,886.3124389648438,43410242,852.3071,839.7222,61.0947,11.9869,8.5363,HDFCBANK
2024-12-04,891.9904710210482,905.0937042732616,888.6661440627331,902.7156982421875,44669084,855.8499,840.8763,77.7041,14.159,9.6609,HDFCBANK
2024-12-05,902.6672600453907,912.349070670313,890.6316728815866,905.457763671875,39682714,858.4681,841.9046,90.9961,15.9182,10.9123,HDFCBANK
2024-12-06,901.2113107944992,904.7054828102569,894.9023463139778,900.6531982421875,17783156,860.9092,842.7568,86.5041,16.7318,12.0762,HDFCBANK
2024-12-09,899.5855395249345,912.3733132102273,897.3288596413352,907.520263671875,26947912,863.9047,843.6391,86.6119,17.7263,13.2062,HDFCBANK
2024-12-10,911.2571214453396,911.2571214453396,901.9635786325839,906.5982055664062,13325480,866.6625,844.4607,83.1272,18.23,14.211,HDFCBANK
2024-12-11,903.492253077643,908.4423993938311,901.0900171351183,904.1716918945312,14045426,869.0113,845.5328,81.4338,18.2233,15.0134,HDFCBANK
2024-12-12,898.2994568437374,906.8651010060448,897.183231769173,902.30322265625,17293790,872.4339,846.7674,79.3897,17.8613,15.583,HDFCBANK
2024-12-13,903.8804969466607,909.9468090067054,887.7441068669418,908.3695678710938,19009002,877.054,848.1801,75.9723,17.858,16.038,HDFCBANK
2024-12-16,905.1422772502634,907.4959944793276,900.3620351992098,905.1907958984375,13107082,881.2386,849.9583,73.107,17.3984,16.3101,HDFCBANK
2024-12-17,900.8958970749953,903.8077269850552,886.4095551207139,889.6853637695312,21079532,884.3482,851.6627,55.8998,15.6031,16.1687,HDFCBANK
2024-12-18,888.0353013877913,891.0199388482123,877.0189020931173,878.74169921875,23422312,886.0091,853.535,54.8494,13.1458,15.5641,HDFCBANK
2024-12-19,873.3548187057529,874.0827761662058,863.3575480971324,870.3944702148438,25380770,887.2782,854.9176,49.347,10.4048,14.5322,HDFCBANK
2024-12-20,864.9104516314158,872.3599299504583,857.5581290877592,859.7177124023438,25692348,887.9067,856.2604,42.0422,7.287,13.0832,HDFCBANK
2024-12-23,864.8135067920166,876.4608267488114,864.4738169898098,874.0343017578125,11044592,888.2804,857.6057,44.1571,5.9034,11.6472,HDFCBANK
2024-12-24,874.5438211790217,877.7710517489787,868.4775092184595,872.6268310546875,14485834,888.5849,859.0335,33.2975,4.6397,10.2457,HDFCBANK
2024-12-26,872.8452779528201,879.3726061062491,864.2068257857081,869.0598754882812,10481678,888.062,860.0298,29.9787,3.3123,8.859,HDFCBANK
2024-12-27,871.0253675774094,876.4364704987394,868.2590937552997,872.6996459960938,7259330,888.1857,861.1378,34.4241,2.5249,7.5922,HDFCBANK
2024-12-30,869.7635560951499,880.8285332674382,859.4751142791366,862.82373046875,22222218,887.7453,861.8958,25.9027,1.0914,6.292,HDFCBANK
2024-12-31,859.1354326463724,864.7164399349241,856.8544636879918,860.3729248046875,14117236,886.9725,862.8635,25.4827,-0.2397,4.9857,HDFCBANK
2025-01-01,860.6640693133434,870.637110073425,854.6705648241472,865.1774291992188,7313806,885.9157,863.8428,29.8268,-0.8966,3.8092,HDFCBANK
2025-01-02,862.4354683380634,875.2232427161829,860.4457297678027,870.5158081054688,18558576,884.3057,864.4742,34.1251,-0.9751,2.8524,HDFCBANK
2025-01-03,869.181218624921,871.2437647886038,847.4881097293069,848.8954467773438,24426194,881.4776,864.8105,24.292,-2.7503,1.7318,HDFCBANK
2025-01-06,844.4791507386858,852.7778537230372,827.8332261221516,830.1141357421875,18816348,877.9507,864.565,21.4048,-5.6079,0.2639,HDFCBANK
2025-01-07,832.2980215119891,835.209851324859,825.0184469798143,831.5215454101562,13527906,874.1507,864.2131,25.1812,-7.6707,-1.323,HDFCBANK
2025-01-08,829.022239132803,830.6722879270967,816.9381331798057,822.2522583007812,19738190,869.9334,863.7366,25.5463,-9.9388,-3.0462,HDFCBANK
2025-01-09,817.3263254727842,819.680042580419,804.6841081059047,809.3916015625,40420222,865.1944,863.0921,24.5856,-12.6284,-4.9626,HDFCBANK
2025-01-10,810.9445873725031,812.8372885629307,802.6944030605147,804.0289916992188,17453280,860.2807,862.169,25.7246,-15.0196,-6.974,HDFCBANK
2025-01-13,795.9002084068898,799.1760171914914,788.2809435229427,791.4596557617188,21669066,854.4352,861.162,13.4479,-17.7245,-9.1241,HDFCBANK
2025-01-14,795.8516298211142,803.7620652641559,794.4442335639691,799.1031494140625,26661432,849.1308,860.2972,19.1571,-19.0321,-11.1057,HDFCBANK
2025-01-15,803.9076378434971,806.9165047926833,794.1045016943054,797.3803100585938,14022892,844.5156,859.3824,19.4582,-19.977,-12.88,HDFCBANK
2025-01-16,802.1363163454865,805.873200199019,797.2832665938832,801.7481079101562,21212454,840.6659,858.7801,19.9548,-20.1413,-14.3322,HDFCBANK
2025-01-17,797.5987456720695,800.9958805790999,790.31917087129,794.3229370117188,23112076,836.8623,857.6047,20.3778,-20.6328,-15.5924,HDFCBANK
2025-01-20,789.1058522041777,806.0672365854673,789.1058522041777,801.3598022460938,17557618,833.9444,856.5953,25.4542,-20.2214,-16.5182,HDFCBANK
2025-01-21,804.756952160241,806.115829748555,792.5272908307279,797.0648803710938,31158144,830.096,855.5844,21.5487,-20.0112,-17.2168,HDFCBANK
2025-01-22,797.0648841596673,811.3813805875693,788.8389294808721,808.5423583984375,30619306,826.8917,854.7264,25.376,-18.7029,-17.514,HDFCBANK
2025-01-23,818.70954271768,818.70954271768,801.3598888041311,807.9843139648438,34909158,823.838,853.7422,30.4771,-17.5093,-17.5131,HDFCBANK
2025-01-24,805.6062761215885,810.6049411699597,798.0840488445496,800.6561889648438,24236200,820.2358,853.0783,34.2174,-16.9592,-17.4023,HDFCBANK
2025-01-27,796.4339224655055,797.6471848113616,789.1058297447998,790.9500122070312,22804166,816.6421,852.5779,30.0382,-17.1092,-17.3437,HDFCBANK
2025-01-28,799.2972941154203,817.3991933860295,799.2972941154203,810.6534423828125,30179312,814.1561,852.361,44.8246,-15.4599,-16.9669,HDFCBANK
2025-01-29,812.8857890816031,815.8704263644069,809.9011517987993,814.0020141601562,12619890,811.5973,852.0912,52.248,-13.7245,-16.3184,HDFCBANK
2025-01-30,815.7976086487123,823.999274028306,811.6968055795784,820.893310546875,25744846,809.1162,851.5986,58.1021,-11.6587,-15.3865,HDFCBANK
2025-01-31,818.830797136207,827.2993450265934,817.2292670650723,824.4118041992188,15821686,807.892,851.1866,67.3391,-9.6266,-14.2345,HDFCBANK
2025-02-01,823.8051137424343,831.3273401123946,813.3953467527929,820.6263427734375,5587528,807.4177,850.6561,61.8046,-8.2268,-13.033,HDFCBANK
2025-02-03,810.4593568422229,818.6125046075882,807.2805853688532,814.341796875,20276540,806.5587,849.6118,58.8594,-7.5377,-11.9339,HDFCBANK
2025-02-04,819.5345205841194,837.5393832746403,815.3366797744094,835.161376953125,28616502,807.2041,848.9843,64.8929,-5.2511,-10.5973,HDFCBANK
2025-02-05,841.0334885893271,846.4688803989707,834.1907005592836,843.3629760742188,23675506,808.9027,848.2612,71.7079,-2.7454,-9.027,HDFCBANK
2025-02-06,842.2467875560731,848.7984047453597,836.6657803207547,846.299072265625,26760716,811.0162,847.7826,70.642,-0.5168,-7.3249,HDFCBANK
2025-02-07,849.2836809798144,857.5338653093327,837.1510569658171,840.9121704101562,23509600,813.4888,847.1683,69.9404,0.8054,-5.6989,HDFCBANK
2025-02-10,833.4142947814893,836.3988731190309,829.1435871127047,832.6620483398438,17195950,815.1668,846.3049,61.3006,1.174,-4.3243,HDFCBANK
2025-02-11,826.4744131617251,830.3568531530897,819.5345279806279,825.6979370117188,22724704,816.5826,845.0926,57.8293,0.8939,-3.2807,HDFCBANK
2025-02-12,821.6213707720425,830.8421658368203,815.8947480352788,828.318603515625,22809570,817.9112,843.6047,62.7574,0.8733,-2.4499,HDFCBANK
2025-02-13,824.5332029174352,831.934104238501,821.8883143385714,823.9022827148438,12602434,819.3901,841.9736,65.9765,0.4949,-1.8609,HDFCBANK
2025-02-14,825.9405276867242,825.9405276867242,815.3123371576534,822.5191040039062,19959892,820.4481,840.4109,56.9957,0.0825,-1.4722,HDFCBANK
2025-02-17,817.8359099627821,834.7245465784594,815.918979031997,833.4384765625,12938946,822.2668,838.9292,60.5201,0.6295,-1.0519,HDFCBANK
2025-02-18,831.3516624481879,840.329803960056,828.003046468469,836.2047119140625,16350910,823.6499,837.5214,58.6748,1.2715,-0.5872,HDFCBANK
2025-02-19,833.2686021535318,843.4114874933574,831.0604409265417,838.2186889648438,11884112,825.1616,836.2023,57.958,1.9207,-0.0856,HDFCBANK
2025-02-20,830.3568580312333,832.152462841255,817.884543182236,818.758056640625,26390510,826.0667,834.5314,49.088,0.855,0.1025,HDFCBANK
2025-02-21,815.7491363030065,822.5676355898997,813.9777613134116,821.378662109375,15680940,827.5881,832.7916,53.5626,0.2194,0.1259,HDFCBANK
2025-02-24,815.8461269965818,817.3505604700815,806.1400281464854,813.9049072265625,20693646,827.7507,830.9659,37.5567,-0.8773,-0.0747,HDFCBANK
2025-02-25,810.9930781817751,819.1947435645432,810.9930781817751,816.4527587890625,24138708,827.8733,829.5012,33.1305,-1.5233,-0.3644,HDFCBANK
2025-02-27,816.5498559350805,830.235431637752,816.5498559350805,825.3580932617188,35786800,828.0965,828.4335,37.7865,-1.3016,-0.5519,HDFCBANK
2025-02-28,817.738902393146,843.0960879421323,817.738902393146,840.7423706054688,54516728,828.913,827.8405,49.9113,0.1141,-0.4187,HDFCBANK
2025-03-03,844.3336683269105,845.9109095874281,822.1551941342151,825.770751953125,21205364,829.1702,827.1616,46.6367,0.0277,-0.3294,HDFCBANK
2025-03-04,824.0478005927906,831.9582949310542,821.7426020928991,829.8714599609375,19920958,829.9467,826.2783,52.0955,0.2867,-0.2062,HDFCBANK
2025-03-05,825.9647760106438,830.2597724194886,819.316121569752,820.1654052734375,21583872,829.1969,825.2291,46.1783,-0.2878,-0.2225,HDFCBANK
2025-03-06,818.7094236378426,824.9698691345535,811.5511758615189,820.7476806640625,32966088,828.0662,824.2628,48.4662,-0.6882,-0.3156,HDFCBANK
2025-03-07,816.2829914666041,825.576593853863,814.1476376668198,819.8014526367188,13372914,826.7413,823.2049,48.673,-1.0696,-0.4664,HDFCBANK
2025-03-10,819.6801059027778,824.969941998729,816.7925649870414,818.9521484375,15604050,825.6433,822.3274,42.155,-1.4239,-0.6579,HDFCBANK
2025-03-11,816.4770728267864,822.1065984888339,810.4835684463997,817.9815063476562,19898430,824.9093,821.4796,39.9356,-1.7627,-0.8789,HDFCBANK
2025-03-12,820.9176607269924,833.9966062113717,820.9176607269924,830.4296264648438,18784106,825.1458,820.7847,46.1428,-1.0151,-0.9061,HDFCBANK
2025-03-13,832.8076029783965,835.1128015457978,825.0427235934661,828.221435546875,15736264,825.141,819.9388,55.6521,-0.5939,-0.8437,HDFCBANK
2025-03-17,827.4449541690359,836.6657483797172,827.4449541690359,830.0656127929688,18950652,825.4491,819.5622,55.237,-0.1101,-0.697,HDFCBANK
2025-03-18,830.0656127929688,830.0656127929688,830.0656127929688,830.0656127929688,0,825.8265,819.5612,60.7074,0.2703,-0.5035,HDFCBANK
2025-03-19,842.004146653194,849.7690263917825,840.6452690024086,846.42041015625,15221406,826.4756,819.8592,66.7845,1.8698,-0.0289,HDFCBANK
2025-03-20,851.2249302948321,860.9310298420936,848.9440205977578,858.3831787109375,17833978,827.5845,820.5818,67.8844,4.0561,0.7881,HDFCBANK
2025-03-21,851.9771897387066,860.9795616616999,851.9771897387066,859.15966796875,33508264,828.6315,821.5772,61.8483,5.7846,1.7874,HDFCBANK
2025-03-24,863.3576060994466,875.6843651061878,860.7612361643339,873.5490112304688,17393736,831.3711,822.9676,80.9689,8.2208,3.0741,HDFCBANK
2025-03-25,875.9269782864857,894.7567761384419,874.2769294910811,883.958740234375,39101416,834.5001,824.8175,82.4077,10.8663,4.6325,HDFCBANK
2025-03-26,885.681575218163,886.8948376499686,874.5195608455505,876.7277221679688,24478442,837.6412,826.37,84.9266,12.2383,6.1537,HDFCBANK
2025-03-27,873.548970937254,893.4464752752693,872.6268796196651,885.8514404296875,41658100,841.1112,828.1394,86.3649,13.9015,7.7033,HDFCBANK
2025-03-28,887.6228257936006,891.0199607200933,876.3880034384333,887.2345581054688,28773648,844.205,829.8492,87.4831,15.1566,9.1939,HDFCBANK
2025-04-01,874.5195883202217,878.3535095734435,856.7331486628899,857.9464111328125,28511006,845.0652,831.1216,66.4685,13.6308,10.0813,HDFCBANK
2025-04-02,859.3294691298255,873.16066049231,859.3294691298255,872.0444946289062,11573564,847.3789,832.5353,70.5535,13.4046,10.746,HDFCBANK
2025-04-03,864.3766781830471,875.490173946712,862.3869396359797,871.0496215820312,11250038,849.4378,834.015,66.9159,12.9953,11.1958,HDFCBANK
2025-04-04,879.8579280746396,893.9074835384829,878.9358367650708,881.9447631835938,33540454,852.5268,835.4831,70.8632,13.3957,11.6358,HDFCBANK
2025-04-07,855.4956105111871,863.7700245665659,843.5570610557007,853.0205078125,37995450,854.1404,836.3838,57.3653,11.2494,11.5585,HDFCBANK
2025-04-08,856.5633039940931,864.8134887917699,849.4293443655757,858.5773315429688,35563872,856.0792,837.5422,58.8333,9.8829,11.2234,HDFCBANK
2025-04-09,856.5632934570312,861.4163432783175,850.982286162552,856.5632934570312,22454608,857.9597,838.8545,53.4488,8.5389,10.6865,HDFCBANK
2025-04-11,861.2950087869681,882.9638878798253,861.2950087869681,876.8247680664062,32775766,860.9019,840.1779,55.9356,9.005,10.3502,HDFCBANK
2025-04-15,905.0938067366918,910.8204293176711,900.2407568346184,905.0452880859375,49298344,864.6327,841.9988,62.5514,11.5187,10.5839,HDFCBANK
2025-04-16,914.2175024102767,914.2175024102767,902.9098732067754,911.4027099609375,19136820,868.7918,843.809,60.8303,13.864,11.2399,HDFCBANK
2025-04-17,913.3439841876462,931.6399584740437,910.7718440638052,925.3309936523438,35703084,873.555,845.8274,61.6034,16.6546,12.3229,HDFCBANK
2025-04-21,933.7267676045618,946.6843866809207,926.9324979858176,935.231201171875,34247298,878.8133,848.1195,66.166,19.441,13.7465,HDFCBANK
2025-04-22,939.0651467003056,956.3419923313835,939.0651467003056,952.0227661132812,45961750,884.0934,850.8731,67.5415,22.742,15.5456,HDFCBANK
2025-04-23,960.3699954066212,960.3699954066212,932.0281739470523,933.67822265625,30570642,887.8582,852.8434,61.296,23.6056,17.1576,HDFCBANK
2025-04-24,926.9324466168475,933.6781972127433,924.5544405338061,930.2325439453125,25931754,891.4118,854.5808,70.1093,23.7384,18.4738,HDFCBANK
2025-04-25,934.1150265036636,938.094503546439,918.099962552793,927.5148315429688,18500878,894.1101,856.2051,66.4745,23.3551,19.45,HDFCBANK
2025-04-28,927.5148236825167,936.4929655182809,926.156005327847,931.882568359375,13920492,896.5063,858.0245,67.7123,23.1371,20.1875,HDFCBANK
2025-04-29,931.2032084346736,936.0562581779409,922.1764885191324,926.3501586914062,18918308,898.9874,859.8983,63.346,22.2613,20.6022,HDFCBANK
2025-04-30,928.3883766867898,939.9871769317172,927.0780770079656,934.2120361328125,31936870,901.4055,862.0686,77.9392,21.9486,20.8715,HDFCBANK
2025-05-02,936.5416240313868,942.4138027541906,931.7856112772921,932.7077026367188,17840404,903.6791,864.1564,76.2412,21.3335,20.9639,HDFCBANK
2025-05-05,941.0063068714467,947.3152712805899,937.754787372496,939.9386596679688,15068024,907.7787,866.4771,78.4626,21.1852,21.0082,HDFCBANK
2025-05-06,936.6386282625547,941.5401968005327,933.872413523286,937.463623046875,17490156,911.0497,868.776,73.5622,20.6302,20.9326,HDFCBANK
2025-05-07,938.5798247058746,945.7137841650697,932.9502988258117,944.2093505859375,21420778,914.7077,870.9914,68.2662,20.4984,20.8457,HDFCBANK
2025-05-08,948.6741890736062,948.6741890736062,931.348765916796,935.91064453125,34803430,917.406,872.9855,61.2273,19.4995,20.5765,HDFCBANK
2025-05-09,926.9810441332826,931.3002703673066,915.6734734771652,917.080810546875,17188796,920.609,874.5628,46.383,16.9926,19.8597,HDFCBANK
2025-05-12,930.6208021509265,951.149226156264,928.0487213449755,949.8388671875,18618972,925.1721,877.1844,55.335,17.4481,19.3774,HDFCBANK
2025-05-13,946.3447318748346,952.0227765695508,931.7855821536832,933.04736328125,24242102,928.9963,879.4177,43.0698,16.2665,18.7552,HDFCBANK
2025-05-14,932.8047011833116,936.7356597192896,923.5353878045329,927.2236938476562,15445308,931.5162,881.6841,47.4054,14.6909,17.9424,HDFCBANK
2025-05-15,928.6310733577037,943.8211428321799,920.6235412383402,938.4827880859375,32241458,933.1881,884.1247,53.1204,14.1872,17.1913,HDFCBANK
2025-05-16,938.4827675522878,943.3358172154161,935.8621088859327,938.9194946289062,15868010,934.5639,886.3959,54.3893,13.6657,16.4862,HDFCBANK
2025-05-19,940.0357230243618,943.9181627683963,937.1238932163359,940.8607177734375,10202964,935.3404,888.3983,53.5211,13.2562,15.8402,HDFCBANK
2025-05-20,935.7165491131649,938.8710315810085,928.388455536133,929.310546875,23879090,935.0444,890.4691,51.1087,11.863,15.0448,HDFCBANK
2025-05-21,935.1827306623918,944.8403119658641,932.3194193274059,935.085693359375,15132040,934.1975,892.5734,50.3324,11.0969,14.2552,HDFCBANK
2025-05-22,929.4560915529987,933.8238364554871,924.603041661345,931.737060546875,21306670,934.1005,894.8048,49.6358,10.1031,13.4248,HDFCBANK
2025-05-23,931.8340640363383,940.0357299039,929.1163680438908,938.3856811523438,9566072,934.5081,897.1576,49.4148,9.7398,12.6878,HDFCBANK
2025-05-26,939.0650610496285,946.2961165204464,935.1341028748952,941.588623046875,10802860,935.2118,899.5933,51.546,9.5996,12.0701,HDFCBANK
2025-05-27,937.415037254252,945.3740503477449,929.989907003196,934.8429565429688,26162148,935.3598,901.9111,46.4896,8.8422,11.4246,HDFCBANK
2025-05-28,931.8826007257043,938.8224856498367,930.6693382733266,933.484130859375,18157594,935.7165,904.2212,49.0407,8.0397,10.7476,HDFCBANK
2025-05-29,935.6680064952172,941.8799339693113,925.6222170514742,935.4253540039062,28917794,935.7772,906.3211,58.3703,7.4742,10.0929,HDFCBANK
2025-05-30,937.560664423884,945.7623300992254,934.406182182701,943.86962890625,28748078,936.3353,908.6341,46.4997,7.6196,9.5982,HDFCBANK
2025-06-02,936.6871049098005,939.5504160632175,925.9618769879231,937.65771484375,14668822,936.2212,910.7859,53.0864,7.1511,9.1088,HDFCBANK
2025-06-03,940.5210428582492,947.3153125176999,931.7855532960983,934.0179443359375,24377584,936.049,912.865,54.6854,6.4122,8.5695,HDFCBANK
2025-06-04,932.2708380103269,943.0931624292062,932.2223193620798,942.073974609375,12961542,935.9422,914.778,52.591,6.4029,8.1362,HDFCBANK
2025-06-05,945.3740366284826,950.6638723983343,941.5886343458625,946.1505126953125,22255418,936.4542,916.5334,54.9568,6.6478,7.8385,HDFCBANK
2025-06-06,943.4328899516395,968.8143643397722,942.8019697752012,960.27294921875,30127008,938.6138,918.5556,61.4026,7.8905,7.8489,HDFCBANK
2025-06-09,968.1834546397668,968.1834546397668,958.9141411829606,960.3700561523438,13202588,939.1403,920.2921,71.0804,8.782,8.0355,HDFCBANK
2025-06-10,962.2627345803987,962.2627345803987,951.7315810074685,953.7698974609375,15533126,940.1765,921.6883,62.5407,8.8538,8.1992,HDFCBANK
2025-06-11,954.8861016587219,954.8861016587219,944.8888305540286,946.5388793945312,11096394,941.1422,923.0845,59.4428,8.2324,8.2058,HDFCBANK
2025-06-12,946.3446634564742,951.68301796828,939.2107043054103,943.1416625976562,16349130,941.3752,924.2303,53.1654,7.3807,8.0408,HDFCBANK
2025-06-13,931.7855934494534,938.0945584051007,928.3884584733355,930.620849609375,12117762,940.9602,925.098,43.5058,5.6305,7.5587,HDFCBANK
2025-06-16,933.7267280054107,940.957783641244,931.8340268436207,939.2592163085938,16513746,940.8802,926.7243,52.5576,4.8841,7.0238,HDFCBANK
2025-06-17,940.0357266330969,942.268117646221,931.3487558242051,936.4444580078125,16978736,941.2369,928.0123,51.686,4.0192,6.4229,HDFCBANK
2025-06-18,930.329645039179,939.6960548333931,930.329645039179,938.5313110351562,18433816,941.4091,929.3619,51.766,3.4623,5.8308,HDFCBANK
2025-06-19,938.5312545811619,944.7917002839463,934.5031997999406,939.210693359375,16876220,941.7828,930.5073,47.0944,3.0406,5.2727,HDFCBANK
2025-06-20,937.4150552584099,956.0022590492599,937.4150552584099,953.4786376953125,32900408,942.5375,932.5164,58.9659,3.8138,4.9809,HDFCBANK
2025-06-23,945.5681762695312,950.1785732937573,942.3651754483343,945.5681762695312,11739518,942.7365,934.2562,56.2434,3.7451,4.7338,HDFCBANK
2025-06-24,953.6242600004867,960.4185295373859,949.0623814631601,951.634521484375,22625322,943.576,936.1577,55.2815,4.1325,4.6135,HDFCBANK
2025-06-25,954.1096083800328,961.8744882040819,953.0904797513926,961.0009155273438,18405932,944.9519,937.8412,57.7508,5.1361,4.718,HDFCBANK
2025-06-26,961.5832432953354,983.7616558949239,960.9038045145849,981.1895751953125,50084830,947.2401,939.3641,60.2668,7.4744,5.2693,HDFCBANK
2025-06-27,987.666092322087,991.0024945345428,978.0494846238399,988.5983276367188,28213384,949.4765,940.908,62.9277,9.8122,6.1779,HDFCBANK
2025-06-30,986.9301202198938,988.0586250503452,979.0798184930638,982.023681640625,13649020,951.6948,942.0418,62.9424,11.0075,7.1438,HDFCBANK
2025-07-01,983.740927917604,989.138010315157,983.250284063281,987.2244873046875,14389386,954.3551,943.0817,68.9904,12.2334,8.1617,HDFCBANK
2025-07-02,991.0515399227539,991.0515399227539,970.4444979040134,974.418701171875,18878250,955.9724,943.5296,63.4202,12.033,8.936,HDFCBANK
2025-07-03,978.7854199779471,985.2128423794024,973.584607191008,974.9583740234375,16860506,957.4128,944.3552,71.2042,11.7818,9.5052,HDFCBANK
2025-07-04,974.9583893832662,983.0049605598704,971.4748300017685,976.037841796875,7863944,958.201,945.2713,68.96,11.5369,9.9115,HDFCBANK
2025-07-07,975.8906089947405,980.5026731224453,973.3392849545877,975.1055908203125,11349426,958.9378,946.2231,70.325,11.1392,10.157,HDFCBANK
2025-07-08,970.0028875050783,983.740915249207,970.0028875050783,981.974609375,15224316,960.348,947.225,71.7457,11.2486,10.3754,HDFCBANK
2025-07-09,984.7222177139129,988.058619887602,980.3554754225707,986.7828979492188,13861428,962.3602,948.4336,72.8672,11.5897,10.6182,HDFCBANK
2025-07-10,989.1379844829171,989.6286283244265,981.2876830187669,984.3296508789062,17030310,964.4196,949.436,66.7298,11.5292,10.8004,HDFCBANK
2025-07-11,980.3063919997392,983.6427940678678,971.9163943170895,973.2901611328125,12516922,966.5531,950.2476,64.5396,10.4697,10.7343,HDFCBANK
2025-07-14,972.94677734375,975.7434233970494,966.8627814826074,972.94677734375,13088850,968.2375,950.9078,61.8917,9.4929,10.486,HDFCBANK
2025-07-15,968.0403470063502,983.0540373178538,968.0403470063502,979.079833984375,14498168,970.3692,951.7401,60.4652,9.1087,10.2106,HDFCBANK
2025-07-16,990.1192987637652,992.4253009235872,977.6569328760377,979.4723510742188,17994612,972.4163,952.4454,48.7104,8.7352,9.9155,HDFCBANK
2025-07-17,983.2502884954769,983.6428275379242,972.7995503940688,974.8602905273438,22529158,974.1988,953.2244,39.2308,7.9751,9.5274,HDFCBANK
2025-07-18,974.8602851924708,979.8157761377424,958.2274465683581,960.3862915039062,16129446,974.5442,954.0905,34.9076,6.1341,8.8488,HDFCBANK
2025-07-21,970.5916382285527,982.2689857931025,969.7575676423911,981.5330200195312,22309078,976.3424,954.7244,46.7525,6.3087,8.3408,HDFCBANK
2025-07-22,987.7151032772119,990.1192700741381,982.7596124670459,984.771240234375,14836814,977.9992,955.7588,56.631,6.632,7.999,HDFCBANK
2025-07-23,986.6848008986999,995.9089294093236,982.7596500249109,993.2103881835938,13634916,979.6097,957.0786,60.6165,7.4828,7.8958,HDFCBANK
2025-07-24,999.7849522880986,999.7849522880986,985.4091233743482,988.2548217773438,19107176,979.963,958.074,56.7995,7.6689,7.8504,HDFCBANK
2025-07-25,991.1076548914018,991.1076548914018,983.237817433207,985.9922485351562,9306598,979.8327,959.0155,55.9707,7.5468,7.7897,HDFCBANK
2025-07-28,985.205265864704,994.2555908496133,983.9756037755068,987.9105224609375,12059580,980.127,959.9565,53.4424,7.5181,7.7354,HDFCBANK
2025-07-29,983.6804999207345,996.7640925817828,981.9097985152405,994.3539428710938,19895696,980.4835,961.2573,54.309,7.924,7.7731,HDFCBANK
2025-07-30,997.5018784172968,999.764444634085,992.091365270063,996.4197998046875,15154036,981.5835,962.484,56.9115,8.3165,7.8818,HDFCBANK
2025-07-31,990.9108782036614,999.1742313953042,987.664582321978,992.6815795898438,22183032,982.4697,963.7029,62.095,8.231,7.9516,HDFCBANK
2025-08-01,990.6157884442932,997.6494796779898,988.3040477115343,989.7304077148438,11317258,983.1543,964.7298,60.1386,7.8348,7.9283,HDFCBANK
2025-08-04,988.6974801605747,992.8291567300697,977.8764539291843,979.7947387695312,13933946,983.3888,965.4939,50.4129,6.6425,7.6711,HDFCBANK
2025-08-05,977.0894619202779,980.975205994727,966.7603007320947,972.7118530273438,23978058,982.9256,966.2513,46.3756,5.0677,7.1504,HDFCBANK
2025-08-06,969.5147509914575,977.8272785976125,968.9737116887809,976.499267578125,14080204,982.4115,967.1116,50.8865,4.0782,6.536,HDFCBANK
2025-08-07,973.9415460716062,984.5166400056098,972.3184281442016,981.4671020507812,13081186,982.2683,968.0324,62.7095,3.6528,5.9594,HDFCBANK
2025-08-08,977.3846207407715,980.1882863803764,968.9737439061473,970.8920288085938,13895264,982.1484,968.5729,42.6473,2.4343,5.2544,HDFCBANK
2025-08-11,971.8757166821836,982.5491593344192,970.4984711596596,981.5654296875,9105854,982.5794,969.451,47.9913,2.3033,4.6642,HDFCBANK
2025-08-12,979.7455870293594,981.7622208654035,967.7440729221851,968.924560546875,12937802,982.0716,970.1492,35.5438,1.1661,3.9645,HDFCBANK
2025-08-13,980.7784409396806,980.7784409396806,968.5309950398891,974.0399169921875,13577396,981.8,970.7885,41.5546,0.6698,3.3056,HDFCBANK
2025-08-14,972.908633518138,981.7622004561191,969.5639286580633,979.35205078125,17511716,982.0246,971.4525,46.1929,0.6972,2.7839,HDFCBANK
2025-08-18,988.6483131467888,996.8132573563983,981.5654475516468,985.5003662109375,19284796,983.2803,971.9571,48.6821,1.2011,2.4674,HDFCBANK
2025-08-19,982.8935135816985,986.7300232295675,977.1878335213248,979.35205078125,12352438,983.1712,972.3367,41.7701,1.0918,2.1922,HDFCBANK
2025-08-20,977.3354453835109,979.7947696044055,973.4005266300795,977.9256591796875,9950228,982.8289,972.8198,39.7826,0.8799,1.9298,HDFCBANK
2025-08-21,982.5000176251586,982.5000176251586,975.4663263982883,979.4012451171875,12439850,982.1385,973.4771,42.4749,0.8216,1.7081,HDFCBANK
2025-08-22,978.7618310909676,981.7621945267439,962.6286407512459,966.317626953125,19833502,981.0416,973.9406,38.1,-0.2772,1.3111,HDFCBANK
2025-08-25,964.1534314319724,972.6135426708398,962.5794879672083,966.0717163085938,17518044,980.0456,974.6496,42.2629,-1.1545,0.8179,HDFCBANK
2025-08-26,963.5632270654481,969.6623631247153,952.2503356808104,957.5625,16917731,978.5282,975.0157,41.5939,-2.5075,0.1529,HDFCBANK
2025-08-28,951.2665723546679,956.3819785474136,939.4618165446824,942.2162475585938,25438255,975.9213,975.1311,33.1398,-4.7632,-0.8304,HDFCBANK
2025-08-29,938.4781016808785,947.6267755693488,934.6415319653455,936.1171264648438,14823813,972.9062,975.0828,27.9425,-6.9627,-2.0568,HDFCBANK
2025-09-01,934.1496321868741,941.8719458039564,930.9525108908947,935.1333618164062,20178344,970.0288,975.0013,30.8179,-8.6851,-3.3825,HDFCBANK
2025-09-02,935.5269334024698,939.2650942089082,928.6408255856272,929.1326904296875,14196320,966.9989,974.5144,20.3889,-10.4143,-4.7888,HDFCBANK
2025-09-03,929.6245191670979,940.740652202688,924.7058709175366,938.9207763671875,16083481,964.9552,974.3814,32.4913,-10.8695,-6.005,HDFCBANK
2025-09-04,944.5772033181551,949.9877162864987,940.6914592688354,945.610107421875,17597657,963.6001,974.2609,33.7091,-10.5687,-6.9177,HDFCBANK
2025-09-05,951.7584261964354,951.7584261964354,938.5272505370174,947.7251586914062,11602111,962.1614,973.9954,31.1878,-10.0439,-7.543,HDFCBANK
2025-09-08,953.2340258485783,957.3165278914954,944.823149393627,950.2828369140625,11711307,960.6022,973.3773,28.1173,-9.3142,-7.8972,HDFCBANK
2025-09-09,958.1526998830964,958.5462157684692,947.0365666053971,949.4467163085938,13985539,959.5299,972.5943,30.1047,-8.7031,-8.0584,HDFCBANK
2025-09-10,958.0543466125587,958.0543466125587,946.0528326679372,950.1845092773438,18091100,957.9609,971.9575,31.3738,-8.0662,-8.0599,HDFCBANK
2025-09-11,944.6755555766032,953.4799478098324,944.2820997482355,952.0535278320312,15113633,957.1173,971.2541,31.7345,-7.3262,-7.9132,HDFCBANK
2025-09-12,954.1194397337725,954.9555859441327,946.5938836721522,951.5617065429688,14363519,955.9934,970.7969,38.1516,-6.7022,-7.671,HDFCBANK
2025-09-15,953.824233432933,956.5294899386951,949.2991011128589,951.3157348632812,14486377,954.5916,970.3241,38.1516,-6.1566,-7.3681,HDFCBANK
2025-09-16,945.560981879392,953.5783427584718,945.560981879392,951.1190185546875,18661794,952.8725,969.8257,44.0291,-5.6746,-7.0294,HDFCBANK
2025-09-17,949.4467082101403,958.5462075924,948.6596764461077,950.7747192382812,17361476,951.4436,969.3391,60.9849,-5.2598,-6.6755,HDFCBANK
2025-09-18,957.4640913046234,963.7108108355188,953.4799980850369,961.0055541992188,17791598,950.5976,968.9197,78.8815,-4.0587,-6.1521,HDFCBANK
2025-09-19,959.0380500102757,960.8087513537787,946.4462625851606,951.168212890625,31243267,949.186,968.2074,65.4357,-3.8562,-5.693,HDFCBANK
2025-09-22,948.315388056543,955.3982535857159,946.298754270858,948.5121459960938,10854415,948.2957,967.491,69.9393,-3.8655,-5.3275,HDFCBANK
2025-09-23,951.2665762064279,952.447063800625,939.9536851760515,941.6260375976562,21022298,947.0734,966.8578,52.9602,-4.378,-5.1376,HDFCBANK
2025-09-24,936.7074240016012,940.8882751893465,927.6570988338277,935.5761108398438,15117220,945.9741,966.1103,38.8647,-5.2123,-5.1525,HDFCBANK
2025-09-25,937.0024763946197,942.4129893816753,931.9854792780051,934.3955688476562,31413279,945.5831,965.2167,34.894,-5.9007,-5.3021,HDFCBANK
2025-09-26,929.7228805294212,935.9695999150294,925.9847198182591,929.6737060546875,14874656,945.2609,964.2207,27.7364,-6.7495,-5.5916,HDFCBANK
2025-09-29,930.6574059019287,941.232499440892,923.8204729543667,934.8382568359375,32398179,945.2462,963.4202,35.5684,-6.9256,-5.8584,HDFCBANK
2025-09-30,942.4621986714628,944.3804835370663,930.9033750448373,935.5269165039062,28296687,945.5659,962.9231,35.5058,-6.9297,-6.0727,HDFCBANK
2025-10-01,937.1992488555558,953.8242439027433,930.6082481971154,949.5450439453125,25350832,946.0971,962.2833,48.0,-5.7357,-6.0053,HDFCBANK
2025-10-03,936.5106471136629,951.0206597658967,936.5106471136629,949.4467163085938,26658296,946.2889,961.5768,48.3031,-4.7427,-5.7527,HDFCBANK
2025-10-06,956.0868643620497,961.4973774003239,946.3479168763192,957.6116333007812,18542683,946.7832,960.8648,54.4818,-3.2593,-5.254,HDFCBANK
2025-10-07,958.1527020714059,973.7447933808842,955.201513050652,966.514404296875,25535736,947.5948,960.43,59.7508,-1.3498,-4.4732,HDFCBANK
2025-10-08,960.1201629857547,969.8591107869768,958.6937429483099,962.7762451171875,15939710,948.2613,959.9657,57.2879,-0.1365,-3.6059,HDFCBANK
2025-10-09,958.6445364195181,963.0713198098597,954.3653364923583,961.2022094726562,15370950,948.8122,959.4315,50.1334,0.69,-2.7467,HDFCBANK
2025-10-10,963.0713193511867,970.1541847807785,962.1859386567031,964.9404296875,13757080,949.4565,958.8433,60.1892,1.6279,-1.8718,HDFCBANK
2025-10-13,958.4477997344204,965.0388004923793,956.1852335153851,961.1038818359375,18634254,949.9336,958.1369,59.1559,2.0382,-1.0898,HDFCBANK
2025-10-14,954.2177737318785,964.4977607253469,951.2665847409552,961.25146484375,22934382,950.4304,957.5083,65.8208,2.3481,-0.4022,HDFCBANK
2025-10-15,959.1364356766506,968.8753835018975,957.5132576917447,962.3335571289062,23310447,950.9911,956.9604,73.4482,2.6505,0.2083,HDFCBANK
2025-10-16,966.6619807603523,980.384961573746,965.5306676270898,978.1715698242188,22936566,952.361,956.9279,80.5213,4.1207,0.9908,HDFCBANK
2025-10-17,977.7781081157631,992.5832274986775,969.9574453059425,986.2381591796875,25210511,953.6226,957.1985,87.6802,5.869,1.9664,HDFCBANK
2025-10-20,980.7784494751901,1003.4042311581684,980.7784494751901,986.6316528320312,22195202,955.3958,957.4011,86.8439,7.2033,3.0138,HDFCBANK
2025-10-21,989.6320299074079,993.5669485153896,987.664570603417,991.3043823242188,3471600,957.5354,957.5979,87.5497,8.5394,4.1189,HDFCBANK
2025-10-23,999.4693402098319,1003.8961237048558,989.6320435542233,992.386474609375,43526526,960.0734,958.0278,84.9238,9.5752,5.2102,HDFCBANK
2025-10-24,994.5506701933195,995.4852253636408,975.1711841959709,978.5650634765625,17707768,962.2229,957.9677,69.3971,9.175,6.0031,HDFCBANK
2025-10-27,980.286584655995,992.6323796093756,979.9914777728962,986.6316528320312,15700796,964.8347,958.3219,69.3569,9.4004,6.6826,HDFCBANK
2025-10-28,981.4178939740924,991.5994716753507,978.8109864255694,987.2218627929688,33904289,967.7121,958.5855,65.535,9.5169,7.2495,HDFCBANK
2025-10-29,988.5499498614066,996.0262711888014,983.729650556841,991.451904296875,17769445,970.5428,958.8275,71.3552,9.8372,7.767,HDFCBANK
2025-10-30,983.7296659041476,993.0750977302371,980.8768258561881,981.9097900390625,19962917,972.8619,958.7557,63.7853,9.2149,8.0566,HDFCBANK
2025-10-31,977.8272677237645,988.1072545286754,965.1863657946757,971.2362670898438,23221330,973.9465,958.5934,53.8369,7.7708,7.9994,HDFCBANK
2025-11-03,968.9737116887809,978.3683179002891,967.3013592642496,976.499267578125,16607180,975.2991,958.5649,59.2222,6.9707,7.7937,HDFCBANK
2025-11-04,970.9411924643373,980.7784892471573,967.6948965344255,969.2196655273438,20024544,975.8795,958.3612,54.3974,5.6837,7.3717,HDFCBANK
2025-11-06,965.0388182096445,974.9252895070431,958.1527104344483,968.6294555664062,22279516,975.9852,958.4075,53.4935,4.5635,6.8101,HDFCBANK
2025-11-07,964.0550607577244,968.8753600783504,958.8904800750938,966.317626953125,15004568,976.1623,958.4124,42.2608,3.4494,6.1379,HDFCBANK
2025-11-10,966.3176552483678,974.8269410200376,964.2518469316628,968.4818725585938,15988262,976.5263,958.6308,37.4392,2.7099,5.4523,HDFCBANK
2025-11-11,967.4981021987119,977.3353986115102,962.0875891716729,975.564697265625,10200530,977.0575,959.2977,42.8481,2.6647,4.8948,HDFCBANK
2025-11-12,982.549186657653,982.7459446009269,971.629811290036,973.4005126953125,13137263,977.6723,960.0434,38.0421,2.4262,4.4011,HDFCBANK
2025-11-13,967.990016129637,973.9907432290495,966.6127705451346,970.596923828125,14124839,978.1396,960.7527,35.774,1.9881,3.9185,HDFCBANK
2025-11-14,960.169315545859,975.5155341538173,960.169315545859,973.4988403320312,21386965,978.6979,961.64,46.1423,1.8536,3.5055,HDFCBANK
2025-11-17,975.121999344663,981.7129998984626,969.5639028977658,980.3357543945312,18396408,978.8061,962.4683,45.1145,2.2726,3.2589,HDFCBANK
2025-11-18,981.4178963551165,982.7459073482096,973.8923406153428,976.302490234375,20002640,978.3093,963.0822,41.9565,2.2532,3.0578,HDFCBANK
2025-11-19,973.8923481205824,980.3357652840727,967.9899702531849,978.41748046875,19813847,977.8986,963.696,40.0897,2.381,2.9224,HDFCBANK
2025-11-20,979.106143718625,995.1409255797437,976.3025381325072,992.4356689453125,19850865,977.9552,964.5391,57.493,3.5723,3.0524,HDFCBANK
2025-11-21,986.7792242744008,991.8946306513916,980.3358068377918,981.8114013671875,17499897,977.4264,965.1864,57.5333,3.6174,3.1654,HDFCBANK
2025-11-24,983.7296398293618,994.9933562138265,977.4337461176169,982.8934936523438,32204053,977.6428,965.8405,54.8435,3.6979,3.2719,HDFCBANK
2025-11-25,987.6645910314578,989.7303993265384,972.3184321597589,973.6956176757812,24989383,976.996,966.2734,53.2947,2.985,3.2145,HDFCBANK
2025-11-26,965.3338969506472,990.566586579224,965.3338969506472,987.5662231445312,19494356,977.0132,966.9935,61.6596,3.499,3.2714,HDFCBANK
2025-11-27,985.7954498771661,1000.2562876177888,984.7133712881919,993.0750732421875,25536848,977.0944,967.8287,65.8509,4.3012,3.4774,HDFCBANK
2025-11-28,990.615779865885,995.583602701878,987.8613487922537,991.2059936523438,15988807,977.5592,968.6304,63.5088,4.7317,3.7282,HDFCBANK
2025-12-01,1000.9449320171519,1000.9449320171519,983.0410401436599,985.7954711914062,16746566,978.2872,969.3308,56.2053,4.5834,3.8993,HDFCBANK
2025-12-02,971.9249162739843,978.2208101938114,968.9737272569581,973.6956176757812,27316662,978.147,969.5846,50.1597,3.4497,3.8094,HDFCBANK
2025-12-03,969.957416921422,985.9921979107919,969.957416921422,984.2214965820312,15448777,978.8971,970.2457,56.8059,3.3619,3.7199,HDFCBANK
2025-12-04,983.7296507402166,988.3531921071142,976.8435431850351,980.9752197265625,14528169,979.5144,970.8949,53.7219,2.9958,3.5751,HDFCBANK
2025-12-05,975.8598190407668,991.5994935414243,974.0891176678615,986.9759521484375,12843366,980.5473,971.8019,53.3333,3.1535,3.4908,HDFCBANK
2025-12-08,983.7296369469886,990.1238795871441,981.2703128546212,986.7791748046875,12901022,981.4622,972.826,55.4699,3.2255,3.4377,HDFCBANK
2025-12-09,978.7126738119038,986.4841021884776,977.82729309106,980.8768310546875,15294322,981.7278,973.7556,51.2352,2.7743,3.305,HDFCBANK
2025-12-10,981.2703481612342,982.2540778335763,969.2688341502419,973.6956176757812,15322830,981.7425,974.6361,39.8939,1.8162,3.0073,HDFCBANK
2025-12-11,973.892376646044,986.3857555063869,972.4167821359742,984.0247802734375,11844809,982.4139,975.6198,51.1974,1.869,2.7796,HDFCBANK
2025-12-12,986.6808557305643,988.3532081724247,981.9589653386773,985.2052612304688,11988618,982.9992,976.6134,51.2493,1.9831,2.6203,HDFCBANK
2025-12-15,975.8597989154725,985.5003373398883,975.8597989154725,979.89306640625,9790060,982.9771,977.2203,53.4961,1.6262,2.4215,HDFCBANK
2025-12-16,973.9906989646398,982.4508099496376,973.9906989646398,978.1223754882812,20049088,983.0681,977.7938,43.8303,1.1868,2.1745,HDFCBANK
2025-12-17,979.7947462128429,979.7947462128429,964.8420432983647,967.989990234375,19080922,982.5467,978.0014,34.5454,0.0207,1.7438,HDFCBANK
2025-12-18,957.464054962666,971.334679033018,957.464054962666,963.7599487304688,14912404,981.1129,977.9463,33.5689,-1.2306,1.1489,HDFCBANK
2025-12-19,970.9411706561548,971.9249003123414,962.7762265182249,969.465576171875,25952384,980.4956,978.0801,40.2582,-1.7417,0.5708,HDFCBANK
2025-12-22,971.9249286743926,976.745228147207,967.8916609831689,971.6298217773438,13540411,979.9325,978.2886,48.6019,-1.9497,0.0667,HDFCBANK
2025-12-23,974.3842218605324,982.647574967353,971.6297908389565,980.3849487304688,17927849,980.2669,978.5975,47.3397,-1.3921,-0.2251,HDFCBANK
2025-12-24,976.8435431850351,983.1394369666097,976.8435431850351,980.9752197265625,13699996,979.9374,978.995,50.0,-0.8922,-0.3585,HDFCBANK
2025-12-26,979.7947606844748,980.9752483081762,971.6298163538564,975.9581909179688,9360853,979.0815,979.2891,41.954,-0.8906,-0.4649,HDFCBANK
2025-12-29,976.9418827381613,981.1719682293385,971.1379138798658,975.564697265625,13545749,978.2995,979.5537,41.8338,-0.9106,-0.5541,HDFCBANK
2025-12-30,974.0891482066822,978.8110386964976,966.219310709625,974.7777709960938,33155849,977.7486,979.4858,45.2013,-0.9787,-0.639,HDFCBANK
2025-12-31,974.8761180311038,981.3687099365719,971.531413084593,975.0728759765625,10963454,977.8174,979.2625,51.2153,-0.9973,-0.7106,HDFCBANK
2026-01-01,977.3354223369146,981.3195154723957,973.4005036762727,975.023681640625,7132074,977.3576,979.0304,40.2969,-1.0044,-0.7694,HDFCBANK
2026-01-02,975.0236621058955,986.8775923251652,972.7118614138294,985.3035888671875,11751459,977.574,978.9104,50.0886,-0.1786,-0.6512,HDFCBANK
2026-01-05,989.3861276768052,990.0255759869466,960.4152765333309,961.5957641601562,27647379,976.305,978.2946,37.6165,-1.4207,-0.8051,HDFCBANK
2026-01-06,947.0365425575541,950.9714611429873,940.445541918535,946.544677734375,31988783,974.2932,977.6541,31.8849,-3.5783,-1.3598,HDFCBANK
2026-01-07,940.4455758755977,940.8882662408619,930.6082790568153,933.608642578125,52884712,971.9298,976.5937,30.8912,-6.2599,-2.3398,HDFCBANK
2026-01-08,929.3294156929511,937.4943598087852,926.083119844739,931.296875,21928849,969.8099,975.4752,31.5642,-8.474,-3.5666,HDFCBANK
2026-01-09,929.6245460388378,935.1334082207486,918.1148967937476,923.72216796875,38183839,966.7948,974.1206,24.5623,-10.7163,-4.9966,HDFCBANK
2026-01-12,922.246544668881,926.6733280832916,914.4750564356341,921.7055053710938,21071666,963.6198,972.9165,22.1917,-12.5119,-6.4996,HDFCBANK
2026-01-13,932.2806373194226,932.2806373194226,917.4262830054705,922.0989990234375,32042827,960.7301,971.9338,14.1994,-13.7447,-7.9486,HDFCBANK
2026-01-14,914.8685971701506,924.7550683892156,905.2280583696796,910.3926391601562,36688248,957.3436,970.6116,11.8553,-15.4878,-9.4565,HDFCBANK
2026-01-15,910.3926391601562,910.3926391601562,910.3926391601562,910.3926391601562,0,954.4637,969.4351,12.5351,-16.677,-10.9006,HDFCBANK
2026-01-16,906.9987674975428,920.7218085803552,904.2443363942556,915.95068359375,37780235,952.0732,968.3815,17.8343,-16.9752,-12.1155,HDFCBANK
2026-01-19,920.6726328615482,920.9185652819042,904.5394420693568,912.8027954101562,38191942,949.2401,967.3112,17.3912,-17.2665,-13.1457,HDFCBANK
2026-01-20,914.1799618930222,919.2953681382725,904.637772173591,916.049072265625,36022727,946.4611,966.2626,19.8794,-17.0391,-13.9244,HDFCBANK
2026-01-21,909.9499161549952,916.9836070913005,900.6044845836736,905.3755493164062,32766854,942.7106,964.8588,17.9347,-17.5181,-14.6431,HDFCBANK
2026-01-22,912.9011151422527,913.1962220288154,898.3419283315923,903.75244140625,44444755,938.8495,963.4658,9.2027,-17.8233,-15.2792,HDFCBANK
2026-01-23,905.0312717738813,911.0319985807623,894.4561781091321,901.1947021484375,30985247,935.1113,962.0778,11.6728,-18.0633,-15.836,HDFCBANK
2026-01-27,891.2590997657288,916.0490999795524,890.2753700750383,911.3272094726562,44753093,931.8994,960.8343,26.1652,-17.2372,-16.1162,HDFCBANK
2026-01-28,917.3279002643548,926.1322926560076,913.2946327089841,917.524658203125,35347138,929.0368,959.5781,38.022,-15.8992,-16.0728,HDFCBANK
2026-01-29,914.9669494914904,924.0172745375145,909.310503842987,920.2791137695312,37175628,926.2971,958.4576,41.8486,-14.4499,-15.7482,HDFCBANK
2026-01-30,914.8685955943554,923.6238136980638,912.6552038308206,914.1307983398438,29691233,923.2524,957.1719,42.7509,-13.6403,-15.3266,HDFCBANK
2026-02-02,900.1126164754811,914.6718030723491,894.5053455447564,912.9994506835938,28032106,919.6372,955.5832,43.3308,-12.9407,-14.8495,HDFCBANK
2026-02-03,967.7440559401642,977.8272849855383,929.6245315003357,933.2643432617188,50336968,918.2206,954.6122,56.5569,-10.6286,-14.0053,HDFCBANK
2026-02-04,937.0024986247718,941.62604002273,932.5265406922532,937.5927124023438,24366770,917.773,953.7062,67.4889,-8.3507,-12.8744,HDFCBANK
2026-02-05,940.4455315704454,940.4947060438036,931.2968579683982,934.248046875,28103169,917.805,952.9173,64.7058,-6.7377,-11.647,HDFCBANK
2026-02-06,929.6245335781572,932.674071523322,922.3449100391202,925.7879638671875,18120272,917.5296,951.6817,55.8548,-6.072,-10.532,HDFCBANK
2026-02-09,929.6245151050697,934.5431633331389,920.1315000080592,922.0006103515625,23947829,917.4435,950.2602,55.4328,-5.7834,-9.5823,HDFCBANK
2026-02-10,914.868578036692,925.5912552799808,914.8194035624206,917.2295532226562,31525385,917.2197,948.7807,50.6849,-5.872,-8.8402,HDFCBANK
2026-02-11,916.098249190927,920.7709650928405,910.2450456843219,912.0157470703125,24869804,916.7155,947.3051,54.1134,-6.2904,-8.3303,HDFCBANK
2026-02-12,911.9174149760892,913.4913584500406,903.5557126812706,905.6215209960938,33872203,916.477,945.9436,51.0932,-7.0566,-8.0755,HDFCBANK
2026-02-13,898.1451529282086,913.097855324917,886.3403973585059,889.1932373046875,50188359,915.417,944.0431,43.9604,-8.887,-8.2378,HDFCBANK
2026-02-16,889.1932346170704,914.3766890728148,887.4224732532938,910.7368774414062,18806989,915.1563,942.6383,49.7335,-8.5012,-8.2905,HDFCBANK
2026-02-17,907.9824677389611,912.9994649414832,903.6540332583628,910.6385498046875,22599629,915.0481,941.1115,46.7105,-8.1099,-8.2544,HDFCBANK
2026-02-18,908.1792516728873,910.4418179261975,904.5886143276533,909.6548461914062,12738702,914.7284,939.5691,44.8375,-7.7894,-8.1614,HDFCBANK
2026-02-19,913.8848827326366,914.0816406792112,897.6041683586819,900.702880859375,21209234,914.4948,937.9656,43.6482,-8.1636,-8.1618,HDFCBANK
2026-02-20,896.1777087970013,902.9162328649714,893.6200357305538,897.0138549804688,22654907,914.1578,936.4319,42.617,-8.6581,-8.2611,HDFCBANK
2026-02-23,901.5882362795462,910.5893867142319,900.3585742006053,908.5726928710938,23270122,914.5267,934.9229,37.5988,-8.0247,-8.2138,HDFCBANK
2026-02-24,912.8519465614362,912.8519465614362,894.3578410316289,895.6858520507812,31313985,913.7447,933.1325,30.6187,-8.4651,-8.264,HDFCBANK
2026-02-25,895.7350222932594,901.0963609031212,888.4062243801156,892.8330078125,27884303,912.5101,931.3913,30.7587,-8.9412,-8.3995,HDFCBANK
2026-02-26,897.1614323550999,897.1614323550999,880.4380284625158,883.9794311523438,41165937,910.6951,929.5084,30.6466,-9.9186,-8.7033,HDFCBANK
2026-02-27,883.9794733683615,884.3238147843207,870.6007736322075,873.3060302734375,34620755,908.6539,927.6148,28.8099,-11.4227,-9.2472,HDFCBANK
2026-03-02,861.9439110956672,873.3059762779105,857.3695443137591,865.0918579101562,38378924,906.2585,925.6414,27.9717,-13.1263,-10.023,HDFCBANK
2026-03-04,834.202743374385,864.993469417403,834.202743374385,854.5167846679688,39862322,902.3211,923.3424,26.7594,-15.155,-11.0494,HDFCBANK
2026-03-05,859.6321193633155,867.0593261570968,849.4505416361635,863.4686889648438,31324582,898.6149,921.1792,33.3073,-15.8577,-12.0111,HDFCBANK
2026-03-06,853.9264946975441,857.5171318697022,841.1871839599715,843.10546875,34439647,894.0578,918.4336,32.3007,-17.8518,-13.1792,HDFCBANK
2026-03-09,811.5769775858611,828.7430723323081,808.1339237415574,827.0215454101562,35592613,889.1195,915.3545,16.4432,-20.4939,-14.6421,HDFCBANK
2026-03-10,836.2193641547399,842.8595391904452,826.923107096334,835.629150390625,52866024,884.8009,912.548,21.8531,-21.6436,-16.0424,HDFCBANK
2026-03-11,831.2515482012323,835.0388833093358,814.1346283989498,820.38134765625,42261076,879.9585,909.4443,19.7399,-23.5141,-17.5368,HDFCBANK
2026-03-12,806.7566625998296,822.7915039414563,806.7566625998296,819.2008666992188,46107561,875.3177,906.3328,20.8377,-24.8058,-18.9906,HDFCBANK
2026-03-13,806.6583423777922,810.3965031755142,798.7885048911796,803.7071533203125,41700464,870.222,902.9054,19.2145,-26.7711,-20.5467,HDFCBANK
2026-03-16,803.7071599773169,830.7597265616207,802.3791489072894,826.9231567382812,52182605,867.1085,899.9434,24.9849,-26.1538,-21.6681,HDFCBANK
2026-03-17,833.907625869114,835.0881134427475,821.5125964091002,831.5958251953125,38826979,863.1514,896.8693,29.324,-24.9994,-22.3344,HDFCBANK
2026-03-18,831.5958180920426,833.0222380629118,818.0695356894909,829.333251953125,23507063,859.0862,894.224,29.4361,-23.9905,-22.6656,HDFCBANK
2026-03-19,757.4718247668609,802.3791069663046,757.4718247668609,785.2130126953125,171637393,852.8641,890.9974,23.9626,-26.4462,-23.4217,HDFCBANK
2026-03-20,772.2277890336613,780.8354236248008,765.5384393026802,767.7518310546875,103129469,846.2165,887.6803,23.1347,-29.4617,-24.6297,HDFCBANK
2026-03-23,750.7333447737776,756.1930326018271,728.9928823726722,732.04248046875,72341738,837.968,883.6952,20.2943,-34.3372,-26.5712,HDFCBANK
2026-03-24,742.7158864237038,760.1770877270425,735.5346719806084,752.454833984375,61269986,830.1621,880.2698,28.1717,-36.1374,-28.4844,HDFCBANK
2026-03-25,755.7011518436857,781.8683373030494,755.7011518436857,769.5717163085938,59230640,823.8564,877.2271,30.5956,-35.7705,-29.9416,HDFCBANK
2026-03-27,760.6197661066401,762.2921184952538,742.2731843894259,743.8963623046875,65485199,816.4095,873.6631,29.9383,-37.1236,-31.378,HDFCBANK
2026-03-30,733.0753333889118,738.7809532430898,714.8271607333363,719.6473999023438,103500135,808.1929,869.8482,28.9813,-39.695,-33.0414,HDFCBANK
2026-04-01,730.9111370884557,743.6012737142313,727.0745673991486,730.17333984375,78862761,801.0363,866.2438,29.5107,-40.4176,-34.5167,HDFCBANK
2026-04-02,718.1226435138951,742.7158847301245,714.8271732077576,738.6826171875,49310300,794.7158,862.6984,33.6997,-39.8444,-35.5822,HDFCBANK
2026-04-06,746.6508105088765,760.1770933079504,732.8785952952741,758.45556640625,42976659,789.9128,859.6115,38.7173,-37.3639,-35.9385,HDFCBANK
2026-04-07,753.5368922732654,761.4067292682865,748.6182441513773,759.4392700195312,51309793,784.7113,856.4793,41.3094,-34.9162,-35.7341,HDFCBANK
2026-04-08,786.9837533249241,804.4941298279846,783.0488345582994,802.82177734375,70269512,782.6971,854.4282,45.6156,-29.1398,-34.4152,HDFCBANK
2026-04-09,801.7397031581198,805.674621946626,780.1959987742106,784.72119140625,48879392,780.5821,852.0476,41.87,-25.7261,-32.6774,HDFCBANK
2026-04-10,790.9186649096054,799.0344347920734,787.9674758614352,797.1161499023438,38156026,778.6565,849.966,44.6019,-21.7695,-30.4958,HDFCBANK
2026-04-13,778.6220116333144,785.5081191272287,774.5395096022282,781.7699584960938,47549328,776.7259,847.3749,49.3615,-19.6458,-28.3258,HDFCBANK
2026-04-15,791.8531825431569,801.5428954413671,790.9186273804953,796.72265625,39769515,775.602,844.9588,55.4226,-16.5652,-25.9737,HDFCBANK
2026-04-16,804.6908427624061,806.7074765090769,779.3106301457999,782.5077514648438,62861293,774.542,842.2034,60.2723,-15.0968,-23.7983,HDFCBANK
2026-04-17,777.2447773125524,790.8694690755784,775.3757269911107,786.8853759765625,37282544,772.5401,839.6585,57.4979,-13.4251,-21.7236,HDFCBANK
2026-04-20,784.130869340026,796.7718311959621,777.146412936798,782.5077514648438,52148044,770.0857,837.0487,52.9825,-12.3115,-19.8412,HDFCBANK
2026-04-21,782.2618278432276,801.6413139109341,782.2618278432276,798.5425415039062,49135752,768.5462,834.3542,63.1854,-10.0197,-17.8769,HDFCBANK
2026-04-22,796.8210214869076,799.8213849297669,785.0162656130275,786.8853759765625,23876412,768.6298,831.3401,67.2732,-9.0398,-16.1095,HDFCBANK
2026-04-23,779.1138736217773,783.6882404572269,769.7684420568696,771.5883178710938,37677616,768.8216,828.0869,60.3848,-9.3894,-14.7655,HDFCBANK
2026-04-24,764.6530532653331,774.7854567622786,764.3579463755373,772.0802001953125,27720358,770.8235,825.0127,58.7253,-9.517,-13.7158,HDFCBANK
2026-04-27,774.6870798664892,780.0975928052393,772.227755803421,776.9496459960938,18115375,772.0482,822.1117,55.2397,-9.1201,-12.7966,HDFCBANK
2026-04-28,772.2277766082829,781.5732082997206,765.6367759332712,769.817626953125,35366803,772.0605,819.1635,52.8414,-9.2741,-12.0921,HDFCBANK
2026-04-29,772.7196209849993,777.1464043006358,764.7022005187322,766.3253784179688,25799963,773.182,816.2497,37.2157,-9.5677,-11.5872,HDFCBANK
2026-04-30,757.4718126650201,766.1286213727735,749.847908057028,759.1441650390625,47998755,775.1568,813.3201,40.2985,-10.2615,-11.3221,HDFCBANK
2026-05-01,759.1441650390625,759.1441650390625,759.1441650390625,759.1441650390625,0,776.6054,810.7192,34.1021,-10.6882,-11.1953,HDFCBANK
2026-05-04,760.0295232783589,773.8017387354295,760.0295232783589,766.7189331054688,29028060,778.0072,807.8388,43.2599,-10.2964,-11.0155,HDFCBANK
2026-05-05,761.8002432312857,764.2595672860843,751.2743242683289,759.734375,38887657,778.0711,804.8207,32.1632,-10.4293,-10.8983,HDFCBANK
2026-05-06,762.5380651832903,785.9508189360297,760.9148872376333,783.58984375,35530831,779.2787,802.2994,50.4774,-8.5116,-10.4209,HDFCBANK
2026-05-07,781.0813276889071,788.5084744009563,775.7199891869062,783.0979614257812,46137553,778.2925,799.9473,48.2696,-6.9513,-9.727,HDFCBANK
2026-05-08,771.2440360478325,775.9167518274592,764.5546865191014,768.145263671875,38016841,777.4637,797.3699,44.0164,-6.8425,-9.1501,HDFCBANK
2026-05-11,759.3901026416063,762.2428825536997,749.5036318326614,751.2251586914062,41123422,775.1691,794.223,30.4313,-8.029,-8.9259,HDFCBANK
2026-05-12,744.2898305325124,747.3394284783378,735.6330216051203,738.2399291992188,43937132,772.9926,791.0741,30.1006,-9.9029,-9.1213,HDFCBANK
2026-05-13,739.7647228184694,747.5853858194506,735.1903557682459,737.4037475585938,28960919,770.0267,787.9655,34.1397,-11.325,-9.562,HDFCBANK
2026-05-14,738.7810009702333,765.6368096362314,734.846082190099,757.0291748046875,50992358,768.7527,785.4265,44.0698,-10.7445,-9.7985,HDFCBANK
2026-05-15,760.4230253238243,769.1782432932904,752.9467039429112,755.0125122070312,24347873,767.1591,783.0606,41.1578,-10.3281,-9.9044,HDFCBANK
2026-05-18,746.6507839481793,761.5050772404568,739.1252283144738,756.143798828125,29812079,765.8409,780.8816,44.2083,-9.794,-9.8823,HDFCBANK
2026-05-19,754.2255287138954,758.2587962302428,747.8804605130283,750.044677734375,40307830,763.416,778.7922,43.2532,-9.7504,-9.856,HDFCBANK
2026-05-20,747.2410491475586,749.8479568451309,742.8635000569833,747.1427001953125,24013451,761.4289,776.4657,44.8436,-9.8367,-9.8521,HDFCBANK
2026-05-21,754.5206547496631,755.7503168336749,742.8634822100684,746.7984008789062,34664725,760.1894,774.5395,44.7114,-9.8196,-9.8456,HDFCBANK
2026-05-22,746.7984174780529,762.390509033052,746.7984174780529,754.3239135742188,25604071,759.3016,773.0856,44.688,-9.094,-9.6953,HDFCBANK
2026-05-25,763.3742255318324,775.0313981291084,762.5872538025895,774.0476684570312,26043952,759.1565,771.854,55.5302,-6.8485,-9.1259,HDFCBANK
2026-05-26,771.2932224692265,777.9825721015808,764.1120080103449,766.22705078125,31528062,758.9769,770.7709,42.3427,-5.635,-8.4277,HDFCBANK
2026-05-27,756.9799611769273,761.3083956280444,744.584991677417,746.3065185546875,63680153,757.976,769.313,36.1482,-6.2091,-7.984,HDFCBANK
2026-05-28,746.3065185546875,746.3065185546875,746.3065185546875,746.3065185546875,0,757.3341,768.165,40.7346,-6.5882,-7.7048,HDFCBANK
2026-05-29,733.9115075895189,748.1264133157719,725.7465633447872,732.4359130859375,101299431,755.9987,766.2752,41.8166,-7.9166,-7.7472,HDFCBANK
2026-06-01,736.8135126590627,740.1089829912345,727.1729740345589,730.6160278320312,47996441,754.1936,764.2556,46.3218,-9.0123,-8.0002,HDFCBANK
2026-06-02,725.0087855549667,741.3386744827858,721.2214502442791,736.0757446289062,47314447,753.0106,762.3905,49.3867,-9.3325,-8.2667,HDFCBANK
2026-06-03,732.3375535846441,744.5849997963322,730.5176176978582,741.3878784179688,36109480,750.9005,761.514,41.6754,-9.0533,-8.424,HDFCBANK
2026-06-04,736.9610714527732,744.9784318589446,732.8785694984622,741.9288940429688,42673538,748.8421,760.9975,42.9255,-8.6882,-8.4769,HDFCBANK
2026-06-05,741.6829610502508,746.355676758121,732.5342875674706,734.8952026367188,22116568,747.1796,761.0546,39.2,-8.8643,-8.5543,HDFCBANK
2026-06-08,725.9925096938186,729.4355636015806,722.5494557860566,726.6319580078125,21550700,745.9499,760.5381,38.3562,-9.5604,-8.7555,HDFCBANK
2026-06-09,727.4189306755471,731.8457142768752,720.3852393810432,726.3367919921875,38539563,745.3548,759.6734,39.3772,-10.0203,-9.0085,HDFCBANK
2026-06-10,724.5169081730804,743.6504624272108,724.418559222074,734.698486328125,44458159,745.2195,759.4895,44.2897,-9.5995,-9.1267,HDFCBANK
2026-06-11,730.9111639255492,743.699649970007,728.0583237911012,732.485107421875,32632007,743.9923,759.7462,39.1495,-9.3369,-9.1687,HDFCBANK
2026-06-12,742.4207572291352,761.8494172504803,740.8467538097462,759.8819580078125,36088159,744.2358,760.3404,43.4605,-6.8393,-8.7029,HDFCBANK
2026-06-15,777.1464134002696,780.5894671305239,762.980682607529,764.7022094726562,39990334,744.6637,760.8608,49.276,-4.42,-7.8463,HDFCBANK
2026-06-16,767.8010209255166,774.8838866823837,766.7681167622869,772.1294555664062,27820970,745.7679,761.1343,63.911,-1.8817,-6.6534,HDFCBANK
2026-06-17,774.8346784396643,781.376444549763,770.3586605239058,774.2935791015625,32405604,747.1255,761.4313,64.7333,0.3011,-5.2625,HDFCBANK
2026-06-18,773.7033792240301,789.8857441736253,773.4082723338255,786.0,41492071,749.0855,761.0949,78.8554,2.9416,-3.6217,HDFCBANK
2026-06-19,788.7000122070312,789.0499877929688,776.2000122070312,779.7999877929688,33798761,750.3593,760.9965,75.3017,4.4824,-2.0009,HDFCBANK
2026-06-22,789.9000244140625,789.9000244140625,783.0999755859375,786.4000244140625,25194765,750.977,760.7822,75.5881,6.1649,-0.3677,HDFCBANK
2026-06-23,783.0499877929688,790.9000244140625,772.5499877929688,774.6500244140625,28289062,751.3981,760.6398,65.8734,6.4755,1.0009,HDFCBANK
2026-06-24,773.0,794.9000244140625,772.6500244140625,793.2000122070312,34701292,753.7428,760.5693,70.8789,8.1249,2.4257,HDFCBANK
2026-06-25,798.5,804.4500122070312,794.75,796.2999877929688,46707966,756.2425,760.8452,75.8332,9.5718,3.8549,HDFCBANK
2026-06-26,796.2999877929688,796.2999877929688,796.2999877929688,796.2999877929688,0,759.4357,761.0335,81.4997,10.5964,5.2032,HDFCBANK
2026-06-29,800.0,805.9000244140625,793.2999877929688,798.9000244140625,46695977,762.8499,761.3613,82.1389,11.4857,6.4597,HDFCBANK
2026-06-30,806.0999755859375,806.0999755859375,792.75,797.9500122070312,45778356,765.9436,761.3494,79.9832,11.9759,7.563,HDFCBANK
2026-07-01,793.5,802.25,793.5,796.1500244140625,26094378,768.6817,761.5347,80.2979,12.0798,8.4663,HDFCBANK
2026-07-02,795.0,805.4500122070312,794.0,795.9000244140625,34143823,771.3802,762.021,73.1128,12.0036,9.1738,HDFCBANK
2026-07-03,803.0,807.0,798.5499877929688,801.0499877929688,25871958,774.688,762.6004,73.2261,12.218,9.7826,HDFCBANK
2026-07-06,805.0,831.5,805.0,829.8499755859375,63203327,779.8489,763.6584,78.9702,14.5441,10.7349,HDFCBANK
2026-07-07,843.0,843.0,826.0999755859375,829.2999877929688,57611729,784.997,764.848,78.0627,16.157,11.8193,HDFCBANK
2026-07-08,825.9000244140625,834.3499755859375,806.9500122070312,810.2999877929688,38754632,788.7771,765.7275,61.5385,15.7208,12.5996,HDFCBANK
2026-07-09,813.0,822.8499755859375,812.2999877929688,817.5499877929688,39891798,793.0304,766.8956,67.748,15.7783,13.2354,HDFCBANK
2026-07-10,824.0,827.7000122070312,820.2999877929688,824.9500122070312,23595785,796.2838,768.2117,67.9888,16.2338,13.835,HDFCBANK
2026-07-13,817.0,821.9500122070312,811.0,817.9500122070312,21741736,798.9462,769.2364,71.1426,15.8473,14.2375,HDFCBANK
2026-07-14,811.4000244140625,818.4000244140625,807.0,809.4000244140625,25605395,800.8097,770.2297,58.7662,14.6818,14.3264,HDFCBANK
2026-07-15,811.0,819.7000122070312,809.7000122070312,815.4500122070312,21488739,802.8675,770.8669,60.042,14.084,14.2779,HDFCBANK
2026-07-16,814.5,818.0,806.5,808.2999877929688,18698186,803.9825,771.3709,55.8537,12.8848,13.9993,HDFCBANK
2026-07-17,810.0,823.7000122070312,808.5,819.5999755859375,17415322,805.9725,772.4,59.3075,12.6998,13.7394,HDFCBANK
2026-07-20,790.0,790.0,774.5499877929688,777.5999755859375,56061789,805.5325,772.9275,43.3169,9.0597,12.8034,HDFCBANK
2026-07-21,769.1500244140625,772.5,760.0999755859375,761.4500122070312,42246009,804.8725,773.3917,39.5858,4.8162,11.206,HDFCBANK
2026-07-22,760.25,761.3499755859375,750.3499755859375,753.1500244140625,23385446,802.87,773.7066,37.7612,0.7746,9.1197,HDFCBANK
2026-07-23,749.4000244140625,751.0,743.25,747.25,32532090,800.4175,773.5111,34.6636,-2.8715,6.7215,HDFCBANK
2026-07-24,738.5,748.25,737.25,742.7999877929688,23837859,797.7425,773.2668,21.185,-6.0503,4.1671,HDFCBANK
2026-07-27,746.0999755859375,747.9500122070312,738.0999755859375,739.5499877929688,29678752,794.775,772.9349,20.813,-8.7312,1.5875,HDFCBANK
2026-07-28,732.0,740.25,732.0,735.4000244140625,33886037,791.6475,772.642,23.0382,-11.0631,-0.9426,HDFCBANK
2026-07-29,743.0,751.25,740.7999877929688,748.2000122070312,20460659,789.25,772.6632,25.9952,-11.7429,-3.1027,HDFCBANK
2026-07-30,752.7999877929688,757.9000244140625,745.5,753.9500122070312,35844392,787.1525,772.8062,25.14,-11.6831,-4.8188,HDFCBANK
2026-07-31,753.9500122070312,757.5499877929688,747.2000122070312,748.1500244140625,25522483,784.5075,772.6827,25.3531,-11.9657,-6.2482,HDFCBANK
2026-08-03,753.0499877929688,756.8499755859375,750.0499877929688,753.0,14827841,780.665,772.2618,29.5504,-11.6639,-7.3313,HDFCBANK
2026-08-04,753.2000122070312,753.2000122070312,738.0,742.0,31559802,776.3,771.7772,24.2912,-12.172,-8.2995,HDFCBANK
2026-08-05,733.7999877929688,741.9500122070312,732.5999755859375,735.0,60050538,772.535,771.5511,24.3167,-12.9898,-9.2375,HDFCBANK
2026-08-06,739.0,740.5,733.5499877929688,734.2999877929688,44772122,768.3725,771.311,17.7138,-13.5383,-10.0977,HDFCBANK
2026-08-07,733.0,736.0,728.2000122070312,731.0,19382042,763.675,771.2823,25.0535,-14.077,-10.8935,HDFCBANK
2026-08-10,731.5,737.5499877929688,728.5,731.0,23660590,759.3275,771.2899,30.2912,-14.3387,-11.5826,HDFCBANK
2026-08-11,730.5,730.8499755859375,726.5499877929688,729.0,29154365,755.3075,771.1484,32.9809,-14.5398,-12.174,HDFCBANK
2026-08-12,729.0,730.6500244140625,722.0,729.0,26993177,750.985,770.9007,35.9723,-14.5317,-12.6456,HDFCBANK
2026-08-13,726.9000244140625,729.0,724.5,725.0,22129893,746.82,770.5621,36.2229,-14.6788,-13.0522,HDFCBANK
2026-08-14,725.0,729.5999755859375,723.5,727.0,20364131,742.19,770.4042,40.0947,-14.4673,-13.3352,HDFCBANK
2026-08-17,727.0499877929688,732.0999755859375,724.5,729.0,14823722,739.76,770.4516,44.7712,-13.9771,-13.4636,HDFCBANK
2026-08-18,726.2999877929688,729.0,723.0,723.0,17916507,737.8375,770.3848,26.8382,-13.9124,-13.5534,HDFCBANK
2026-08-19,724.0,725.4000244140625,715.0999755859375,720.0,21342651,736.18,770.0908,17.1345,-13.9425,-13.6312,HDFCBANK
2026-08-20,725.5,728.2999877929688,724.2999877929688,725.0499877929688,17603805,735.07,769.9421,27.3084,-13.4044,-13.5858,HDFCBANK
2026-08-21,728.2999877929688,732.7999877929688,726.5999755859375,726.9500122070312,26007126,734.2775,769.2835,22.8363,-12.6784,-13.4044,HDFCBANK
2024-08-21,1158.223268928432,1159.846970432822,1146.513086110094,1156.1075439453125,17234142,1156.1075,1156.1075,,0.0,0.0,ICICIBANK
2024-08-22,1163.1435847596479,1173.5744592109102,1157.829706794536,1172.098388671875,8564142,1164.103,1164.103,,1.2756,0.2551,ICICIBANK
2024-08-23,1173.968043848346,1185.7766075752363,1169.589082848793,1184.300537109375,7518309,1170.8355,1170.8355,,3.2339,0.8509,ICICIBANK
2024-08-26,1186.3178499958535,1195.5677952382332,1181.889638715724,1193.9442138671875,10920226,1176.6127,1176.6127,,5.5006,1.7808,ICICIBANK
2024-08-27,1193.9442695051366,1212.8379237983015,1189.6144386937667,1206.7860107421875,16295325,1182.6473,1182.6473,,8.2382,3.0723,ICICIBANK
2024-08-28,1203.1451193533376,1206.8352956977394,1197.8804917932434,1204.325927734375,12291305,1186.2604,1186.2604,,10.093,4.4764,ICICIBANK
2024-08-29,1199.504093644897,1215.2980967161698,1197.5852499624118,1202.4071044921875,10806748,1188.5671,1188.5671,,11.278,5.8368,ICICIBANK
2024-08-30,1210.3777397050092,1215.8392482869917,1199.4548426639624,1209.5904541015625,21211148,1191.195,1191.195,,12.651,7.1996,ICICIBANK
2024-09-02,1219.2341641068904,1219.4309254466023,1202.997389524353,1210.3284912109375,12516759,1193.321,1193.321,,13.6414,8.488,ICICIBANK
2024-09-03,1207.6224463883482,1230.9935629487222,1200.930998773239,1227.79541015625,19114907,1196.7684,1196.7684,,15.6553,9.9214,ICICIBANK
2024-09-04,1220.070629288316,1223.859186152754,1213.1331701237295,1216.62646484375,13505843,1198.5737,1198.5737,,16.1637,11.1699,ICICIBANK
2024-09-05,1218.2502546691317,1224.9909529744998,1211.65718744667,1216.23291015625,9142811,1200.0453,1200.0453,,16.3465,12.2052,ICICIBANK
2024-09-06,1206.3923063523205,1214.21555165295,1185.7765708665058,1188.8763427734375,10170479,1199.1861,1199.1861,,14.1211,12.5884,ICICIBANK
2024-09-09,1183.710090812365,1218.5453765912819,1181.299103730193,1215.2979736328125,13863250,1200.337,1200.337,,14.3243,12.9356,ICICIBANK
2024-09-10,1217.216888818786,1221.5467196441462,1207.4256692162026,1217.5614013671875,15545130,1201.4853,1201.4853,70.7545,14.5009,13.2486,ICICIBANK
2024-09-11,1211.8538609951502,1219.5294755207808,1206.83524540051,1216.62646484375,11993242,1202.4316,1202.4316,66.7406,14.3994,13.4788,ICICIBANK
2024-09-12,1218.2502705064035,1236.9471648033514,1206.7860981365827,1232.174560546875,15376442,1204.1812,1204.1812,67.5569,15.396,13.8622,ICICIBANK
2024-09-13,1232.0267776590285,1235.9137150505585,1222.2355585854264,1230.403076171875,9877288,1205.638,1205.638,64.1899,15.8601,14.2618,ICICIBANK
2024-09-16,1231.042802375231,1245.4098646133787,1224.8432581989914,1242.7037353515625,8973335,1207.5888,1207.5888,64.0384,17.0243,14.8143,ICICIBANK
2024-09-17,1239.849987924078,1251.9538142521255,1238.3247871252927,1247.8699951171875,11513121,1209.6029,1209.6029,66.6666,18.1544,15.4823,ICICIBANK
2024-09-18,1241.8672616672682,1274.6852037097235,1241.8672616672682,1267.796875,12466597,1215.1873,1212.374,71.9959,20.4226,16.4704,ICICIBANK
2024-09-19,1267.7968764476732,1279.2610475522447,1264.8447355687065,1271.388671875,13172268,1220.1518,1215.0565,71.3025,22.2535,17.627,ICICIBANK
2024-09-20,1274.340862241716,1340.616403523679,1270.9459481482343,1317.09765625,73257767,1226.7917,1219.4931,78.0942,27.0806,19.5177,ICICIBANK
2024-09-23,1309.7664484410157,1310.553734024932,1287.62539277616,1300.8116455078125,11380409,1232.1351,1222.8813,69.3329,29.2548,21.4651,ICICIBANK
2024-09-24,1299.9260678444703,1310.1601805182468,1294.4645590257803,1297.5643310546875,13886037,1236.674,1225.8686,72.3687,30.3657,23.2453,ICICIBANK
2024-09-25,1289.8395992053097,1306.568398126912,1289.1999446337225,1302.7305908203125,8728019,1241.5942,1228.8249,73.2908,31.3022,24.8567,ICICIBANK
2024-09-26,1298.9419832399822,1312.0789860913483,1295.8914616978661,1307.84765625,11100869,1246.8662,1231.7516,86.3936,32.0874,26.3028,ICICIBANK
2024-09-27,1311.7346011418329,1311.7346011418329,1283.0496081575457,1285.7557373046875,17117379,1250.6745,1233.6804,72.1397,30.5746,27.1572,ICICIBANK
2024-09-30,1271.4871691598821,1276.1122623682022,1250.625419751032,1252.69189453125,12622212,1252.7927,1234.3359,59.2487,26.4034,27.0064,ICICIBANK
2024-10-01,1249.542987688833,1259.8262312755362,1247.3780121127852,1254.069580078125,10972413,1254.1064,1234.9937,59.8346,22.9443,26.194,ICICIBANK
2024-10-03,1233.6012439093365,1245.5574384870451,1228.2382360313827,1236.307373046875,17648551,1255.0904,1235.0361,51.073,18.5558,24.6664,ICICIBANK
2024-10-04,1227.2048887996382,1244.2289485494368,1216.4787533567373,1219.97216796875,13488887,1255.2774,1234.5653,47.4822,13.603,22.4537,ICICIBANK
2024-10-07,1221.7435594913184,1242.8020684792546,1205.4575341441214,1214.215576171875,20667247,1256.5443,1233.9487,42.8992,9.1083,19.7846,ICICIBANK
2024-10-08,1221.202267135771,1227.8938344569156,1210.1317389284563,1216.8724365234375,12219259,1256.6231,1233.4464,42.1758,5.695,16.9667,ICICIBANK
2024-10-09,1223.2195743635768,1244.9177369185495,1212.9854623508438,1224.302001953125,14765997,1256.9601,1233.1852,38.2821,3.5485,14.2831,ICICIBANK
2024-10-10,1226.8606284171833,1234.6837542167523,1218.2502169484444,1223.6624755859375,9118195,1257.3119,1232.9207,36.9343,1.7754,11.7815,ICICIBANK
2024-10-11,1217.2661601929808,1221.0055869072553,1202.5054549359925,1203.489501953125,8472512,1255.8776,1232.1252,13.8428,-1.2433,9.1766,ICICIBANK
2024-10-14,1201.5213486036762,1218.1517663968125,1197.9788035414683,1212.099853515625,11833929,1254.9625,1231.5982,20.3161,-2.9074,6.7598,ICICIBANK
2024-10-15,1219.1849221736488,1238.2263267782284,1215.691627570544,1235.470947265625,11657338,1254.6008,1231.6975,31.6889,-2.3136,4.9451,ICICIBANK
2024-10-16,1228.5826203359522,1234.9296751311315,1221.7926723383464,1223.3179931640625,7869727,1253.3732,1231.488,27.5083,-2.7915,3.3978,ICICIBANK
2024-10-17,1229.5175181191341,1236.897870871355,1204.867212000474,1211.60791015625,8459497,1250.5638,1231.0032,23.7238,-4.0683,1.9046,ICICIBANK
2024-10-18,1208.3604278039818,1248.6572232672752,1205.7035490362575,1244.327392578125,11018126,1249.2107,1231.3204,39.3093,-2.4121,1.0412,ICICIBANK
2024-10-21,1244.3274858742436,1252.0522311372122,1230.6000776735575,1238.9644775390625,7742775,1245.3041,1231.4982,45.8667,-1.5149,0.53,ICICIBANK
2024-10-22,1246.3938747133964,1264.4019824079978,1239.653176958133,1247.279541015625,20090801,1242.6275,1231.8568,48.0375,-0.1314,0.3977,ICICIBANK
2024-10-23,1240.8832443668052,1247.7223228428932,1223.2196490881518,1231.6331787109375,14055447,1239.3309,1231.8519,48.6323,-0.294,0.2594,ICICIBANK
2024-10-24,1230.3047750515273,1240.3420065108755,1221.251590602818,1232.764892578125,12223031,1235.8326,1231.8717,54.1088,-0.3279,0.1419,ICICIBANK
2024-10-25,1227.3526156126327,1248.657257098042,1214.5107542672154,1235.4217529296875,13546055,1232.2113,1231.9473,56.9494,-0.1387,0.0858,ICICIBANK
2024-10-28,1264.9924978474703,1286.9367953731105,1260.1706432204314,1272.2252197265625,24096412,1231.5348,1232.7864,64.8222,2.947,0.658,ICICIBANK
2024-10-29,1280.5894733227,1314.0470695956533,1278.5229987539544,1310.6029052734375,20656117,1234.4304,1234.3745,69.8237,8.3924,2.2049,ICICIBANK
2024-10-30,1302.878217992093,1309.6681662645217,1284.771729306591,1291.21728515625,15055031,1236.2877,1235.5113,64.2872,11.0167,3.9673,ICICIBANK
2024-10-31,1286.3953474845157,1297.908648500615,1267.9937179678298,1271.6346435546875,23497314,1238.0541,1237.8219,64.4482,11.3851,5.4509,ICICIBANK
2024-11-01,1269.3713115804678,1275.521605000899,1265.7303859247397,1271.19189453125,1007022,1240.6151,1239.8037,62.9782,11.5087,6.6624,ICICIBANK
2024-11-04,1269.5189366152897,1271.1918884914494,1249.7888674900407,1256.82470703125,14309121,1242.7456,1241.2542,54.883,10.3282,7.3956,ICICIBANK
2024-11-05,1252.6918064806564,1280.540384084737,1242.9497173467564,1276.013671875,16431920,1245.7026,1242.8956,61.6743,10.8164,8.0797,ICICIBANK
2024-11-06,1279.507133687592,1294.0218271864514,1272.077530661039,1281.5736083984375,12037405,1248.5662,1244.3914,65.9346,11.5192,8.7676,ICICIBANK
2024-11-07,1276.4565194695,1282.016408736549,1254.905867336954,1258.30078125,9909035,1250.2981,1245.4709,53.3255,10.082,9.0305,ICICIBANK
2024-11-08,1249.739603368689,1254.6598380276207,1232.7155433996181,1238.7674560546875,11195808,1252.062,1246.1981,49.9561,7.2828,8.681,ICICIBANK
2024-11-11,1241.8673121816607,1255.545589486218,1226.7622147783625,1249.0509033203125,8387780,1253.9096,1246.9873,50.3915,5.8271,8.1102,ICICIBANK
2024-11-12,1255.7915869540607,1274.34084864136,1244.3274155266408,1250.330078125,13486168,1254.6525,1247.7873,54.4124,4.7222,7.4326,ICICIBANK
2024-11-13,1250.330002060316,1255.8898912252891,1230.058659378344,1233.6995849609375,12260404,1255.1716,1247.9054,50.2055,2.4761,6.4413,ICICIBANK
2024-11-14,1233.7488030417599,1247.4762092717035,1223.219549242433,1236.897705078125,9506892,1256.4361,1248.3108,50.3238,0.9433,5.3417,ICICIBANK
2024-11-18,1239.8991689148563,1242.4576669848584,1229.468295169204,1233.45361328125,6195554,1255.8924,1248.6552,40.0354,-0.5432,4.1647,ICICIBANK
2024-11-19,1236.996341503432,1240.8832791422965,1221.054707873685,1229.173095703125,11537317,1255.4028,1249.4612,24.6244,-2.0431,2.9232,ICICIBANK
2024-11-21,1228.6318816632047,1236.8486497660301,1212.887130281342,1230.5999755859375,9593870,1254.5688,1249.7672,28.7293,-3.0811,1.7223,ICICIBANK
2024-11-22,1237.931065448711,1260.9577881469831,1235.962971544977,1257.6612548828125,11604338,1255.8703,1250.5692,45.3412,-1.7005,1.0377,ICICIBANK
2024-11-25,1275.3249381508517,1290.2824048083883,1269.420656029783,1280.1959228515625,22717581,1258.2418,1251.8406,52.6165,1.1982,1.0698,ICICIBANK
2024-11-26,1289.691969633128,1293.2837651950626,1281.6719625867895,1284.132080078125,7646955,1260.6773,1252.8797,58.4475,3.7696,1.6098,ICICIBANK
2024-11-27,1277.7849738450245,1289.9379297411074,1277.1453192983001,1279.9498291015625,21938082,1261.0635,1253.8707,51.3423,5.4076,2.3693,ICICIBANK
2024-11-28,1280.294297193127,1289.593492566128,1261.8434173872402,1265.8287353515625,22803745,1258.8248,1254.3332,44.927,5.5029,2.996,ICICIBANK
2024-11-29,1262.6306978559342,1282.4592691846208,1262.6306978559342,1279.3594970703125,11397228,1258.232,1254.963,57.2395,6.5942,3.7157,ICICIBANK
2024-12-02,1279.1626909163074,1289.6428152581445,1268.58418590124,1283.8369140625,9626400,1258.8421,1255.2838,67.283,7.7312,4.5188,ICICIBANK
2024-12-03,1283.1480184509742,1291.8569303693412,1275.4232736408442,1287.527099609375,11509276,1259.6588,1255.6065,65.5405,8.8283,5.3807,ICICIBANK
2024-12-04,1281.819549984778,1298.9419911656362,1280.9338836934899,1295.0550537109375,11570281,1261.5703,1255.1657,67.1964,10.1878,6.3421,ICICIBANK
2024-12-05,1295.2518809925427,1321.4767579162362,1287.7238973177443,1315.1788330078125,19210697,1263.5286,1255.453,80.5085,12.7421,7.6221,ICICIBANK
2024-12-06,1321.0831368877882,1325.6097291981625,1305.5351457750585,1307.552490234375,8942672,1264.8275,1255.6528,75.6064,13.9898,8.8956,ICICIBANK
2024-12-09,1301.008440803049,1307.8476391384686,1299.1879779810015,1301.205322265625,8000764,1266.9728,1255.6223,74.0482,14.3016,9.9768,ICICIBANK
2024-12-10,1297.957930171136,1310.750540551898,1294.2677540997624,1309.2252197265625,8218214,1270.4957,1255.6498,77.6794,15.0226,10.986,ICICIBANK
2024-12-11,1303.567008056277,1310.01256393174,1295.005847236935,1306.3223876953125,8138066,1273.3592,1256.0612,75.9178,15.1848,11.8257,ICICIBANK
2024-12-12,1300.467319981326,1317.392879799611,1300.467319981326,1308.04443359375,9076896,1276.245,1257.1682,70.8639,15.2761,12.5158,ICICIBANK
2024-12-13,1304.206657466483,1325.658929951843,1292.5457246301107,1323.44482421875,13536684,1280.7322,1258.5557,69.0342,16.4022,13.2931,ICICIBANK
2024-12-16,1323.4448020295467,1328.9061906725217,1318.672198220594,1324.6256103515625,9071006,1285.1186,1260.3221,68.2645,17.1916,14.0728,ICICIBANK
2024-12-17,1320.591043814433,1326.5937063526414,1304.8955425723648,1312.47265625,9879257,1289.0696,1262.1721,63.6853,16.6448,14.5872,ICICIBANK
2024-12-18,1304.108322781897,1313.6535308964567,1286.5922376487658,1293.1854248046875,8510595,1292.2702,1263.7515,61.0318,14.4881,14.5674,ICICIBANK
2024-12-19,1265.4844508567164,1282.2132499737959,1263.9591299468714,1266.3701171875,11517304,1294.0587,1264.7415,45.2688,10.4942,13.7527,ICICIBANK
2024-12-20,1263.4671101390386,1277.0470069229707,1252.1014392500044,1267.84619140625,58491181,1294.5679,1265.6123,44.0454,7.3632,12.4748,ICICIBANK
2024-12-23,1273.9964575675247,1286.149413849784,1266.5177244802055,1276.1121826171875,6827512,1294.3637,1266.6613,45.8894,5.4856,11.077,ICICIBANK
2024-12-24,1276.1122805813325,1283.689394924585,1269.6667242632777,1276.5550537109375,7138516,1293.9849,1268.1226,42.9799,3.9874,9.659,ICICIBANK
2024-12-26,1286.149397655659,1291.8076677677632,1268.6333134333681,1276.6533203125,7338444,1293.8201,1269.4137,32.7608,2.7759,8.2824,ICICIBANK
2024-12-27,1277.834372258314,1294.9566951975391,1277.834372258314,1286.6907958984375,4756066,1294.8632,1270.4381,40.8621,2.5959,7.1451,ICICIBANK
2024-12-30,1284.1320718868315,1305.3383325760412,1268.8793435378464,1273.9964599609375,14207425,1294.595,1271.4517,38.7097,1.4126,5.9986,ICICIBANK
2024-12-31,1266.3701041548643,1269.3713754212274,1259.6785365277274,1261.203857421875,8449607,1293.4634,1272.4436,30.8327,-0.5511,4.6887,ICICIBANK
2025-01-01,1261.2039030056599,1272.3728127979782,1246.8859706361397,1263.1719970703125,4705399,1292.2456,1272.8205,32.6475,-1.9263,3.3657,ICICIBANK
2025-01-02,1264.5988495821298,1272.7664882086394,1258.0057823459824,1270.0111083984375,7433222,1290.9934,1273.4414,35.3098,-2.4362,2.2053,ICICIBANK
2025-01-03,1265.6811494083963,1267.4524819820733,1242.1132728120124,1244.86865234375,11194997,1287.4779,1273.3932,21.7745,-4.8136,0.8015,ICICIBANK
2025-01-06,1247.8208957681682,1257.3661039966464,1236.9471279387867,1243.933837890625,7504047,1284.297,1273.6392,20.9632,-6.696,-0.698,ICICIBANK
2025-01-07,1246.2955634538516,1268.387371227451,1246.2955634538516,1258.8421630859375,7539758,1282.1788,1274.1608,31.0764,-6.9052,-1.9394,ICICIBANK
2025-01-08,1260.1213925757818,1264.500353533012,1232.3711960120443,1243.58935546875,7566309,1278.897,1274.3241,31.9871,-8.2072,-3.193,ICICIBANK
2025-01-09,1237.9311554007072,1244.5734728084612,1228.1890658447487,1242.260986328125,8684920,1275.694,1273.7248,39.2544,-9.2397,-4.4023,ICICIBANK
2025-01-10,1238.9151869887507,1244.7702186556908,1223.2688154875007,1229.9111328125,7854524,1271.7873,1272.111,34.5862,-10.9285,-5.7075,ICICIBANK
2025-01-13,1215.1997021699149,1224.1052557235084,1205.3592318634503,1210.1318359375,9669336,1266.1216,1270.4893,25.4845,-13.7049,-7.307,ICICIBANK
2025-01-14,1213.6743510380347,1224.9908916090162,1207.868449677033,1220.5135498046875,10342698,1260.916,1269.4669,30.6095,-14.8958,-8.8248,ICICIBANK
2025-01-15,1214.3138943569554,1224.5480063080474,1210.3777066929133,1218.49609375,5355382,1256.2172,1268.4129,30.1412,-15.8201,-10.2238,ICICIBANK
2025-01-16,1225.2369076646085,1235.4710205893364,1219.8738995113004,1229.173095703125,11895924,1253.0166,1267.8599,30.445,-15.5122,-11.2815,ICICIBANK
2025-01-17,1223.51473271735,1229.0746219251816,1198.569166937447,1205.9002685546875,9790533,1249.9931,1266.4576,28.402,-16.9507,-12.4153,ICICIBANK
2025-01-20,1204.3752079938956,1221.9404238041425,1195.8631769905248,1213.28076171875,7676418,1247.2648,1265.0918,34.2599,-17.2958,-13.3914,ICICIBANK
2025-01-21,1217.216791341657,1219.1848851844006,1173.6727150709557,1177.0677490234375,20520898,1242.3126,1263.4671,26.913,-20.2579,-14.7647,ICICIBANK
2025-01-22,1181.840346118592,1188.236651072606,1172.787162540538,1181.299072265625,10377123,1237.5498,1262.3178,25.8764,-22.0102,-16.2138,ICICIBANK
2025-01-23,1178.150279677383,1188.6304043313805,1167.0797508434964,1182.5784912109375,8770650,1232.8461,1260.9883,30.5351,-23.0302,-17.5771,ICICIBANK
2025-01-24,1183.9070048715128,1198.569330226456,1182.824577120033,1189.90966796875,9216792,1228.007,1259.7799,33.7671,-22.9821,-18.6581,ICICIBANK
2025-01-27,1175.9361728164579,1214.9536606503923,1174.0664594794448,1208.3604736328125,16164687,1224.7252,1259.2731,35.1477,-21.2106,-19.1686,ICICIBANK
2025-01-28,1227.4509517938643,1243.8353577059515,1216.28204282006,1227.0081787109375,18066499,1223.0154,1259.0753,45.2172,-18.0934,-18.9536,ICICIBANK
2025-01-29,1232.0268875547777,1235.7663143361442,1223.2197146425951,1231.6824951171875,7666777,1221.4409,1259.0399,47.0064,-15.0721,-18.1773,ICICIBANK
2025-01-30,1230.058696999526,1239.7515355072983,1219.72620394473,1235.5693359375,11921041,1219.7189,1259.1678,51.6818,-12.2232,-16.9865,ICICIBANK
2025-01-31,1234.4870409428568,1235.963111537846,1219.332692143045,1232.814208984375,10195417,1219.1161,1259.2121,57.5008,-10.0716,-15.6035,ICICIBANK
2025-02-01,1231.1904328305643,1241.2276642201673,1214.117241339197,1235.520263671875,3011914,1218.6955,1258.7693,55.228,-8.0552,-14.0938,ICICIBANK
2025-02-03,1226.9589513144845,1239.8991931084147,1218.0533982313877,1233.0108642578125,6176831,1217.4039,1257.8256,55.0393,-6.5838,-12.5918,ICICIBANK
2025-02-04,1242.6546259748302,1260.0722101946521,1239.8992462672875,1247.9683837890625,14839077,1217.6228,1257.1023,56.3371,-4.1628,-10.906,ICICIBANK
2025-02-05,1249.9364358288246,1257.366038635732,1244.9670706142904,1247.476318359375,6840709,1217.8836,1256.4529,66.5621,-2.2578,-9.1764,ICICIBANK
2025-02-06,1254.6598163131562,1258.5960039721779,1243.0480146698765,1252.101318359375,8396554,1218.9931,1256.1783,65.8116,-0.3706,-7.4152,ICICIBANK
2025-02-07,1251.707841237699,1254.6599823726938,1229.616033126662,1236.8487548828125,7382039,1220.329,1255.3281,79.3622,-0.1045,-5.9531,ICICIBANK
2025-02-10,1237.143764104477,1244.8193782805915,1229.4190196551453,1242.4576416015625,5740361,1221.4262,1254.5005,79.6377,0.5525,-4.652,ICICIBANK
2025-02-11,1235.815414286521,1241.7196963503554,1228.48431210643,1232.764892578125,6586627,1222.1396,1253.4053,72.4869,0.2878,-3.664,ICICIBANK
2025-02-12,1237.1437132102558,1249.49354984024,1224.7939967031841,1231.8299560546875,8809352,1222.2725,1252.1408,69.9252,0.0026,-2.9307,ICICIBANK
2025-02-13,1232.5681139223714,1245.8034979804984,1226.0241773689,1228.976318359375,7263785,1223.4263,1250.4167,61.5048,-0.4486,-2.4343,ICICIBANK
2025-02-14,1232.125182860914,1243.3433423047895,1224.5971995418054,1239.99755859375,10368438,1224.7621,1249.0656,57.9232,0.0823,-1.9309,ICICIBANK
2025-02-17,1231.1904296875,1238.0787586965241,1213.5759643398394,1231.1904296875,8386151,1227.4682,1247.6653,49.7143,-0.2053,-1.5858,ICICIBANK
2025-02-18,1232.912442887429,1237.537415485285,1217.3153228151366,1223.2196044921875,8135042,1229.5643,1245.9452,43.1533,-1.0642,-1.4815,ICICIBANK
2025-02-19,1215.150440982361,1244.2782088063445,1210.6238487061553,1241.52294921875,10683412,1232.5115,1244.6492,54.1182,-0.2648,-1.2382,ICICIBANK
2025-02-20,1235.323399403501,1243.8354301295267,1226.8606190775215,1230.009521484375,8398849,1234.5165,1243.0885,47.5945,-0.554,-1.1013,ICICIBANK
2025-02-21,1221.3007691973355,1224.843314551203,1205.0148626007026,1213.28076171875,7786428,1234.7625,1240.8852,42.3385,-2.1087,-1.3028,ICICIBANK
2025-02-24,1207.1304651110468,1212.2475818317712,1190.9429392289517,1198.9136962890625,11522480,1233.3578,1238.371,30.8637,-4.4489,-1.932,ICICIBANK
2025-02-25,1207.0320830347105,1212.0015686679765,1201.5214435997075,1204.6212158203125,11059417,1232.0047,1236.214,33.9358,-5.7763,-2.7009,ICICIBANK
2025-02-27,1205.6052412387521,1215.1504493679895,1199.0120540726923,1202.9482421875,12008162,1230.3736,1234.4092,31.158,-6.884,-3.5375,ICICIBANK
2025-02-28,1196.6011747582393,1205.4575979266801,1180.9548031360748,1184.8909912109375,20215075,1227.9775,1232.7796,30.5022,-9.1138,-4.6528,ICICIBANK
2025-03-03,1191.188847446512,1197.5851526992194,1184.9401732626818,1186.9573974609375,8158881,1225.5493,1231.1619,28.6039,-10.5922,-5.8407,ICICIBANK
2025-03-04,1187.8923015092375,1197.2407475483415,1187.0066352283177,1191.0904541015625,9574490,1223.4533,1229.4614,33.2144,-11.3,-6.9325,ICICIBANK
2025-03-05,1197.5852173719204,1206.3923901078597,1191.9761974350436,1196.305908203125,9052846,1220.8702,1227.8564,36.1686,-11.3097,-7.808,ICICIBANK
2025-03-06,1208.3604997504162,1208.3604997504162,1189.7128566225836,1198.6185302734375,11949475,1218.4273,1226.2958,38.1301,-11.004,-8.4472,ICICIBANK
2025-03-07,1191.7792822265046,1198.4215993904008,1187.0559287614878,1195.17431640625,6620284,1215.581,1224.4654,31.3702,-10.9138,-8.9405,ICICIBANK
2025-03-10,1188.7287844485525,1206.2448692222129,1188.7287844485525,1195.469482421875,7363437,1213.512,1222.8949,34.0229,-10.6952,-9.2914,ICICIBANK
2025-03-11,1197.7819082260587,1228.0906025562624,1197.7819082260587,1225.5321044921875,10927950,1212.6657,1222.1814,50.8636,-8.0039,-9.0339,ICICIBANK
2025-03-12,1227.0573656262773,1231.9776006544478,1215.5933141089804,1224.105224609375,11548372,1212.2327,1221.4001,42.5567,-5.918,-8.4107,ICICIBANK
2025-03-13,1231.0919570840585,1235.5692985318378,1225.4336872491594,1230.10791015625,8132940,1212.1466,1220.602,50.0441,-3.7374,-7.4761,ICICIBANK
2025-03-17,1236.9964228158067,1253.626722273369,1234.7330664957105,1248.7557373046875,11164812,1213.1356,1220.6798,65.6399,-0.4988,-6.0806,ICICIBANK
2025-03-18,1248.7557373046875,1248.7557373046875,1248.7557373046875,1248.7557373046875,0,1213.5735,1220.7762,75.1614,2.0443,-4.4556,ICICIBANK
2025-03-19,1284.771625690972,1297.2690935608202,1281.3767118900164,1292.1519775390625,11278014,1216.6216,1221.4424,82.0078,7.4752,-2.0695,ICICIBANK
2025-03-20,1298.9420363179743,1303.1242360561191,1290.1348637421092,1300.6148681640625,10886735,1220.4914,1222.5829,84.0247,12.3201,0.8085,ICICIBANK
2025-03-21,1295.005932648197,1327.47948567053,1290.676101553966,1321.673583984375,60494318,1224.4989,1224.1712,96.6756,17.6555,4.1779,ICICIBANK
2025-03-24,1334.3185449313019,1351.0965951268047,1323.592528220555,1336.4835205078125,9352280,1229.8226,1226.3026,96.9416,22.8158,7.9055,ICICIBANK
2025-03-25,1337.3198832805363,1342.0433569660177,1308.8317704607064,1322.263916015625,16419207,1235.2717,1228.5453,88.7274,25.4645,11.4173,ICICIBANK
2025-03-26,1322.608385783058,1336.3357930453642,1310.2585481884407,1314.58837890625,10859639,1241.0555,1230.4268,84.4215,26.6372,14.4613,ICICIBANK
2025-03-27,1311.8822515956433,1329.9394896015347,1311.8822515956433,1315.326416015625,15109614,1246.5907,1232.3634,84.2774,27.3113,17.0313,ICICIBANK
2025-03-28,1314.6867654992452,1336.2865486646785,1306.027104024632,1326.8397216796875,8266544,1252.7853,1234.3167,86.9205,28.4466,19.3143,ICICIBANK
2025-04-01,1318.6230094191676,1330.7759661157215,1294.4154767036698,1297.416748046875,14288024,1258.4116,1236.147,74.573,26.6648,20.7844,ICICIBANK
2025-04-02,1301.0577695360655,1316.605640115626,1301.0577695360655,1310.0125732421875,8042214,1264.5644,1238.0817,72.2352,25.9697,21.8215,ICICIBANK
2025-04-03,1300.8608684683468,1311.7346357410256,1300.172083625529,1308.3397216796875,4591008,1270.4268,1240.7071,72.1418,24.9958,22.4563,ICICIBANK
2025-04-04,1308.3397764539347,1317.196199721689,1301.0085540085365,1313.998046875,8648542,1276.3114,1243.3611,72.0912,24.3992,22.8449,ICICIBANK
2025-04-07,1274.5868794921314,1303.8622778051142,1244.8194576780902,1267.009765625,19185012,1279.731,1245.0497,54.1826,19.9054,22.257,ICICIBANK
2025-04-08,1279.113469327377,1289.1508208042862,1266.8128818235116,1279.1627197265625,13085762,1283.9304,1246.8348,56.5997,17.1272,21.2311,ICICIBANK
2025-04-09,1284.1320386492785,1284.2796697185806,1264.008326268558,1280.04833984375,13005622,1288.1594,1248.2685,46.7785,14.8261,19.9501,ICICIBANK
2025-04-11,1284.2796640863085,1303.8622226242683,1284.2796640863085,1290.7252197265625,13064247,1291.419,1249.5429,47.3984,13.7059,18.7012,ICICIBANK
2025-04-15,1329.4474418665204,1332.6948448810174,1314.8834988213314,1328.66015625,15202603,1296.6468,1251.4824,51.688,15.6983,18.1006,ICICIBANK
2025-04-16,1335.35175670462,1338.0086355110902,1321.4767182608662,1334.7613525390625,14039073,1301.8794,1253.4663,49.5656,17.5671,17.9939,ICICIBANK
2025-04-17,1340.271938683508,1386.4237644145942,1338.4022254639915,1384.2587890625,17490424,1308.6546,1256.4952,63.2743,22.7795,18.951,ICICIBANK
2025-04-21,1413.0915548092914,1413.0915548092914,1382.2908342910866,1387.3095703125,16882426,1315.5823,1259.531,65.8857,26.8471,20.5303,ICICIBANK
2025-04-22,1390.2616620074302,1396.1659440599142,1376.5833845612567,1393.902587890625,16135274,1320.6698,1262.7488,66.7365,30.254,22.475,ICICIBANK
2025-04-23,1406.2031056627204,1407.0887719511927,1388.7855225220842,1401.676513671875,13990764,1325.7229,1265.8229,66.1981,33.1985,24.6197,ICICIBANK
2025-04-24,1393.7057666784372,1398.5275007158652,1376.4849447649922,1380.3226318359375,15678099,1328.6553,1268.4799,68.5941,33.4237,26.3805,ICICIBANK
2025-04-25,1387.5061560869792,1392.2296293483562,1366.2507666566128,1382.38916015625,11705093,1330.9506,1271.0856,67.0373,33.3842,27.7812,ICICIBANK
2025-04-28,1383.1763860592027,1412.1073907727903,1381.4051736009749,1406.00634765625,10948561,1335.1377,1274.4688,70.8377,34.8567,29.1963,ICICIBANK
2025-04-29,1406.0063095097996,1415.354755397171,1399.9051464358704,1406.9903564453125,10786910,1339.7578,1277.7594,70.2442,35.6916,30.4954,ICICIBANK
2025-04-30,1410.1393895834246,1410.828174453101,1377.665837694902,1404.235107421875,14192027,1344.2033,1281.1888,86.9992,35.7193,31.5402,ICICIBANK
2025-05-02,1404.136620262742,1423.5222971739024,1401.8732642232824,1407.2855224609375,8842434,1348.2256,1284.698,86.3281,35.5772,32.3476,ICICIBANK
2025-05-05,1417.0276759030696,1423.719243532893,1403.251017942901,1406.5968017578125,4565705,1353.6846,1288.2504,85.9218,35.0055,32.8792,ICICIBANK
2025-05-06,1406.2030986214052,1410.8280712604956,1397.740318833432,1408.7615966796875,6301690,1358.622,1291.6256,85.207,34.3314,33.1696,ICICIBANK
2025-05-07,1402.2669857299177,1418.9957848579238,1398.3307976997987,1412.5010986328125,10480453,1363.8301,1295.2519,81.416,33.7103,33.2777,ICICIBANK
2025-05-08,1415.6500090207114,1425.7857413048096,1403.3494213569647,1412.5994873046875,15306490,1368.7602,1299.0395,80.5406,32.8473,33.1917,ICICIBANK
2025-05-09,1392.6232842813388,1397.2483773146432,1364.8732065732167,1366.742919921875,13491197,1373.7468,1301.5439,42.9253,28.1389,32.1811,ICICIBANK
2025-05-12,1386.9158758891217,1429.8203013758846,1381.601998025975,1425.39208984375,9925445,1381.0583,1305.4515,60.6144,28.8078,31.5064,ICICIBANK
2025-05-13,1417.126034216079,1424.8016487219365,1404.6286855985884,1407.777587890625,12475424,1387.4447,1309.3414,53.6434,27.5984,30.7248,ICICIBANK
2025-05-14,1407.088799803615,1417.7164351068907,1394.6898318883327,1403.44775390625,8026837,1393.0809,1313.4321,50.4737,25.991,29.7781,ICICIBANK
2025-05-15,1403.152601872172,1433.2644152009339,1392.9184893353395,1427.6553955078125,18209264,1398.0306,1317.8928,62.4676,26.3665,29.0957,ICICIBANK
2025-05-16,1430.115536446277,1435.4292940858757,1423.915992369514,1430.8043212890625,6439208,1402.8328,1322.4499,62.6804,26.6114,28.5989,ICICIBANK
2025-05-19,1423.4240376832488,1436.413410510274,1420.7671587350164,1425.8841552734375,6005334,1404.9141,1327.2698,55.7715,26.1076,28.1006,ICICIBANK
2025-05-20,1427.0649116587983,1435.724573309837,1412.5994688048465,1415.25634765625,11352383,1406.3114,1331.8358,52.2727,24.5675,27.394,ICICIBANK
2025-05-21,1419.88149736354,1428.1475165201844,1415.5516663650185,1421.6527099609375,5510460,1407.6989,1336.447,54.695,23.5912,26.6334,ICICIBANK
2025-05-22,1418.11006923761,1422.2431385993382,1405.0223165661077,1419.0941162109375,7245933,1408.5698,1340.9028,53.1915,22.3533,25.7774,ICICIBANK
2025-05-23,1419.1925334305297,1428.639480716087,1411.5170389146704,1426.67138671875,5203706,1410.8872,1345.4638,55.2308,21.7331,24.9686,ICICIBANK
2025-05-26,1434.7404521515875,1448.1234666381572,1431.7883113035389,1437.2989501953125,5608725,1413.6327,1350.3063,57.1218,21.8474,24.3443,ICICIBANK
2025-05-27,1429.3282240162364,1439.660717201896,1412.7961868700127,1423.3255615234375,14842959,1414.4987,1354.8635,52.5701,20.5732,23.5901,ICICIBANK
2025-05-28,1424.5063806110309,1434.7404932016627,1419.487765050342,1430.6075439453125,8618343,1415.6795,1358.965,54.1347,19.9214,22.8564,ICICIBANK
2025-05-29,1433.3627849687755,1439.5623288964678,1421.9478642011566,1433.264404296875,15545514,1417.131,1363.1481,69.0529,19.3957,22.1642,ICICIBANK
2025-05-30,1436.6102684488903,1437.5943154688398,1421.2591589622632,1422.7352294921875,11803975,1417.9035,1367.0007,48.9494,17.9228,21.3159,ICICIBANK
2025-06-02,1418.9958296640707,1436.7086763589064,1409.9426449581042,1427.3602294921875,9458990,1418.9416,1370.5728,58.6297,16.9335,20.4395,ICICIBANK
2025-06-03,1431.6899803606145,1431.7883610343827,1409.1552804132207,1414.961181640625,11167345,1419.2516,1373.8969,54.7369,14.9763,19.3468,ICICIBANK
2025-06-04,1414.4691895072294,1417.1260683724902,1403.6446724484365,1408.1712646484375,8025388,1419.0351,1376.2173,40.6427,12.7307,18.0236,ICICIBANK
2025-06-05,1408.072806574806,1435.724501880477,1404.5302615748733,1431.591552734375,11385668,1419.9847,1378.8368,50.3165,12.6944,16.9578,ICICIBANK
2025-06-06,1425.4904326139017,1438.0862820195339,1419.0941272375726,1436.413330078125,11580994,1423.4683,1381.1316,54.2359,12.906,16.1474,ICICIBANK
2025-06-09,1441.6289396983907,1443.40027245163,1410.5330766960358,1411.9107666015625,11022031,1422.7942,1382.6401,48.7892,10.9701,15.1119,ICICIBANK
2025-06-10,1416.0435714397854,1418.7004501751119,1393.902514902332,1400.200439453125,12905272,1422.4153,1384.1989,42.524,8.3941,13.7684,ICICIBANK
2025-06-11,1399.1180802484353,1411.6154291671444,1395.9690577575766,1408.1712646484375,7136877,1422.6515,1386.0705,46.3318,6.9162,12.3979,ICICIBANK
2025-06-12,1407.679242298958,1413.5835243358638,1397.3467487343728,1402.4637451171875,7953247,1421.3919,1387.8133,41.767,5.2241,10.9632,ICICIBANK
2025-06-13,1381.2083238229704,1398.822788875249,1381.2083238229704,1393.5089111328125,7573103,1419.5272,1389.1467,34.9357,3.1245,9.3954,ICICIBANK
2025-06-16,1394.000986381205,1406.2031934701922,1391.639249505445,1404.13671875,5451137,1418.4398,1391.2811,43.2433,2.2917,7.9747,ICICIBANK
2025-06-17,1404.1366513466178,1406.990411596049,1395.1818479070278,1400.49560546875,6970098,1417.7017,1393.0907,39.118,1.3227,6.6443,ICICIBANK
2025-06-18,1394.3945278693373,1409.1552321163663,1387.7029605615166,1390.064697265625,6751745,1416.1223,1394.7252,35.2189,-0.2837,5.2587,ICICIBANK
2025-06-19,1385.538241229197,1392.1313083904192,1382.2908379271437,1388.78564453125,8849883,1414.6069,1396.221,37.5989,-1.6411,3.8787,ICICIBANK
2025-06-20,1388.7856250535913,1410.4346597691706,1387.7030772194692,1404.33349609375,12408178,1413.49,1398.9675,42.2104,-1.4455,2.8139,ICICIBANK
2025-06-23,1394.394668602004,1400.4957122573712,1389.3760526760818,1397.4451904296875,5514384,1411.4973,1401.3331,43.8451,-1.8254,1.886,ICICIBANK
2025-06-24,1404.9238929302046,1412.993150628414,1393.9026142728064,1401.38134765625,11188438,1410.4001,1403.7598,47.5653,-1.7882,1.1512,ICICIBANK
2025-06-25,1399.3147727333048,1406.104720760603,1392.7217061711412,1403.05419921875,7527388,1409.0225,1406.0063,37.8762,-1.6052,0.5999,ICICIBANK
2025-06-26,1402.0701682033073,1424.4079863300926,1399.0195265038492,1416.1419677734375,13617435,1408.1663,1407.756,41.9531,-0.3995,0.4,ICICIBANK
2025-06-27,1415.9451910518737,1442.6128395732899,1414.1738584793554,1438.8734130859375,22532899,1408.9732,1409.8382,60.8557,2.363,0.7926,ICICIBANK
2025-06-30,1438.4799818113797,1438.5783624887893,1419.291064922364,1422.7352294921875,6325073,1408.742,1410.6077,58.7606,3.2131,1.2767,ICICIBANK
2025-07-01,1422.6366689959384,1424.506382279972,1406.7935366641375,1409.1552734375,7761449,1408.4517,1411.0447,50.3666,2.7592,1.5732,ICICIBANK
2025-07-02,1409.352049520214,1427.8521809615802,1399.905222450911,1405.0223388671875,13372280,1408.2943,1411.2671,50.9644,2.0424,1.667,ICICIBANK
2025-07-03,1409.253631009119,1423.030288484485,1400.9876124993152,1403.152587890625,10177738,1406.8723,1411.2966,53.8401,1.3084,1.5953,ICICIBANK
2025-07-04,1404.2350901711065,1421.35753225384,1398.4291887589882,1419.7830810546875,5066503,1406.0408,1412.0858,55.9462,2.0451,1.6853,ICICIBANK
2025-07-07,1414.0754516482682,1417.9132587357801,1406.7934802735126,1412.796142578125,5177477,1406.0851,1412.6939,54.5587,2.0415,1.7565,ICICIBANK
2025-07-08,1409.1552578612602,1421.947868442403,1407.1871639257,1418.9957275390625,5315847,1407.0248,1412.9537,61.0693,2.5101,1.9072,ICICIBANK
2025-07-09,1413.2883371129633,1415.7484547587683,1403.8415093776578,1409.0570068359375,8827347,1407.0691,1412.995,57.274,2.0557,1.9369,ICICIBANK
2025-07-10,1413.8788169776346,1416.0436723886824,1399.4132536015054,1401.38134765625,7795964,1407.015,1412.938,48.8772,1.064,1.7624,ICICIBANK
2025-07-11,1399.3148113378843,1405.2190932422636,1392.032839631232,1399.2164306640625,7158015,1407.3004,1412.7766,50.6987,0.1022,1.4303,ICICIBANK
2025-07-14,1402.1686636122888,1402.1686636122888,1393.5090015352046,1400.2989501953125,5846154,1407.1085,1412.6506,49.5632,-0.5661,1.031,ICICIBANK
2025-07-15,1398.429159387504,1410.9266282871913,1396.3626847243358,1407.9744873046875,6041457,1407.4824,1412.6349,51.894,-0.471,0.7306,ICICIBANK
2025-07-16,1403.2510104989537,1406.3999128239755,1396.4610622300193,1403.6446533203125,5649093,1408.1614,1412.4578,44.8416,-0.7365,0.4372,ICICIBANK
2025-07-17,1398.3308611520058,1400.495716617636,1387.0143200519017,1396.0675048828125,12927394,1408.5255,1412.1271,29.8051,-1.5406,0.0416,ICICIBANK
2025-07-18,1393.213729649599,1406.2031014317106,1386.0301388149505,1403.05419921875,11297246,1408.4616,1412.8533,39.8374,-1.5957,-0.2858,ICICIBANK
2025-07-21,1424.9000530820128,1444.2857308931439,1414.07553610418,1442.4161376953125,13867136,1410.7101,1413.1938,63.5634,1.5193,0.0752,ICICIBANK
2025-07-22,1450.5836983181339,1458.3576938551728,1446.25386737522,1450.0916748046875,8930165,1413.1456,1414.0401,67.8626,4.5548,0.9711,ICICIBANK
2025-07-23,1459.243275244324,1466.2299847038992,1449.1075434082761,1464.852294921875,11974174,1416.2355,1415.2682,72.1868,8.0587,2.3886,ICICIBANK
2025-07-24,1463.9666816111749,1464.9507286163912,1454.5198543856832,1459.7353515625,6700578,1418.4152,1415.9098,65.6636,10.3038,3.9717,ICICIBANK
2025-07-25,1476.0704664133914,1476.0704664133914,1450.0916021799312,1453.5357666015625,8696077,1419.1483,1416.3644,66.0715,11.4509,5.4675,ICICIBANK
2025-07-28,1453.5358600374882,1469.969517693696,1453.5358600374882,1464.6556396484375,7507479,1421.2443,1417.1399,67.3394,13.1061,6.9952,ICICIBANK
2025-07-29,1456.2911765714125,1466.0332658775797,1451.8629650797843,1462.4906005859375,9776027,1423.9111,1418.0845,71.5646,14.0809,8.4124,ICICIBANK
2025-07-30,1463.9667199639605,1464.754005637929,1453.7327269399423,1458.7513427734375,7238625,1426.5975,1418.8265,73.913,14.3858,9.6071,ICICIBANK
2025-07-31,1446.4507928310486,1470.6583264040125,1440.6448911712775,1457.767333984375,12406146,1429.3283,1419.6,74.6479,14.3823,10.5621,ICICIBANK
2025-08-01,1456.7831967694258,1461.408169601032,1446.3523226373668,1448.12353515625,4416771,1430.7453,1420.029,68.7789,13.4464,11.139,ICICIBANK
2025-08-04,1453.240679444368,1455.2087734738848,1437.987950715613,1439.8575439453125,6140054,1432.0984,1420.0802,62.4615,11.9004,11.2912,ICICIBANK
2025-08-05,1429.820201520808,1438.184600497358,1418.0116382597967,1421.357421875,14799343,1432.2165,1420.0408,56.2327,9.0778,10.8486,ICICIBANK
2025-08-06,1419.291123395121,1430.8044259536912,1418.6022183790183,1420.5703125,7805252,1432.7921,1419.8401,59.0546,6.7001,10.0189,ICICIBANK
2025-08-07,1418.110163604165,1424.8017315172433,1406.301599138448,1417.322998046875,7432535,1433.5892,1419.5213,55.4226,4.5019,8.9155,ICICIBANK
2025-08-08,1422.8336344297813,1424.5064663430474,1409.1553565946745,1412.9931640625,5415511,1434.278,1419.3264,34.7605,2.3829,7.609,ICICIBANK
2025-08-11,1405.1207239838918,1415.4532174004985,1397.7403715434584,1413.681884765625,8492484,1434.9472,1419.0529,29.6703,0.7505,6.2373,ICICIBANK
2025-08-12,1419.0368204237539,1421.8134608053708,1408.2279203629066,1410.112060546875,5913947,1435.0541,1418.9559,15.0702,-0.8218,4.8255,ICICIBANK
2025-08-13,1412.6902784003407,1415.7643381003145,1403.368838463484,1408.922119140625,9009465,1435.3179,1418.9709,15.8653,-2.1392,3.4325,ICICIBANK
2025-08-14,1400.1956576735638,1419.1359571615956,1400.1956576735638,1415.3677978515625,7577793,1436.283,1418.6464,24.4445,-2.6327,2.2195,ICICIBANK
2025-08-18,1437.8779693374279,1440.2579294966365,1419.0368097392131,1422.606689453125,6908844,1437.2606,1418.3703,20.3025,-2.412,1.2932,ICICIBANK
2025-08-19,1419.1358802007367,1426.474039895735,1414.3760811646432,1424.29248046875,6709554,1436.3544,1418.6179,22.8384,-2.0771,0.6191,ICICIBANK
2025-08-20,1420.6234166864958,1423.8958770531979,1411.1036970512757,1418.64013671875,5817858,1434.7818,1418.9867,22.2335,-2.2419,0.0469,ICICIBANK
2025-08-21,1428.0606770004104,1435.6963772945633,1424.3916575816534,1433.911376953125,6238645,1433.2348,1419.5015,36.2131,-1.1272,-0.1879,ICICIBANK
2025-08-22,1432.2257038615987,1433.9114434457279,1417.450243616132,1424.3917236328125,6657207,1431.4676,1419.9401,36.2651,-1.0005,-0.3504,ICICIBANK
2025-08-25,1423.8958843891958,1423.8958843891958,1412.0953443103494,1421.2183837890625,6738427,1429.8517,1420.4943,38.5368,-1.143,-0.5089,ICICIBANK
2025-08-26,1415.9627825871721,1415.9627825871721,1401.2864621426106,1404.7572021484375,8720155,1426.8568,1420.5067,39.5281,-2.5547,-0.9181,ICICIBANK
2025-08-28,1396.2290622275916,1399.9973424915918,1384.6269231275805,1387.4034423828125,12990789,1423.1024,1420.2448,32.6945,-5.016,-1.7377,ICICIBANK
2025-08-29,1380.4619594997932,1393.254139151069,1380.4619594997932,1386.1143798828125,8519507,1419.4706,1420.1658,33.3766,-6.99,-2.7881,ICICIBANK
2025-09-01,1386.4117998354175,1400.5922996421114,1386.4117998354175,1399.2039794921875,4927348,1416.5424,1420.3742,43.282,-7.4128,-3.7131,ICICIBANK
2025-09-02,1402.0798141390458,1402.0798141390458,1378.3795940317052,1382.54443359375,7163073,1413.2635,1419.9384,36.8729,-8.9885,-4.7681,ICICIBANK
2025-09-03,1377.387925122752,1388.2959648465462,1372.6280048233573,1385.321044921875,9813382,1410.5367,1419.6959,39.4781,-9.8991,-5.7943,ICICIBANK
2025-09-04,1398.1132401473494,1403.2697196534332,1390.180120261188,1393.75,10564859,1409.1563,1419.5433,43.9334,-9.8273,-6.6009,ICICIBANK
2025-09-05,1399.2040313658385,1399.699851362779,1376.098771088494,1391.0726318359375,6621077,1407.6814,1419.3037,39.9836,-9.8727,-7.2553,ICICIBANK
2025-09-08,1390.4775686686341,1398.807368933041,1385.9160488487796,1390.973388671875,5880943,1406.3639,1418.8003,36.1425,-9.8036,-7.7649,ICICIBANK
2025-09-09,1387.304306420236,1395.7332460946977,1383.5360261458507,1391.9649658203125,6470679,1405.3125,1417.8621,35.7517,-9.5587,-8.1237,ICICIBANK
2025-09-10,1398.2123094765393,1401.8813288190768,1390.3783297737682,1392.163330078125,7452347,1404.2366,1417.2507,37.741,-9.242,-8.3474,ICICIBANK
2025-09-11,1386.3126886500647,1396.2290884258164,1384.3294086949145,1389.882568359375,10192026,1403.2251,1416.8652,26.8267,-9.0706,-8.492,ICICIBANK
2025-09-12,1393.3532613043915,1407.8311802789096,1388.39506158368,1405.847900390625,7770038,1403.0714,1416.8817,40.8601,-7.5593,-8.3055,ICICIBANK
2025-09-15,1410.1120532176328,1414.8719735471493,1404.4597537449094,1407.5338134765625,5845637,1402.6797,1416.9694,43.1548,-6.1546,-7.8753,ICICIBANK
2025-09-16,1402.1788926034542,1412.987792293879,1401.8813521978338,1409.71533203125,8213151,1402.0351,1416.768,52.8935,-4.8099,-7.2622,ICICIBANK
2025-09-17,1408.2279494348236,1414.1777894755733,1404.5589298296168,1407.33544921875,7484283,1401.1873,1416.6588,64.0954,-3.8914,-6.588,ICICIBANK
2025-09-18,1419.1358927633355,1420.821753289835,1403.4680543540285,1409.814453125,8130537,1400.746,1416.4752,66.4827,-2.9296,-5.8563,ICICIBANK
2025-09-19,1404.26135906907,1406.145499251229,1388.494259091765,1390.4775390625,13457344,1398.5743,1416.1036,44.4162,-3.6853,-5.4221,ICICIBANK
2025-09-22,1392.1634074537787,1398.1132473992611,1385.5193468847744,1389.783447265625,8847948,1396.8439,1415.8716,55.8214,-4.2907,-5.1958,ICICIBANK
2025-09-23,1379.3712163938944,1391.568436605077,1379.3712163938944,1382.6436767578125,12827524,1394.9151,1415.5402,47.9881,-5.2857,-5.2138,ICICIBANK
2025-09-24,1374.8096433544556,1379.2720231049968,1364.9923836933056,1371.1405029296875,9735678,1393.2343,1414.957,33.7606,-6.9226,-5.5556,ICICIBANK
2025-09-25,1365.488259405882,1379.867039189023,1360.331779903573,1364.29833984375,21613389,1392.0791,1414.0835,31.8548,-8.6721,-6.1789,ICICIBANK
2025-09-26,1356.563442311047,1361.2241016242142,1345.655402935739,1348.233642578125,18342280,1390.185,1412.9753,26.1877,-11.2254,-7.1882,ICICIBANK
2025-09-29,1348.233693764239,1355.076033842118,1334.9456938107846,1336.829833984375,20563163,1387.0663,1411.7905,22.4752,-14.0076,-8.5521,ICICIBANK
2025-09-30,1342.3830124406416,1345.2587926353076,1331.3758327091439,1336.730712890625,20166871,1384.7756,1410.464,22.2992,-16.0357,-10.0488,ICICIBANK
2025-10-01,1336.7306701838102,1367.8681892333634,1335.8381700071102,1360.530029296875,20952632,1383.5361,1408.8263,37.9282,-15.5434,-11.1477,ICICIBANK
2025-10-03,1360.4309257938526,1360.4309257938526,1349.9195661151996,1353.786865234375,12163695,1381.5379,1406.9002,26.8314,-15.5185,-12.0219,ICICIBANK
2025-10-06,1359.5383926525742,1361.1249923873581,1347.73785285358,1352.001953125,14314283,1379.5844,1404.6432,25.3085,-15.4645,-12.7104,ICICIBANK
2025-10-07,1352.2002408686599,1371.5372203120692,1352.2002408686599,1364.3974609375,16126464,1378.2556,1402.7365,31.5279,-14.2572,-13.0198,ICICIBANK
2025-10-08,1360.8276403806535,1370.0498198860423,1352.8945202642897,1358.8443603515625,8100832,1376.5996,1400.8426,30.7328,-13.5918,-13.1342,ICICIBANK
2025-10-09,1358.3484255020637,1367.173924045517,1353.687645197864,1364.69482421875,7909575,1375.2261,1398.8434,32.5402,-12.4488,-12.9971,ICICIBANK
2025-10-10,1358.8443421746942,1373.4214017735967,1358.8443421746942,1368.7607421875,7673816,1374.17,1396.9688,40.47,-11.0871,-12.6151,ICICIBANK
2025-10-13,1361.6207839903618,1374.8096436760768,1361.6207839903618,1367.8681640625,8923018,1372.2711,1395.1511,40.3996,-9.9652,-12.0851,ICICIBANK
2025-10-14,1377.3878684808556,1377.3878684808556,1363.6040491867466,1372.52880859375,10610855,1370.5208,1393.4464,45.4706,-8.6008,-11.3882,ICICIBANK
2025-10-15,1374.9088107982643,1388.692630514965,1373.9171708337506,1386.7093505859375,8988550,1369.3705,1392.2181,56.8084,-6.3026,-10.3711,ICICIBANK
2025-10-16,1389.287635646356,1407.0380158006922,1387.7010358612888,1405.451416015625,12185032,1369.2763,1391.53,66.3001,-2.9351,-8.8839,ICICIBANK
2025-10-17,1400.1956466119625,1427.5648857493748,1399.1048668479334,1424.5899658203125,17037215,1370.0151,1391.5946,79.5246,1.2635,-6.8544,ICICIBANK
2025-10-20,1429.944862993793,1432.9197829584125,1377.5862231965677,1378.6771240234375,23330227,1369.4251,1390.7568,62.7724,0.876,-5.3083,ICICIBANK
2025-10-21,1372.9255110082336,1375.999570643796,1364.3974316467445,1370.4464111328125,3415560,1368.4582,1389.8192,59.8039,-0.0942,-4.2655,ICICIBANK
2025-10-23,1373.4214191916344,1378.1813396780694,1348.7295586366392,1352.2994384765625,21124942,1366.941,1388.6054,47.5253,-2.3009,-3.8726,ICICIBANK
2025-10-24,1356.66265330236,1370.0497932383416,1356.66265330236,1366.182373046875,10570263,1366.6931,1387.6554,53.5735,-2.896,-3.6773,ICICIBANK
2025-10-27,1370.5456319928564,1375.206412664237,1362.5133721313011,1366.083251953125,11499836,1366.7823,1386.7748,54.0993,-3.3373,-3.6093,ICICIBANK
2025-10-28,1361.521728041381,1364.298368477702,1344.8621275230646,1351.7044677734375,26477914,1366.9559,1385.6304,46.347,-4.7919,-3.8458,ICICIBANK
2025-10-29,1353.191921020162,1360.2325408166014,1347.043801434495,1358.9434814453125,16129382,1368.0616,1384.5019,50.0283,-5.2995,-4.1366,ICICIBANK
2025-10-30,1351.0103759765625,1358.7450954369456,1349.9195961737937,1351.0103759765625,9324401,1368.7755,1383.07,46.1453,-6.2697,-4.5632,ICICIBANK
2025-10-31,1345.6554843440952,1350.6136843601014,1332.07006472016,1334.0533447265625,15926798,1367.4517,1381.2652,40.8854,-8.311,-5.3127,ICICIBANK
2025-11-03,1329.2933430972657,1340.3005222505137,1326.715103456384,1335.14404296875,11071450,1366.5196,1379.5953,41.4152,-9.7286,-6.1959,ICICIBANK
2025-11-04,1331.375810196628,1338.5156906678078,1322.0543701938611,1325.7235107421875,15211183,1365.2056,1377.4316,38.0203,-11.4799,-7.2527,ICICIBANK
2025-11-06,1318.88116976713,1330.979129069885,1306.386530263507,1309.3614501953125,24221853,1362.4538,1375.131,30.4217,-14.0265,-8.6075,ICICIBANK
2025-11-07,1309.3614221413634,1333.0616413002483,1307.576421800604,1331.7724609375,7719245,1361.1003,1373.342,31.6904,-14.074,-9.7008,ICICIBANK
2025-11-10,1331.6733731274833,1338.3173126722259,1329.7892329275433,1336.730712890625,8542340,1359.702,1371.9815,26.5111,-13.5553,-10.4717,ICICIBANK
2025-11-11,1337.7222802082897,1349.0269997439532,1334.9456399539874,1346.944580078125,8305184,1358.6112,1371.1723,39.515,-12.1796,-10.8133,ICICIBANK
2025-11-12,1358.5467300041707,1358.5467300041707,1344.0688109600715,1347.53955078125,9736761,1357.5948,1370.4008,42.029,-10.9156,-10.8337,ICICIBANK
2025-11-13,1347.5395638924115,1378.7762225869417,1347.142883699029,1374.3138427734375,18296626,1357.6841,1369.903,57.2266,-7.665,-10.2,ICICIBANK
2025-11-14,1362.513368521827,1369.653128146561,1351.8036080349211,1361.521728515625,9694498,1356.4247,1369.4826,48.459,-6.0514,-9.3703,ICICIBANK
2025-11-17,1363.6041374139656,1370.9422976111398,1362.1166774165574,1367.4715576171875,7660717,1354.5257,1369.1256,50.4419,-4.2435,-8.3449,ICICIBANK
2025-11-18,1368.6614140079962,1371.2397747243117,1357.6542347453071,1361.9183349609375,9529560,1351.3921,1368.489,53.4448,-3.2217,-7.3203,ICICIBANK
2025-11-19,1362.0175118520117,1372.4297316368286,1360.133371680989,1371.5372314453125,10393918,1351.0351,1368.0982,54.1804,-1.6172,-6.1797,ICICIBANK
2025-11-20,1368.5623301618334,1376.6938507345087,1363.9016706145442,1371.4381103515625,10131863,1351.0847,1367.7075,57.1528,-0.3495,-5.0136,ICICIBANK
2025-11-21,1361.5216431243439,1364.4965629563708,1353.1918433847088,1358.0509033203125,11483595,1351.3723,1367.0293,58.6182,-0.4203,-4.095,ICICIBANK
2025-11-24,1361.8192653055182,1365.488284898759,1350.1178648436169,1356.960205078125,15896003,1350.9112,1366.3252,57.8348,-0.5579,-3.3875,ICICIBANK
2025-11-25,1353.5886121834044,1365.3891524995797,1342.978112507823,1346.4488525390625,12235000,1349.9294,1365.4565,57.3852,-1.4979,-3.0096,ICICIBANK
2025-11-26,1348.6304048295453,1365.4882848899147,1348.5312650391513,1363.5050048828125,9659004,1350.5195,1364.6097,69.1983,-0.8567,-2.579,ICICIBANK
2025-11-27,1367.471557668799,1382.3461576434415,1364.1990972544559,1380.5611572265625,15158741,1351.6003,1364.0702,67.9825,1.016,-1.86,ICICIBANK
2025-11-28,1380.3628968845176,1386.8085569633604,1374.0163765969262,1377.189697265625,7683986,1352.9093,1363.4197,65.0888,2.2027,-1.0475,ICICIBANK
2025-12-01,1382.3461800316288,1388.2960201178482,1373.8181001180092,1378.478759765625,8867593,1355.1306,1362.8426,62.5991,3.2102,-0.1959,ICICIBANK
2025-12-02,1370.2482089901266,1370.2482089901266,1359.1417682907786,1361.521728515625,12126396,1356.4495,1361.8767,54.9405,2.6103,0.3653,ICICIBANK
2025-12-03,1355.5718853340877,1382.544445020301,1355.5718853340877,1379.8670654296875,7955933,1359.1566,1361.6645,52.0865,3.5739,1.007,ICICIBANK
2025-12-04,1375.4045960658268,1379.9661155774988,1368.3639767054422,1375.1070556640625,7373909,1362.4439,1361.371,55.4322,3.9085,1.5873,ICICIBANK
2025-12-05,1369.4547830523452,1383.6352828825825,1369.4547830523452,1380.858642578125,4942638,1364.8982,1361.3353,55.3614,4.5849,2.1868,ICICIBANK
2025-12-08,1375.404670384236,1383.2386505394277,1371.7356508298087,1377.98291015625,7826227,1366.9608,1361.4721,56.5747,4.8332,2.7161,ICICIBANK
2025-12-09,1368.3640275890855,1372.7272676950297,1361.9183677427457,1363.7032470703125,10492030,1367.7988,1361.4602,46.9116,3.8335,2.9396,ICICIBANK
2025-12-10,1366.3806948465074,1367.8681547535796,1346.5478960855444,1352.2001953125,8725381,1368.0318,1361.5395,43.0416,2.089,2.7695,ICICIBANK
2025-12-11,1352.299390595187,1355.1751707435094,1341.490611666704,1348.63037109375,6734750,1366.7476,1361.7756,46.3321,0.4136,2.2983,ICICIBANK
2025-12-12,1356.5634801370334,1359.240859638436,1351.90282069391,1354.5802001953125,3890885,1366.4006,1362.1325,49.1071,-0.4291,1.7528,ICICIBANK
2025-12-15,1344.7629655399599,1358.5467856038574,1344.7629655399599,1353.786865234375,5342530,1365.7163,1361.9977,52.9695,-1.1477,1.1727,ICICIBANK
2025-12-16,1352.5969202535916,1357.257579696715,1344.1679805012782,1354.5802001953125,12359741,1365.3494,1362.0135,45.841,-1.6344,0.6113,ICICIBANK
2025-12-17,1353.5885110391764,1353.5885110391764,1331.8715722565005,1341.0938720703125,9440391,1363.8273,1361.7954,30.9751,-3.0729,-0.1255,ICICIBANK
2025-12-18,1335.0449336848067,1358.0509324595278,1334.2515732926577,1345.4571533203125,7314573,1362.5282,1361.4166,34.8485,-3.8168,-0.8638,ICICIBANK
2025-12-19,1342.6805232986085,1349.0270433350909,1339.5073238052678,1342.7796630859375,14318512,1361.7646,1361.0953,33.1776,-4.5698,-1.605,ICICIBANK
2025-12-22,1346.647106277973,1359.8359665635035,1343.4739067302291,1357.059326171875,9375294,1361.7696,1360.9426,47.8428,-3.9685,-2.0777,ICICIBANK
2025-12-23,1349.7210845323889,1353.5885044694035,1345.6553850292898,1351.605224609375,9105467,1362.0274,1360.5995,34.3921,-3.8873,-2.4396,ICICIBANK
2025-12-24,1352.3986889312134,1356.7618081188289,1346.2504482626368,1348.43212890625,8955140,1361.2738,1360.2107,35.0057,-4.0324,-2.7582,ICICIBANK
2025-12-26,1345.159575111433,1350.6135947672478,1337.2264556120658,1339.110595703125,2812144,1359.2012,1359.5424,27.4384,-4.8438,-3.1753,ICICIBANK
2025-12-29,1340.7964277815033,1344.3663075928198,1330.2850679288142,1332.070068359375,6057201,1356.9453,1358.4496,26.2565,-5.986,-3.7374,ICICIBANK
2025-12-30,1332.0699716952038,1335.8381308143366,1326.9133714087848,1331.276611328125,18621277,1354.5852,1356.9661,30.5126,-6.8759,-4.3651,ICICIBANK
2025-12-31,1331.574200056716,1338.7139594203709,1328.3017397359904,1331.67333984375,6150634,1353.0927,1355.1078,35.7635,-7.4631,-4.9847,ICICIBANK
2026-01-01,1332.665031313395,1337.1274113505744,1324.8310510381634,1326.8143310546875,4179311,1350.4401,1354.0705,35.1352,-8.2258,-5.6329,ICICIBANK
2026-01-02,1326.8142878641993,1345.5563076202234,1325.12854832495,1344.06884765625,8226205,1348.8882,1353.543,43.794,-7.3531,-5.977,ICICIBANK
2026-01-05,1342.878760280637,1364.0007394532674,1341.2921605842894,1360.0341796875,6920565,1347.847,1353.6977,53.1281,-5.312,-5.844,ICICIBANK
2026-01-06,1360.5299848190614,1401.7821817231495,1354.5801452353044,1399.4022216796875,17260416,1348.9179,1354.3621,66.1891,-0.5119,-4.7776,ICICIBANK
2026-01-07,1396.2290239898057,1417.9459627064246,1392.4607438290054,1415.7642822265625,15813795,1351.521,1355.3557,76.421,4.56,-2.9101,ICICIBANK
2026-01-08,1417.0535778936194,1430.1431776389843,1411.4012782421678,1423.00341796875,14861699,1355.0611,1356.7817,76.8913,9.0592,-0.5162,ICICIBANK
2026-01-09,1415.1693772847862,1417.549337423264,1389.7834182572258,1392.56005859375,12555636,1357.2576,1357.454,64.4752,10.0524,1.5975,ICICIBANK
2026-01-12,1388.1967781468372,1412.3928169264516,1380.0652579976486,1401.286376953125,10923811,1359.5929,1358.4595,63.2896,11.4122,3.5605,ICICIBANK
2026-01-13,1408.1288141663404,1429.746614803746,1399.3031938675902,1424.9866943359375,14295581,1363.1529,1360.2782,69.8711,14.2381,5.696,ICICIBANK
2026-01-14,1413.6818734015883,1431.8289327125644,1403.0713744699053,1406.5421142578125,13832255,1365.751,1361.7061,64.5337,14.8185,7.5205,ICICIBANK
2026-01-15,1406.5421142578125,1406.5421142578125,1406.5421142578125,1406.5421142578125,0,1369.0234,1363.3225,67.6899,15.1044,9.0373,ICICIBANK
2026-01-16,1406.0463569783972,1417.0535365865687,1388.494256638521,1399.0057373046875,12530886,1371.7009,1365.1154,67.5142,14.555,10.1408,ICICIBANK
2026-01-19,1388.1968051292893,1388.2959449153948,1348.6303464892405,1369.05810546875,23302883,1373.0148,1365.8611,58.5772,11.5697,10.4266,ICICIBANK
2026-01-20,1363.207439020359,1376.1980196642805,1360.0342394881388,1364.29833984375,15012785,1373.3767,1366.4125,57.2627,8.7193,10.0851,ICICIBANK
2026-01-21,1356.0676290796277,1360.0341888721825,1328.3017105317451,1337.7222900390625,21766068,1372.6826,1366.228,52.2142,4.2667,8.9214,ICICIBANK
2026-01-22,1343.7713064680374,1346.6470866066866,1326.814287098488,1334.2515869140625,17179765,1371.9736,1365.9623,47.8891,0.4527,7.2277,ICICIBANK
2026-01-23,1329.2934092663852,1343.8704687287582,1324.5334888848981,1332.169189453125,14056524,1371.6265,1365.1194,43.6281,-2.7068,5.2408,ICICIBANK
2026-01-27,1328.7975572308817,1357.6542560921293,1317.492837384778,1350.0186767578125,25263634,1372.5239,1364.8893,37.4749,-3.7274,3.4471,ICICIBANK
2026-01-28,1351.2086513775284,1368.859891948821,1351.2086513775284,1356.2659912109375,13242696,1373.7734,1364.6652,34.0934,-3.9862,1.9605,ICICIBANK
2026-01-29,1347.6387612421634,1376.098780848474,1343.0772414479197,1372.0330810546875,23118234,1375.7914,1364.8675,36.9675,-2.8858,0.9912,ICICIBANK
2026-01-30,1356.7617179329986,1370.347257745332,1341.8871188281207,1343.672119140625,24013717,1376.6343,1364.3102,37.3654,-4.2532,-0.0577,ICICIBANK
2026-02-02,1318.7820210502812,1343.0772003288644,1317.9886606539171,1341.4906005859375,12800245,1376.5054,1363.7112,34.0053,-5.45,-1.1361,ICICIBANK
2026-02-03,1400.1956512153185,1405.15385111339,1361.918372212169,1378.08203125,24896698,1377.4078,1364.1119,38.263,-3.4066,-1.5902,ICICIBANK
2026-02-04,1375.4046132419246,1402.1788919423802,1375.3054734566974,1396.625732421875,11080683,1377.2689,1364.9052,47.5198,-0.2876,-1.3297,ICICIBANK
2026-02-05,1402.1788945018798,1402.1788945018798,1381.5527350454402,1384.8251953125,8982761,1375.722,1365.6727,44.8712,1.218,-0.8202,ICICIBANK
2026-02-06,1385.0235305539115,1398.7082108846507,1383.0402505668367,1394.344970703125,10851190,1374.2891,1366.2895,48.9095,3.1432,-0.0275,ICICIBANK
2026-02-09,1401.6831123688528,1402.1789323590788,1377.1896532716103,1384.626953125,7889742,1373.8924,1366.3708,54.0236,3.8404,0.7461,ICICIBANK
2026-02-10,1389.2875574724217,1397.716496971719,1383.8335377964056,1394.7415771484375,16497628,1373.5652,1366.7218,57.6558,5.1498,1.6268,ICICIBANK
2026-02-11,1395.6341511146452,1401.1873108684945,1388.6926711598828,1394.344970703125,8551341,1372.0331,1367.0392,66.3987,6.0853,2.5185,ICICIBANK
2026-02-12,1394.3449463736551,1421.0200859443291,1393.5517070225485,1418.045166015625,19646265,1372.6082,1368.1696,71.7224,8.6396,3.7427,ICICIBANK
2026-02-13,1413.3845464564506,1422.4084462850303,1398.9065055547715,1402.77392578125,12228083,1372.4198,1368.6278,67.1319,9.3241,4.859,ICICIBANK
2026-02-16,1392.2625106722887,1402.1789103209517,1388.7917707952565,1399.7989501953125,5000042,1372.4595,1369.1216,63.0187,9.5168,5.7906,ICICIBANK
2026-02-17,1394.4440959690942,1401.782256054804,1381.9494563906167,1395.7332763671875,11756187,1373.7932,1369.4191,60.4407,9.235,6.4795,ICICIBANK
2026-02-18,1398.3115083316352,1400.4931889124357,1387.2051890014204,1396.4273681640625,4758071,1375.3997,1369.788,57.0125,8.9644,6.9764,ICICIBANK
2026-02-19,1396.7249570846573,1400.4932375506726,1373.2231372171063,1377.189697265625,14323091,1377.3731,1370.0577,60.1685,7.1155,7.0043,ICICIBANK
2026-02-20,1376.8920792080073,1391.9649581225938,1372.4296994050287,1382.8419189453125,10337877,1379.8026,1370.6706,62.2864,6.0368,6.8108,ICICIBANK
2026-02-23,1388.29600959884,1396.5266700756697,1383.6353499865377,1387.7010498046875,10728445,1382.5792,1371.452,53.5222,5.5105,6.5507,ICICIBANK
2026-02-24,1389.1884011120849,1389.1884011120849,1370.7439226377844,1373.2230224609375,18274784,1383.7394,1371.8248,41.1676,3.8804,6.0167,ICICIBANK
2026-02-25,1380.164528913772,1395.634087902335,1376.5945282588896,1388.791748046875,16297015,1385.3657,1372.5249,51.4556,3.801,5.5735,ICICIBANK
2026-02-26,1393.3533088725535,1398.2123689746954,1380.4619891586024,1393.155029296875,27288792,1386.4218,1373.2964,49.5462,4.0435,5.2675,ICICIBANK
2026-02-27,1388.296016563106,1390.4775761692113,1365.1907558675261,1367.3724365234375,15096898,1387.6068,1373.822,44.1375,2.1307,4.6402,ICICIBANK
2026-03-02,1343.672146415433,1367.6697850385044,1343.672146415433,1362.5133056640625,16928683,1388.6579,1374.1631,38.6443,0.2202,3.7562,ICICIBANK
2026-03-04,1314.9145907457403,1364.4965888884906,1314.9145907457403,1353.9852294921875,20009132,1387.4531,1374.3872,36.5499,-1.9595,2.613,ICICIBANK
2026-03-05,1357.45594601842,1359.3400861254038,1336.3339667529167,1346.2503662109375,17590491,1384.9343,1374.171,23.2248,-4.2619,1.2381,ICICIBANK
2026-03-06,1327.8058801381828,1346.2503588188658,1299.4450020539286,1302.419921875,22778852,1380.814,1373.1873,19.1463,-9.5136,-0.9123,ICICIBANK
2026-03-09,1262.060104122135,1271.9765035292385,1240.6407056127512,1267.7125244140625,16116652,1374.4824,1371.5729,16.0204,-16.2885,-3.9875,ICICIBANK
2026-03-10,1276.8355955325096,1304.006554800674,1274.8523156012538,1300.9324951171875,19136143,1370.2977,1370.8094,28.7933,-18.7608,-6.9422,ICICIBANK
2026-03-11,1289.1319797351587,1295.5776396338345,1280.1080800869731,1283.777099609375,13224259,1364.7495,1369.8435,26.5289,-21.8526,-9.9243,ICICIBANK
2026-03-12,1265.0350263567016,1269.7949465011072,1247.780588195275,1255.9119873046875,19676187,1357.8278,1368.3362,25.6083,-26.2487,-13.1892,ICICIBANK
2026-03-13,1241.434156276259,1251.747236619689,1238.2608356053079,1244.3099365234375,17344394,1349.1411,1366.589,22.7893,-30.3193,-16.6152,ICICIBANK
2026-03-16,1244.5081652081492,1266.125965023717,1229.7327054112554,1262.258544921875,22740688,1342.1153,1365.2978,26.5654,-31.7313,-19.6384,ICICIBANK
2026-03-17,1268.2083924442081,1283.578812107693,1262.3576923623407,1277.9263916015625,22303102,1336.0217,1363.975,32.2759,-31.226,-21.9559,ICICIBANK
2026-03-18,1275.2490239961462,1286.2562036480494,1260.1761446052265,1278.521484375,12961135,1330.1611,1362.3447,28.2813,-30.4268,-23.6501,ICICIBANK
2026-03-19,1257.0027465645267,1275.1498056385733,1233.3025281122907,1239.6490478515625,14422899,1322.3222,1359.1497,23.3838,-32.5549,-25.4311,ICICIBANK
2026-03-20,1247.8797225177066,1263.34928134462,1231.3192629188682,1234.9884033203125,16421006,1315.2121,1355.5342,25.2319,-34.2229,-27.1894,ICICIBANK
2026-03-23,1216.3455695278035,1224.5762297429494,1207.9166297375125,1212.4781494140625,17049534,1306.6939,1351.3237,23.6686,-36.9355,-29.1387,ICICIBANK
2026-03-24,1226.757768953439,1243.4173686829902,1213.46976929413,1240.7398681640625,20617782,1299.3458,1348.2873,31.4128,-36.3854,-30.588,ICICIBANK
2026-03-25,1248.3755838951454,1262.2585434912949,1243.9132040249544,1249.1688232421875,17290030,1293.1431,1345.2449,34.102,-34.8673,-31.4438,ICICIBANK
2026-03-27,1245.499833090769,1250.358893273775,1219.8163330232837,1223.4854736328125,23630905,1284.8778,1341.2149,36.2569,-35.3293,-32.2209,ICICIBANK
2026-03-30,1206.3300855990337,1212.3790655174357,1190.3647054702,1195.8187255859375,23952775,1275.011,1337.0004,37.1682,-37.4958,-33.2759,ICICIBANK
2026-04-01,1217.8330476356737,1223.6837477872427,1199.884388024768,1202.561767578125,25472333,1266.7705,1332.9208,30.6098,-38.2279,-34.2663,ICICIBANK
2026-04-02,1186.001465486272,1211.883245832491,1177.67166509731,1205.635986328125,20851722,1258.9266,1329.0534,33.6921,-38.1207,-35.0372,ICICIBANK
2026-04-06,1202.8592693089724,1224.0803886246306,1190.4637698313447,1221.10546875,10058414,1252.2826,1326.0944,42.3396,-36.3682,-35.3034,ICICIBANK
2026-04-07,1218.7254656803555,1239.9465842479708,1206.429106422035,1235.0875244140625,25600557,1246.7245,1323.5101,47.9913,-33.4653,-34.9358,ICICIBANK
2026-04-08,1299.048365281531,1322.3519046587187,1281.595525957938,1298.2550048828125,25148651,1246.5162,1322.7208,56.55,-25.7706,-33.1027,ICICIBANK
2026-04-09,1289.032858674316,1297.065118454786,1265.2334987026684,1270.58837890625,22923062,1246.66,1321.4475,48.7206,-21.6554,-30.8133,ICICIBANK
2026-04-10,1278.2238983175278,1312.931296642674,1277.7280783414542,1310.848876953125,18174755,1247.1558,1321.0211,54.9514,-14.9727,-27.6452,ICICIBANK
2026-04-13,1293.9909710757174,1345.655387306946,1285.8594510059597,1339.8046875,30572141,1249.9572,1320.8168,65.8208,-7.2565,-23.5674,ICICIBANK
2026-04-15,1346.647094004827,1353.3902942945808,1326.8142943876721,1336.829833984375,23827473,1254.0031,1320.4281,66.1733,-1.3657,-19.1271,ICICIBANK
2026-04-16,1340.697246754227,1355.4727065977952,1328.995846624469,1334.2515869140625,24017236,1258.5002,1319.6725,70.6456,3.0596,-14.6897,ICICIBANK
2026-04-17,1335.7390510601572,1341.5897511433582,1322.8477313394578,1335.540771484375,18151993,1262.1643,1319.5099,67.6907,6.5946,-10.4329,ICICIBANK
2026-04-20,1353.2910001768837,1364.893260297481,1341.6888611060856,1344.862060546875,21551520,1265.5111,1319.5773,67.7979,10.0326,-6.3398,ICICIBANK
2026-04-21,1356.5634890022861,1381.4536282235813,1348.6303691835594,1376.79296875,23312455,1270.4247,1319.5515,77.8659,15.1591,-2.04,ICICIBANK
2026-04-22,1368.463107425001,1368.5622472083335,1353.588508431251,1356.166748046875,13613487,1276.2506,1318.7423,79.9112,17.3574,1.8395,ICICIBANK
2026-04-23,1337.1273930984762,1342.680552858981,1332.268332914358,1336.730712890625,20111792,1281.3377,1317.7804,73.8962,17.3315,4.9379,ICICIBANK
2026-04-24,1325.1285758443225,1337.5240758015216,1312.931355466517,1315.1129150390625,14056743,1286.4694,1316.1958,68.2903,15.3892,7.0281,ICICIBANK
2026-04-27,1316.7986931874252,1324.7318126631535,1299.9408143015023,1303.114013671875,15385625,1289.5881,1314.5655,63.8619,12.7349,8.1695,ICICIBANK
2026-04-28,1303.3124724850059,1306.6839515728986,1275.943112231791,1281.1988525390625,16774778,1291.1896,1312.2947,57.5906,8.7619,8.288,ICICIBANK
2026-04-29,1283.876190331697,1285.9587310592146,1265.5308513211887,1270.290771484375,11716030,1293.5299,1309.8136,44.4401,4.6792,7.5662,ICICIBANK
2026-04-30,1250.4580524616338,1261.5643721523936,1248.474772441869,1252.8380126953125,17740110,1296.3808,1306.5095,46.3214,0.035,6.06,ICICIBANK
2026-05-01,1252.8380126953125,1252.8380126953125,1252.8380126953125,1252.8380126953125,0,1298.8947,1303.5107,35.5698,-3.6041,4.1272,ICICIBANK
2026-05-04,1253.7304875272214,1271.4807465048432,1253.7304875272214,1260.1761474609375,14597051,1301.6217,1300.7183,27.8054,-5.8288,2.136,ICICIBANK
2026-05-05,1253.4328902069624,1256.11026963796,1235.0875512284588,1240.839111328125,24447935,1302.6083,1297.6204,25.4813,-9.0479,-0.1008,ICICIBANK
2026-05-06,1251.449645209005,1272.0758050555082,1241.6323852719695,1268.8033447265625,22909586,1304.2941,1295.0679,35.2018,-9.2361,-1.9279,ICICIBANK
2026-05-07,1273.9597944081108,1283.1820943562475,1262.5559349914981,1268.3074951171875,25028552,1302.7968,1292.8903,34.7435,-9.3179,-3.4059,ICICIBANK
2026-05-08,1268.902517705381,1268.902517705381,1250.6563175253964,1254.226318359375,11137424,1301.9787,1290.318,29.8679,-10.399,-4.8045,ICICIBANK
2026-05-11,1248.871386509416,1265.035045184508,1241.5332266149906,1255.8128662109375,18980488,1299.2269,1287.6802,18.9409,-11.001,-6.0438,ICICIBANK
2026-05-12,1245.4998520747622,1249.3672723222166,1225.9645923052954,1229.93115234375,21110708,1293.7332,1284.8144,18.4432,-13.412,-7.5174,ICICIBANK
2026-05-13,1227.9478864287817,1238.7566658178762,1216.940585355795,1225.2703857421875,19490295,1288.1552,1281.5439,19.9143,-15.5198,-9.1179,ICICIBANK
2026-05-14,1228.7410341788377,1246.193873036946,1225.6669745529443,1235.5833740234375,16535600,1283.2218,1278.3925,27.1379,-16.1717,-10.5287,ICICIBANK
2026-05-15,1236.178367000428,1247.4830869105315,1231.616847331383,1234.095947265625,11745614,1278.1496,1275.727,28.8835,-16.6168,-11.7463,ICICIBANK
2026-05-18,1225.171187688256,1243.218986792355,1221.7004477797907,1240.6407470703125,13918850,1272.9385,1273.2895,36.3027,-16.2541,-12.6479,ICICIBANK
2026-05-19,1240.6406985843882,1245.7972988767476,1219.518840596794,1230.4268798828125,38929053,1265.6202,1270.8184,36.4737,-16.5994,-13.4382,ICICIBANK
2026-05-20,1219.7171565954964,1229.3360158332805,1213.0732172518474,1226.9561767578125,14953103,1259.1597,1268.4325,40.2974,-16.9577,-14.1421,ICICIBANK
2026-05-21,1234.8892560806848,1237.8641758775068,1224.0803566089394,1232.41015625,14394386,1253.9436,1267.0323,42.6428,-16.6101,-14.6357,ICICIBANK
2026-05-22,1231.6168488886804,1260.1761285871792,1231.6168488886804,1253.73046875,11601085,1250.8745,1266.7526,47.891,-14.4477,-14.5981,ICICIBANK
2026-05-25,1260.3744497717253,1282.6863499447102,1260.2753099809177,1281.0006103515625,13853923,1249.7688,1266.354,62.4923,-10.4135,-13.7612,ICICIBANK
2026-05-26,1279.215515708668,1290.9169153575494,1265.5308361904704,1268.4066162109375,18400405,1249.1292,1266.0466,49.8635,-8.1387,-12.6367,ICICIBANK
2026-05-27,1275.2490410953124,1282.587201311576,1256.1103406589523,1262.0601806640625,18366272,1248.7177,1266.1696,47.9344,-6.77,-11.4633,ICICIBANK
2026-05-28,1262.0601806640625,1262.0601806640625,1262.0601806640625,1262.0601806640625,0,1249.1788,1266.5246,52.8561,-5.6205,-10.2948,ICICIBANK
2026-05-29,1264.4401034217194,1277.0340036893715,1237.4675446174365,1245.896484375,31007884,1248.8317,1266.1973,46.732,-5.9453,-9.4249,ICICIBANK
2026-06-01,1246.5906197801364,1251.3505402000205,1225.5679002002253,1229.3360595703125,9911975,1247.2897,1265.2255,49.791,-7.4531,-9.0305,ICICIBANK
2026-06-02,1222.692101166893,1227.3527606751832,1210.4948809348448,1216.3455810546875,17920892,1246.0651,1263.982,47.0395,-9.5857,-9.1416,ICICIBANK
2026-06-03,1209.7016025437176,1237.8642014111729,1203.5533622069204,1231.6168212890625,13934754,1244.2057,1263.8214,48.7261,-9.9291,-9.2991,ICICIBANK
2026-06-04,1221.8987381131592,1251.7471984286103,1221.8987381131592,1241.2357177734375,19461560,1242.8521,1263.9463,52.1792,-9.3177,-9.3028,ICICIBANK
2026-06-05,1246.4914883012805,1254.4246083541127,1239.5500082550523,1251.548828125,10166393,1242.7183,1264.7277,53.2544,-7.9097,-9.0242,ICICIBANK
2026-06-08,1235.98013161075,1243.516571470306,1232.7076711606426,1239.748291015625,10714196,1241.915,1264.7079,52.755,-7.6579,-8.7509,ICICIBANK
2026-06-09,1244.5081432866116,1269.2000023713417,1242.2273229706288,1264.3409423828125,22368579,1243.6355,1265.0113,59.8228,-5.4115,-8.083,ICICIBANK
2026-06-10,1260.6719575059049,1295.0818164605482,1260.6719575059049,1282.488037109375,25951584,1246.4964,1266.1914,62.3351,-2.1422,-6.8949,ICICIBANK
2026-06-11,1275.7448484381675,1321.8561080202699,1275.7448484381675,1305.9898681640625,35919374,1250.0167,1268.3948,62.7356,2.3184,-5.0522,ICICIBANK
2026-06-12,1318.881182108178,1333.0616823357286,1307.6756018402702,1329.5909423828125,18339846,1254.7915,1270.9354,62.0571,7.6695,-2.5079,ICICIBANK
2026-06-15,1343.2755003149457,1351.3077599885314,1314.2205213660739,1316.501220703125,16172921,1258.5845,1273.1527,61.9048,10.7303,0.1398,ICICIBANK
2026-06-16,1320.7653035280132,1326.1201835892518,1315.2121438922036,1323.145263671875,13069159,1263.2204,1275.1935,65.098,13.5362,2.819,ICICIBANK
2026-06-17,1330.7808691866162,1334.7474291543856,1322.2527894658729,1325.6243896484375,8026424,1268.1538,1277.0042,65.5206,15.778,5.4108,ICICIBANK
2026-06-18,1322.4510288431072,1335.6398887549333,1320.2694693470728,1331.078369140625,13467985,1273.0872,1277.6607,71.9468,17.7896,7.8866,ICICIBANK
2026-06-19,1329.293324489997,1340.994724069171,1320.8643850956182,1335.2431640625,9057322,1277.1629,1278.9538,79.1484,19.4952,10.2083,ICICIBANK
2026-06-22,1341.6888318212496,1351.307690769155,1337.1273123310036,1341.0938720703125,4814845,1280.1675,1279.5587,85.7386,21.0761,12.3819,ICICIBANK
2026-06-23,1346.647075338441,1357.654254763427,1320.3686162099664,1327.11181640625,11884879,1283.1028,1279.3048,77.5615,20.9591,14.0973,ICICIBANK
2026-06-24,1329.3925787519856,1366.0832592753275,1329.3925787519856,1362.11669921875,16440708,1288.1056,1279.8106,80.4294,23.4209,15.962,ICICIBANK
2026-06-25,1370.3473528540349,1392.2625728462838,1368.562352417643,1375.9005126953125,17173209,1293.7976,1280.6435,80.7655,26.1824,18.0061,ICICIBANK
2026-06-26,1375.9005126953125,1375.9005126953125,1375.9005126953125,1375.9005126953125,0,1300.2978,1281.4507,85.7738,28.0476,20.0144,ICICIBANK
2026-06-29,1378.379593988644,1390.2792739367474,1371.6363935981306,1375.9996337890625,13249405,1307.631,1282.0735,83.6722,29.1972,21.851,ICICIBANK
2026-06-30,1390.2792468566804,1390.2792468566804,1354.6793474953972,1363.7032470703125,18398057,1314.9989,1281.8117,75.3874,28.7843,23.2376,ICICIBANK
2026-07-01,1359.935092537661,1373.5205118412996,1356.2659519824388,1368.264892578125,11948034,1321.8313,1282.0537,72.0816,28.4966,24.2894,ICICIBANK
2026-07-02,1370.347360452637,1393.2542205810548,1365.2900205878914,1388.2960205078125,15779429,1329.1843,1283.085,71.3564,29.5444,25.3404,ICICIBANK
2026-07-03,1402.1789477753737,1408.128787723501,1394.1466880553623,1399.6007080078125,12901785,1336.5869,1284.7747,80.6287,30.9304,26.4584,ICICIBANK
2026-07-06,1400.1956098660596,1419.6317286825692,1399.7989296759679,1414.9710693359375,12306949,1345.3481,1287.0119,81.7995,32.89,27.7447,ICICIBANK
2026-07-07,1419.6317869331858,1421.0201071305735,1398.212387337131,1402.873046875,15664178,1352.2747,1289.4453,75.0805,33.0854,28.8129,ICICIBANK
2026-07-08,1398.5098849300493,1406.4430046152802,1364.397446073597,1369.05810546875,10573142,1356.6032,1291.4207,60.4133,30.1639,29.0831,ICICIBANK
2026-07-09,1371.3389070760331,1391.8658055614053,1365.7857475821456,1369.1572265625,13948838,1359.7615,1293.7471,59.5106,27.5392,28.7743,ICICIBANK
2026-07-10,1378.081980498166,1396.4273194454097,1377.9828407138161,1389.48583984375,6409645,1362.7563,1296.48,62.5514,26.7906,28.3775,ICICIBANK
2026-07-13,1381.850313043882,1401.1872926666704,1374.710553603081,1397.716552734375,10091437,1366.817,1299.2308,68.8759,26.5553,28.0131,ICICIBANK
2026-07-14,1388.2959393084109,1399.9973392167874,1380.36281965522,1395.9315185546875,14133017,1370.4564,1302.3327,60.9929,25.926,27.5957,ICICIBANK
2026-07-15,1401.0881343697583,1416.061873669893,1397.4189938599209,1404.3604736328125,12961648,1374.3932,1305.0438,59.5858,25.8099,27.2385,ICICIBANK
2026-07-16,1408.2278901435363,1411.7977698077207,1394.4440704195183,1406.34375,10165264,1378.1564,1307.8046,60.1186,25.583,26.9074,ICICIBANK
2026-07-17,1410.2112272612976,1442.935347434669,1407.8312670387277,1432.2257080078125,11112550,1383.0056,1311.3645,65.9538,27.1784,26.9616,ICICIBANK
2026-07-20,1432.4239762420166,1467.6271961496604,1427.4657762550246,1447.99267578125,22236415,1388.3505,1315.2081,73.4547,29.3763,27.4446,ICICIBANK
2026-07-21,1457.7107481698004,1461.5781682422519,1444.4227484323062,1450.868408203125,18269907,1394.5383,1319.6269,73.2033,30.993,28.1542,ICICIBANK
2026-07-22,1454.1408592092237,1454.1408592092237,1426.374940373995,1428.6556396484375,8345136,1397.8653,1323.6946,61.1997,30.1345,28.5503,ICICIBANK
2026-07-23,1420.5242697074934,1433.9114094220142,1414.673569622298,1422.606689453125,12409328,1400.2006,1327.4351,56.5759,28.6359,28.5674,ICICIBANK
2026-07-24,1416.0618385071728,1427.9615178223592,1403.5671994361867,1420.9208984375,10870914,1402.4516,1331.1716,51.845,27.001,28.2541,ICICIBANK
2026-07-27,1423.6974916567503,1436.8863520032721,1416.8552725346733,1433.6138916015625,10608300,1405.3323,1335.031,59.4975,26.4249,27.8883,ICICIBANK
2026-07-28,1430.2423604987887,1433.8122401392648,1405.7487808950839,1418.8385009765625,19486209,1408.0891,1338.7992,67.4306,24.4937,27.2094,ICICIBANK
2026-07-29,1430.4406700852692,1436.3905099608405,1416.557710375603,1425.879150390625,10856166,1410.9698,1342.7777,68.9404,23.2632,26.4201,ICICIBANK
2026-07-30,1419.13595728037,1430.143136895818,1410.7070174140658,1421.91259765625,14141173,1412.6506,1346.5678,62.1562,21.7177,25.4796,ICICIBANK
2026-07-31,1422.309244666781,1429.8456841613988,1419.4334645695478,1423.4000244140625,8752440,1413.8406,1349.9611,60.141,20.3779,24.4593,ICICIBANK
2026-08-03,1442.0,1460.0,1433.0,1460.0,7706747,1416.092,1353.5411,69.8419,22.0156,23.9706,ICICIBANK
2026-08-04,1452.0,1454.5999755859375,1430.800048828125,1454.5999755859375,11458963,1418.6784,1357.265,65.8566,22.6171,23.6999,ICICIBANK
2026-08-05,1454.5999755859375,1454.5999755859375,1431.199951171875,1450.0999755859375,11723296,1422.7305,1361.0258,63.5944,22.4716,23.4542,ICICIBANK
2026-08-06,1460.0,1460.0,1448.300048828125,1457.5,14954726,1427.1476,1364.9346,58.8711,22.6919,23.3018,ICICIBANK
2026-08-07,1451.0,1455.0,1418.199951171875,1421.0,14395789,1428.7233,1368.4367,41.7295,19.6942,22.5802,ICICIBANK
2026-08-10,1428.0999755859375,1441.9000244140625,1415.5,1431.800048828125,12749354,1430.4275,1372.4859,44.4281,17.9826,21.6607,ICICIBANK
2026-08-11,1432.0999755859375,1434.0,1412.199951171875,1429.5999755859375,10471914,1432.1109,1376.751,50.3125,16.2613,20.5808,ICICIBANK
2026-08-12,1429.4000244140625,1435.0,1418.5999755859375,1431.699951171875,8201733,1433.4779,1380.7527,53.0898,14.8948,19.4436,ICICIBANK
2026-08-13,1429.0,1429.0,1406.4000244140625,1406.800048828125,11408206,1433.5007,1384.064,45.8557,11.6682,17.8885,ICICIBANK
2026-08-14,1403.0,1417.800048828125,1401.0,1417.0,6097934,1432.7394,1387.373,45.0516,9.8209,16.275,ICICIBANK
2026-08-17,1418.0,1423.5999755859375,1407.0,1415.300048828125,5605603,1431.1048,1390.884,48.857,8.126,14.6452,ICICIBANK
2026-08-18,1410.0,1416.5999755859375,1406.300048828125,1412.0,8345198,1429.1614,1393.8372,45.4059,6.4423,13.0046,ICICIBANK
2026-08-19,1412.0,1416.0,1391.5,1402.0,10304210,1427.8286,1396.2275,43.6619,4.252,11.2541,ICICIBANK
2026-08-20,1407.800048828125,1413.0,1403.300048828125,1411.9000244140625,8425049,1427.2933,1398.3457,46.5257,3.2773,9.6587,ICICIBANK
2026-08-21,1417.0,1420.0,1411.199951171875,1420.0,4565105,1427.2472,1400.1538,35.4015,3.1224,8.3515,ICICIBANK
2024-08-21,242.54768805240238,244.72568239234081,241.4586625982617,243.9147186279297,6454402,243.9147,243.9147,,0.0,0.0,WIPRO
2024-08-22,244.58666581149987,245.8610374419241,240.06843912181387,240.50868225097656,11496506,242.2117,242.2117,,-0.2717,-0.0543,WIPRO
2024-08-23,240.92575421178032,241.64403072746413,236.96360858134955,237.4501953125,11277706,240.6245,240.6245,,-0.7255,-0.1886,WIPRO
2024-08-26,239.1184602003831,243.19644378727625,239.09529546378718,240.9720916748047,17351380,240.7114,240.7114,,-0.7918,-0.3092,WIPRO
2024-08-27,240.97208351341547,242.47815903537432,239.1184521017738,239.65138244628906,7965796,240.4994,240.4994,,-0.94,-0.4354,WIPRO
2024-08-28,240.9720950814978,249.35976630816572,239.97575683624203,247.7378387451172,34375566,241.7058,241.7058,,-0.4004,-0.4284,WIPRO
2024-08-29,247.92320266084724,251.14389291299523,247.48295954134426,249.6378173828125,25685318,242.839,242.839,,0.1785,-0.307,WIPRO
2024-08-30,251.02805013654256,251.16706684142852,248.2476029021356,249.49880981445312,19434804,243.6714,243.6714,,0.6189,-0.1218,WIPRO
2024-09-02,249.49879848570532,251.1670554369318,246.4634544319631,246.74151611328125,15735982,244.0126,244.0126,,0.737,0.0499,WIPRO
2024-09-03,246.9964016526688,250.63414222075107,245.37447406207903,248.4097900390625,15056686,244.4523,244.4523,,0.9542,0.2308,WIPRO
2024-09-04,244.67933401318686,244.79518597057947,239.4659959305195,240.57818603515625,20402128,244.1001,244.1001,,0.4887,0.2824,WIPRO
2024-09-05,241.52816761764348,243.752519553695,240.74036864666266,243.21958923339844,12069118,244.0267,244.0267,,0.3292,0.2917,WIPRO
2024-09-06,243.21959010394002,245.55982229050002,240.25379693997914,241.25010681152344,14579954,243.8131,243.8131,,0.0433,0.242,WIPRO
2024-09-09,239.62819319815577,241.78305106177586,237.9367714789115,238.5855255126953,11919540,243.4397,243.4397,,-0.3937,0.1149,WIPRO
2024-09-10,239.48916713018156,244.67934061831312,238.19163082919118,243.6366729736328,10287272,243.4529,243.4529,49.6979,-0.3287,0.0262,WIPRO
2024-09-11,243.2891258094412,243.86838563279701,237.84408346989656,238.35382080078125,8261524,243.1342,243.1342,47.7503,-0.6954,-0.1181,WIPRO
2024-09-12,241.1806293001536,246.5329844908173,239.92942240624186,245.62933349609375,15779474,243.2809,243.2809,57.8479,-0.3944,-0.1734,WIPRO
2024-09-13,247.3671273313053,256.03286057689644,246.00006839175242,255.15237426757812,35919706,243.9405,243.9405,62.201,0.6056,-0.0176,WIPRO
2024-09-16,256.2645438454469,258.04865277374057,254.41091242522668,255.7548065185547,11088578,244.5623,244.5623,64.0291,1.4302,0.272,WIPRO
2024-09-17,254.41091242522668,257.14503008371986,253.50726145103516,255.7548065185547,8728238,245.1219,245.1219,58.1297,2.06,0.6296,WIPRO
2024-09-18,254.43407850538557,254.43407850538557,246.83420661283307,249.38294982910156,16665520,245.3953,245.3248,49.763,2.0216,0.908,WIPRO
2024-09-19,252.18656155730392,255.54626852216686,245.2122789629399,247.1585693359375,20969182,245.7278,245.4082,47.9054,1.7911,1.0846,WIPRO
2024-09-20,249.2671295388068,250.58783078684294,246.06960360205937,249.8231964111328,16664232,246.3465,245.6001,52.7628,1.8026,1.2282,WIPRO
2024-09-23,249.82316722516657,250.42562007342826,246.5329827168619,247.8768768310547,8544290,246.6917,245.695,49.5246,1.6358,1.3097,WIPRO
2024-09-24,246.625641169646,251.12070256581495,245.30491194583533,250.03167724609375,12355694,247.2107,245.8685,59.3836,1.6584,1.3795,WIPRO
2024-09-25,249.68415824748493,249.9622199439396,245.9537304978053,248.47930908203125,8065196,247.2478,245.9689,55.3362,1.5334,1.4103,WIPRO
2024-09-26,249.6378015799018,251.67677904426486,248.2475781015851,251.12071228027344,11403400,247.3219,246.1597,59.8794,1.6287,1.4539,WIPRO
2024-09-27,254.36458409403835,258.9986626653696,250.56463400871257,251.07437133789062,26462384,247.4007,246.3352,63.1914,1.6811,1.4994,WIPRO
2024-09-30,249.31340777040816,252.325558607783,247.4597764858698,250.91217041015625,8199446,247.6092,246.493,58.5699,1.69,1.5375,WIPRO
2024-10-01,250.3329547673011,254.6889720834284,250.3329547673011,253.36827087402344,9411274,247.8572,246.7222,68.9474,1.8737,1.6047,WIPRO
2024-10-03,250.28654421295292,251.35240479198353,243.86835742618734,245.6756591796875,14035368,248.112,246.6884,50.0579,1.3826,1.5603,WIPRO
2024-10-04,244.70250806106213,251.1438884509139,244.70250806106213,247.25125122070312,11922754,248.3136,246.706,37.6895,1.1078,1.4698,WIPRO
2024-10-07,249.31340699279463,251.02802158247843,243.7293484223734,246.27809143066406,9878074,248.565,246.6931,35.4033,0.8022,1.3363,WIPRO
2024-10-08,246.32444440130521,247.36711209508908,241.1111059323859,244.19277954101562,11502804,248.8454,246.6195,33.2663,0.3873,1.1465,WIPRO
2024-10-09,245.51346631204072,249.6378073737701,244.91104178095557,246.1390838623047,8841688,248.9705,246.6058,44.6154,0.213,0.9598,WIPRO
2024-10-10,247.92320207868303,249.12805118633167,242.57084701774374,243.28912353515625,12620244,249.2173,246.5137,43.7076,-0.1532,0.7372,WIPRO
2024-10-11,241.13427637178629,247.64517964096237,241.13427637178629,244.81837463378906,8436982,249.1767,246.4679,41.5493,-0.3165,0.5265,WIPRO
2024-10-14,249.6377928027883,255.73158853132088,248.52560274557126,254.66575622558594,33136266,249.1524,246.6836,59.0488,0.3448,0.4901,WIPRO
2024-10-15,256.19500429756636,256.19500429756636,246.00003216507628,246.97320556640625,21601252,248.7133,246.691,46.4478,0.2453,0.4412,WIPRO
2024-10-16,246.99637863633143,249.68413845058697,245.14274727695934,246.6024932861328,12553622,248.2557,246.6888,47.7587,0.135,0.3799,WIPRO
2024-10-17,247.90005101620025,249.31343939309988,243.31230169139434,245.02691650390625,23755278,248.0379,246.6483,42.5327,-0.0787,0.2882,WIPRO
2024-10-18,246.53298134336742,258.76696015227066,243.1964390969237,254.2487335205078,74653054,248.3924,246.8292,53.1757,0.4905,0.3287,WIPRO
2024-10-21,255.61573223844334,260.3888552257969,253.48406766316967,253.99380493164062,23966964,248.6009,246.9958,53.0772,0.9105,0.445,WIPRO
2024-10-22,254.78165162581922,257.42308224902547,252.02436903040373,252.76583862304688,18478300,248.8454,247.127,49.3833,1.1312,0.5823,WIPRO
2024-10-23,253.71582945961245,256.95968481343397,251.2597732056967,253.57681274414062,12698576,249.0226,247.2703,59.4148,1.3559,0.737,WIPRO
2024-10-24,253.57677609479387,255.1060163123116,252.62679567816693,253.43775939941406,9576604,249.2706,247.4044,57.633,1.5054,0.8907,WIPRO
2024-10-25,254.75848378264095,255.8011515198141,250.4719608631513,251.83901977539062,10124540,249.3065,247.4987,56.7568,1.4779,1.0081,WIPRO
2024-10-28,251.83900703597095,259.4157142291548,251.4914511411612,258.859619140625,11185858,249.6957,247.7354,65.9125,1.9995,1.2064,WIPRO
2024-10-29,259.4157029377561,261.0839881307313,256.38038724536796,260.52789306640625,12055630,250.1765,247.9965,65.7056,2.5185,1.4688,WIPRO
2024-10-30,260.66691260694245,268.19729008225414,260.018130310786,261.9412841796875,20755492,250.6052,248.2754,71.0183,3.0092,1.7769,WIPRO
2024-10-31,261.73275246972935,262.42786425653856,254.08652281482796,255.7084503173828,15680094,251.1068,248.5113,61.0954,2.8621,1.9939,WIPRO
2024-11-01,255.662118166324,257.1450289528126,254.87431915936094,255.49990844726562,1962810,251.5192,248.8111,51.0576,2.6976,2.1347,WIPRO
2024-11-04,255.33772768410512,256.00967472958166,247.55248138977237,250.6109619140625,9855560,251.7359,249.0743,54.9652,2.148,2.1373,WIPRO
2024-11-05,251.6304733362139,252.71947051672586,250.4256241882359,251.95486450195312,6862260,252.124,249.294,57.1165,1.8001,2.0699,WIPRO
2024-11-06,253.6926689964958,262.2193576711637,250.70368228469547,261.31573486328125,19554884,252.8828,249.7273,67.9428,2.2537,2.1066,WIPRO
2024-11-07,262.288864085308,264.00347892432563,256.93650864640875,261.0840148925781,11997142,253.7726,249.9942,59.3889,2.565,2.1983,WIPRO
2024-11-08,261.8254153715915,268.2204375592321,261.8254153715915,263.6790466308594,20852658,254.7156,250.275,62.5,2.9867,2.356,WIPRO
2024-11-11,263.67903867553605,270.25943510423707,262.3119800062371,265.7643737792969,16139444,255.2705,250.6003,66.413,3.4493,2.5747,WIPRO
2024-11-12,266.45953860782305,268.63756136284337,263.702255986264,264.4437255859375,11260890,256.1441,250.9544,63.5471,3.6672,2.7932,WIPRO
2024-11-13,264.1424544456764,265.8107112653501,262.08028401290716,263.6790466308594,11391200,256.9979,251.2597,62.5711,3.735,2.9815,WIPRO
2024-11-14,263.65588782161194,266.250960329234,261.454700651768,262.61322021484375,9783520,257.8772,251.7004,63.4005,3.6606,3.1174,WIPRO
2024-11-18,262.61322273577076,262.61322273577076,250.37924471858454,256.19500732421875,15289764,257.9745,251.9599,46.6354,3.0486,3.1036,WIPRO
2024-11-19,257.6547942789424,264.04981768874325,257.0523696613839,260.43524169921875,12919778,258.2966,252.3437,49.8901,2.8726,3.0574,WIPRO
2024-11-21,260.4351997612711,263.030272288641,257.3303616517673,258.18768310546875,11672608,258.5677,252.7357,45.6358,2.5227,2.9505,WIPRO
2024-11-22,260.41207276261844,265.8107577794485,258.5352764410237,264.9071350097656,14733232,259.1342,253.1611,60.5754,2.7559,2.9115,WIPRO
2024-11-25,266.69123583587776,272.2752951518014,265.94979453905603,269.91192626953125,23297474,259.9579,253.7923,64.9232,3.3063,2.9905,WIPRO
2024-11-26,271.0936036296126,273.5728244175138,268.4521731168999,272.9472351074219,15771340,261.0133,254.3386,74.0519,3.9421,3.1808,WIPRO
2024-11-27,274.1057491627954,276.19108453258843,269.65704502090534,270.1204528808594,13659676,261.5764,254.638,68.9555,4.1698,3.3786,WIPRO
2024-11-28,271.4411270090161,271.55697896249836,264.39732258045893,265.1619567871094,11896556,261.8081,254.8261,54.4195,3.9051,3.4839,WIPRO
2024-11-29,266.45954172244524,269.1241371396697,264.88394355337357,267.7802429199219,8540112,262.1,255.0666,57.2943,3.8621,3.5595,WIPRO
2024-12-02,269.9118951577739,271.3484481113445,267.9424118881731,270.8850402832031,11194000,262.8588,255.4967,57.7633,4.032,3.654,WIPRO
2024-12-03,273.7349845414731,274.522783433627,268.1277333666323,270.3057556152344,15445286,263.5991,255.9596,55.0567,4.073,3.7378,WIPRO
2024-12-04,273.0862502536109,275.2642728844467,270.44481975596625,272.48382568359375,14036431,264.6928,256.4128,58.7847,4.2325,3.8368,WIPRO
2024-12-05,273.41063875648973,278.87884587478527,272.3911358025974,277.39593505859375,13487264,265.9648,257.0032,63.7418,4.701,4.0096,WIPRO
2024-12-06,277.2569105078346,277.2569105078346,274.5228211681722,275.5886535644531,7894350,266.6785,257.5144,62.8087,4.8704,4.1818,WIPRO
2024-12-09,273.4106264467593,283.32756556714025,272.2521068431713,281.520263671875,9285213,267.7003,258.1752,75.2424,5.4207,4.4296,WIPRO
2024-12-10,283.605591858255,288.2396701565925,281.2422232397706,285.5519104003906,17028502,268.7939,258.8638,75.1391,6.1118,4.766,WIPRO
2024-12-11,285.5982483722764,287.2201758249811,283.18852192856684,286.38604736328125,8608406,269.825,259.57,79.0453,6.65,5.1428,WIPRO
2024-12-12,285.45925676320763,290.8347769080665,284.9495194040852,286.478759765625,12958440,270.9268,260.2814,75.7324,7.0034,5.5149,WIPRO
2024-12-13,286.4787415172861,288.28601518064926,281.9373501967142,287.26654052734375,7382211,272.1061,260.9593,73.0178,7.2633,5.8646,WIPRO
2024-12-16,287.3128829378517,288.6104193329947,284.6251229155901,286.5714416503906,7221189,273.3041,261.7772,69.266,7.3287,6.1574,WIPRO
2024-12-17,288.23968792923836,289.3982075752562,284.8104584633571,286.2470397949219,10568517,274.8067,262.5572,74.5415,7.2705,6.38,WIPRO
2024-12-18,286.38605301799413,290.32501976662354,285.96897463682393,289.72259521484375,10965226,276.271,263.4261,89.1432,7.4193,6.5879,WIPRO
2024-12-19,283.9299881113001,290.4640273160065,279.1105352805333,289.8616027832031,12405595,277.8547,264.3394,88.2116,7.4625,6.7628,WIPRO
2024-12-20,292.4103252201775,296.58099546895977,282.1226662830144,282.8641357421875,22214824,278.7526,265.0739,68.2685,6.853,6.7808,WIPRO
2024-12-23,284.1617279306133,287.915320580443,282.6788170042482,285.3665771484375,6693583,279.5253,265.9155,71.6956,6.4971,6.7241,WIPRO
2024-12-24,284.99585418734574,286.57145233717273,280.6398086795935,282.95684814453125,8837902,280.0258,266.6782,64.9867,5.9519,6.5696,WIPRO
2024-12-26,283.04951933736834,284.4861006947115,281.75198296737915,282.7251281738281,6516148,280.656,267.2394,58.8055,5.4385,6.3434,WIPRO
2024-12-27,282.8641839244839,288.14701683563703,282.400776040128,286.478759765625,8063921,281.7219,268.0295,66.9065,5.2737,6.1295,WIPRO
2024-12-30,286.4787370862806,286.7567704812143,280.5007645376725,281.47393798828125,13709891,282.4065,268.727,49.926,4.6852,5.8406,WIPRO
2024-12-31,278.9252098649609,280.8251708291793,273.6423488030204,279.75933837890625,9337030,282.8503,269.4216,40.0001,4.034,5.4793,WIPRO
2025-01-01,278.04469001232695,281.149528040965,277.0715449109512,278.3227233886719,7878201,283.2511,269.9031,36.3637,3.3632,5.0561,WIPRO
2025-01-02,276.19106978078577,282.1690421685679,275.4032708041073,281.56658935546875,8800435,283.7052,270.4546,42.4929,3.0581,4.6565,WIPRO
2025-01-03,281.1031747648865,281.56658258895266,272.4838005509228,272.90087890625,12535720,283.4805,270.8573,32.306,2.0929,4.1438,WIPRO
2025-01-06,273.4106231040578,276.00569567069965,269.2862820520406,272.7618408203125,9173687,283.3391,271.241,32.7546,1.3018,3.5754,WIPRO
2025-01-07,272.7618552973702,275.7276769173768,269.9814081351781,272.5301513671875,7381943,282.8896,271.6228,32.8307,0.6487,2.99,WIPRO
2025-01-08,271.55698690005596,276.6081435331957,268.12775766307703,275.77398681640625,7937785,282.4007,272.1015,32.4388,0.3883,2.4697,WIPRO
2025-01-09,275.2642479927618,276.1910636425691,270.0277452281845,270.908203125,7964702,281.6269,272.3425,28.6757,-0.2083,1.9341,WIPRO
2025-01-10,272.7618453167647,281.0568570274507,272.7618453167647,278.554443359375,19505556,281.2306,272.703,45.221,-0.0633,1.5346,WIPRO
2025-01-13,277.07154659615924,277.34957997419525,269.0082392230916,270.49114990234375,9541248,280.3919,272.874,35.3156,-0.5923,1.1092,WIPRO
2025-01-14,270.4447953470321,272.99353838444443,265.5790131846994,271.41796875,7670070,279.6342,273.1882,38.2658,-0.926,0.7022,WIPRO
2025-01-15,271.55699612755757,273.1325941081773,268.4985156759664,271.23260498046875,4662694,278.8835,273.5029,38.3019,-1.1917,0.3234,WIPRO
2025-01-16,274.24474683452576,274.80084188471824,265.71805977352847,266.96923828125,10345666,277.7458,273.83,30.3454,-1.7264,-0.0865,WIPRO
2025-01-17,266.7375848472742,266.7375848472742,259.97184059466576,261.31573486328125,9358955,276.3185,274.0172,29.9539,-2.5766,-0.5846,WIPRO
2025-01-20,279.8983250855407,283.0494926250342,275.21791738701626,278.2763977050781,39380165,276.0891,274.3564,48.8684,-1.8604,-0.8397,WIPRO
2025-01-21,280.2690337877108,283.46655894424714,276.0056763403848,276.51544189453125,15619474,275.6466,274.6651,48.6277,-1.4185,-0.9555,WIPRO
2025-01-22,277.4423060206858,287.312888300631,277.4423060206858,286.478759765625,30859317,275.8227,275.1211,53.3845,-0.2614,-0.8167,WIPRO
2025-01-23,288.33238180897615,300.8443942745946,287.91530341312017,294.4493713378906,39904371,276.4089,275.6948,64.9904,1.284,-0.3965,WIPRO
2025-01-24,295.6542031456272,298.89805803907456,293.4298511612402,296.6737060546875,17479586,276.9186,276.3394,66.1655,2.6576,0.2143,WIPRO
2025-01-27,294.5420462379519,295.7932532091185,284.30074308986724,285.4129333496094,12372895,277.1156,276.774,57.5791,2.8052,0.7325,WIPRO
2025-01-28,287.35062133325425,290.75346340775667,285.03479064258164,286.9725341796875,12077491,277.4762,277.2612,56.7214,3.0133,1.1886,WIPRO
2025-01-29,288.34308782643825,297.46460216342535,288.34308782643825,295.33782958984375,16338112,278.327,278.0441,64.0717,3.8093,1.7128,WIPRO
2025-01-30,293.9672161213403,296.5193546164998,289.19380501862076,292.0767517089844,9984186,278.8525,278.6769,58.2034,4.1294,2.1961,WIPRO
2025-01-31,294.62890298718787,298.40983197594255,292.5966305787731,294.81793212890625,15597644,279.9483,279.4095,65.7768,4.5518,2.6672,WIPRO
2025-02-01,295.432362306672,296.09403649654183,286.7362419104247,288.1068115234375,6046117,280.7156,279.8735,60.0679,4.2955,2.9929,WIPRO
2025-02-03,286.40539721264355,296.80295288702996,283.8532583722681,296.42486572265625,14877076,281.9103,280.4038,63.8398,4.7093,3.3362,WIPRO
2025-02-04,300.58387455996785,301.3873277926545,296.18855008800097,298.9297180175781,15366864,283.0681,280.9234,67.904,5.1796,3.7049,WIPRO
2025-02-05,300.39479956868666,303.8449203817731,297.6536317941544,299.733154296875,9628027,284.5094,281.5157,72.7577,5.5532,4.0745,WIPRO
2025-02-06,302.4743357687886,305.87717781542756,297.3228081992462,300.53662109375,15062390,285.6085,282.2232,66.3083,5.8467,4.429,WIPRO
2025-02-07,301.5290945760859,301.5290945760859,296.802933219094,300.5838623046875,8589587,287.1131,282.8792,68.0872,6.0138,4.7459,WIPRO
2025-02-10,301.3400773981906,303.41960021540694,298.5516591276092,301.5763854980469,12304840,288.621,283.4931,63.1139,6.1554,5.0278,WIPRO
2025-02-11,302.0017373569476,302.85244070702254,294.5344075233089,295.85772705078125,10627890,289.8523,284.0041,51.2731,5.7399,5.1702,WIPRO
2025-02-12,296.2830952628925,298.4571181559513,292.40763681134194,293.2110900878906,9668342,291.1644,284.4187,46.8936,5.1379,5.1638,WIPRO
2025-02-13,293.3055848247693,296.47211894662615,290.1390795491144,291.65142822265625,8832731,292.6812,284.7038,56.7761,4.4833,5.0277,WIPRO
2025-02-14,293.0692598759002,295.29056152588134,287.87048228267616,291.22607421875,7371341,293.3286,285.0165,54.7368,3.8853,4.7992,WIPRO
2025-02-17,291.2260672007686,293.3055608802263,285.4601446034459,288.6266784667969,7507772,293.9342,285.1586,41.4251,3.1652,4.4724,WIPRO
2025-02-18,288.6266551895326,295.6213676312319,288.6266551895326,295.10150146484375,10368789,294.3653,285.3496,53.5714,3.0815,4.1942,WIPRO
2025-02-19,294.2035734470454,299.16604336061,291.4151264333233,296.8974914550781,7835672,294.4878,285.5599,52.5115,3.1241,3.9802,WIPRO
2025-02-20,294.15630113072905,297.08649816217485,293.2583189138664,296.1412658691406,7697134,294.4611,285.7531,61.3333,3.0615,3.7965,WIPRO
2025-02-21,295.66862998951336,295.66862998951336,288.34308020740997,289.5718994140625,8722925,294.6691,285.7992,39.8317,2.4535,3.5279,WIPRO
2025-02-24,286.3581358083803,286.68894403524723,277.2838999913071,278.8907775878906,12600963,294.265,285.6456,26.0723,1.0971,3.0417,WIPRO
2025-02-25,278.22910591027204,280.0722914062735,274.21186903036926,275.34613037109375,10810040,293.2654,285.4276,22.6695,-0.2608,2.3812,WIPRO
2025-02-27,277.8982944974268,279.5997010885227,275.39343468701315,278.37091064453125,15555649,292.5801,285.2006,26.3371,-1.0804,1.6889,WIPRO
2025-02-28,277.898310789088,277.898310789088,261.82936084550124,262.4437561035156,17458839,290.9614,284.6522,19.5932,-2.9808,0.7549,WIPRO
2025-03-03,264.14520020072956,270.6672978552482,264.0033922667289,268.0206298828125,11471554,289.9571,284.3553,25.0703,-3.9909,-0.1942,WIPRO
2025-03-04,263.7198067801339,267.5952649070748,261.1676680792655,264.6650390625,9331785,288.3691,283.9413,25.9826,-5.0045,-1.1563,WIPRO
2025-03-05,265.9883469420238,271.2344031891443,263.38895827835654,269.4857177734375,10285712,286.8969,283.6719,32.324,-5.357,-1.9964,WIPRO
2025-03-06,272.6522725505603,276.0078357272572,267.9733610571144,270.2419128417969,9782051,285.4223,283.4222,33.8561,-5.5118,-2.6995,WIPRO
2025-03-07,271.6597581952849,271.94334519399126,267.4062128304959,269.2021484375,8097300,283.8556,283.0767,33.5452,-5.6532,-3.2903,WIPRO
2025-03-10,268.87133904012046,270.00560049141563,262.727329095453,265.5157470703125,8165123,282.1022,282.7575,33.0091,-5.9937,-3.8309,WIPRO
2025-03-11,261.8293448241309,264.00336755675363,258.2374736538323,262.53826904296875,8602609,280.1503,282.4131,24.762,-6.4296,-4.3507,WIPRO
2025-03-12,262.4910473077437,262.4910473077437,247.83994520322958,253.84214782714844,18584311,278.0495,281.9235,19.8544,-7.3916,-4.9589,WIPRO
2025-03-13,253.84213163878306,256.2524913970794,248.9269408119973,249.5413360595703,8683943,275.866,281.283,18.9156,-8.4042,-5.6479,WIPRO
2025-03-17,249.54133014827772,250.67562046015934,244.7206395920822,245.61862182617188,12697926,273.5644,280.7373,19.6079,-9.4146,-6.4013,WIPRO
2025-03-18,245.61862182617188,245.61862182617188,245.61862182617188,245.61862182617188,0,271.284,280.1945,23.0062,-10.099,-7.1408,WIPRO
2025-03-19,247.65086801084897,251.9044134537834,242.2157821670994,251.1482391357422,14044300,269.4101,279.7668,30.9807,-10.079,-7.7285,WIPRO
2025-03-20,254.45652531056123,258.9463783581741,252.84961899714682,253.32223510742188,17038774,267.3211,279.3178,30.0452,-9.7751,-8.1378,WIPRO
2025-03-21,249.54133197976765,254.78735980677095,245.9494607094484,249.82489013671875,22659168,264.9675,278.8961,37.4648,-9.7045,-8.4511,WIPRO
2025-03-24,252.42425210882004,256.77232607793826,250.86462471940754,254.6455535888672,9269617,262.8927,278.418,36.5109,-9.1541,-8.5917,WIPRO
2025-03-25,257.10319130535055,259.65533011046506,254.59833142400558,256.157958984375,12563930,261.222,278.1313,41.0891,-8.4979,-8.573,WIPRO
2025-03-26,257.10320157248844,257.33950966216906,252.14073168919592,252.755126953125,7308412,259.9152,277.758,31.9388,-8.1584,-8.49,WIPRO
2025-03-27,255.21271378840623,258.56827682010726,254.83462664833004,257.292236328125,14783522,259.0126,277.4792,37.0755,-7.4375,-8.2795,WIPRO
2025-03-28,256.15795933347977,256.96141257664425,247.27278127344067,247.88717651367188,14283389,257.4884,277.0976,31.7704,-7.5381,-8.1312,WIPRO
2025-04-01,246.0912448189095,248.5961047438563,244.3425592254253,248.218017578125,8388635,256.7771,276.8356,34.3053,-7.5047,-8.0059,WIPRO
2025-04-02,248.4070505947742,251.0064395630636,246.8001729039166,249.1632537841797,7136992,255.8342,276.2534,37.3998,-7.3176,-7.8683,WIPRO
2025-04-03,245.66586581741328,246.23301095930432,241.31780594761577,242.310302734375,12262561,254.7165,275.5693,38.7454,-7.6343,-7.8215,WIPRO
2025-04-04,239.14376814769022,240.0417359339805,231.44013079280504,232.8107147216797,14639785,252.8827,274.4959,35.1759,-8.5532,-7.9678,WIPRO
2025-04-07,218.3959295353868,230.49490606696565,215.51296808645233,229.596923828125,13011904,250.8505,273.1989,35.6234,-9.4321,-8.2607,WIPRO
2025-04-08,231.34561362425646,235.83546720838402,230.4949102933463,233.7086944580078,13806651,249.0758,271.9396,40.0474,-9.6852,-8.5456,WIPRO
2025-04-09,227.5174180491881,229.0297955404645,221.184364347782,223.68922424316406,19063559,246.9845,270.7051,28.6554,-10.5723,-8.9509,WIPRO
2025-04-11,231.58191541685676,231.58191541685676,225.29612633906794,226.61944580078125,11205821,245.1885,269.498,29.4844,-10.9132,-9.3434,WIPRO
2025-04-15,231.6291697378524,231.6291697378524,228.13181323721645,230.6366729736328,10694621,244.0283,268.204,35.3746,-10.7354,-9.6218,WIPRO
2025-04-16,230.63666952351787,234.84295016094572,227.99001633289038,234.08676147460938,16203319,243.2555,267.0442,33.9956,-10.1985,-9.7371,WIPRO
2025-04-17,222.12958628391345,224.77623955829924,219.4356685108047,223.92552185058594,54875421,242.1709,265.6263,27.8859,-10.4723,-9.8842,WIPRO
2025-04-21,224.39814345384784,227.61194194493845,224.39814345384784,225.39064025878906,16298364,241.1595,264.372,30.7129,-10.4506,-9.9974,WIPRO
2025-04-22,225.39064320699882,225.91052386620643,220.7117461203314,221.32614135742188,18367713,239.6684,262.87,24.4802,-10.6387,-10.1257,WIPRO
2025-04-23,224.20911027032227,231.91276256757573,223.16936334041208,230.25860595703125,31898042,238.5152,261.4966,37.4072,-9.9522,-10.091,WIPRO
2025-04-24,231.39288363336507,231.72370630410433,228.2736139739456,229.4551544189453,23000820,237.4967,260.0911,36.6868,-9.3651,-9.9458,WIPRO
2025-04-25,230.58941276645146,232.66892090635434,225.01254806083466,227.70645141601562,16620430,236.1498,258.6345,34.9469,-8.9379,-9.7442,WIPRO
2025-04-28,227.32835388183594,228.69893774619177,225.67419746065832,227.32835388183594,14218414,234.7083,257.1694,38.4391,-8.5315,-9.5017,WIPRO
2025-04-29,228.36811988020682,230.25858440099296,226.71396342451894,228.17906188964844,16647246,233.4795,255.7014,45.8754,-8.048,-9.2109,WIPRO
2025-04-30,228.32086984731362,230.06954098596407,226.09956812542453,228.2736053466797,14206640,232.0285,254.3497,48.7522,-7.5699,-8.8827,WIPRO
2025-05-02,228.78400977633075,232.33809230334896,227.56466650756312,228.4437255859375,10822257,231.0564,253.0544,44.637,-7.0955,-8.5253,WIPRO
2025-05-05,230.6366828369607,233.34949494182297,229.4078779536191,230.23023986816406,12170446,230.157,251.826,58.0056,-6.5005,-8.1203,WIPRO
2025-05-06,231.10930756389027,232.43262707313434,227.4323543313111,227.9805908203125,8869045,229.0978,250.561,51.6941,-6.1396,-7.7242,WIPRO
2025-05-07,223.08427003425385,231.06203295765368,223.08427003425385,230.6744842529297,9130056,228.5161,249.402,50.0487,-5.5721,-7.2938,WIPRO
2025-05-08,229.795418812506,232.36645175279133,226.20353328506914,228.3397674560547,11434833,228.2925,248.0668,42.3848,-5.2502,-6.885,WIPRO
2025-05-09,223.64196529010107,229.64418166987357,223.54743629198492,228.7556610107422,10582438,228.2504,246.7039,58.6288,-4.9049,-6.489,WIPRO
2025-05-12,231.66697768951002,243.81321834304174,231.46848698623586,243.18936157226562,19791711,228.7245,245.6449,71.7286,-3.4271,-5.8766,WIPRO
2025-05-13,242.87743785388216,242.87743785388216,236.89410156544565,237.79208374023438,11714159,229.4296,244.6093,69.468,-2.6608,-5.2335,WIPRO
2025-05-14,237.79208780407996,239.79597559027687,237.01699042377373,239.08705139160156,8839105,230.053,243.8132,62.7386,-1.9268,-4.5721,WIPRO
2025-05-15,239.33280696626414,243.01922145905942,236.89410598819643,242.51824951171875,12083645,230.6471,243.1567,67.5203,-1.0561,-3.8689,WIPRO
2025-05-16,242.9246961862327,242.9246961862327,239.64473901773013,240.38201904296875,6640387,230.9618,242.3969,66.8256,-0.5322,-3.2016,WIPRO
2025-05-19,240.38202690759667,240.78848430168534,237.5179741566736,237.9622344970703,6788784,231.6637,241.9073,63.3897,-0.3088,-2.623,WIPRO
2025-05-20,239.1437740127632,240.6561514753647,235.65586448725253,236.03396606445312,9366429,232.1958,241.2675,59.6292,-0.284,-2.1552,WIPRO
2025-05-21,236.03396558478877,238.3025173509805,234.51214099451252,237.1776885986328,5313593,232.9884,240.7178,60.6417,-0.1701,-1.7582,WIPRO
2025-05-22,235.3628369261451,236.20409307558361,231.58190781889778,232.47042846679688,11469037,233.099,239.9775,54.3416,-0.4545,-1.4975,WIPRO
2025-05-23,232.62168031276735,236.77124963119516,232.14906415156557,233.8126678466797,7437642,233.3169,239.2489,53.9,-0.565,-1.311,WIPRO
2025-05-26,234.88078605521952,237.11153492316714,234.6066606035387,236.53494262695312,3690751,233.7583,238.5955,59.2178,-0.428,-1.1344,WIPRO
2025-05-27,237.24387249291274,237.24387249291274,234.4081754456129,234.6539306640625,6861143,234.1246,237.9783,54.3645,-0.4659,-1.0007,WIPRO
2025-05-28,235.92051987121295,236.44040050667638,233.43456879761493,233.87881469726562,6205160,234.4096,237.4051,56.2902,-0.552,-0.911,WIPRO
2025-05-29,235.97723016583672,237.95277656942864,234.51213168749553,236.44039916992188,11785042,234.8179,237.0571,58.3214,-0.4089,-0.8105,WIPRO
2025-05-30,236.3080679067761,237.3572763052062,234.90912818323596,235.9961395263672,13858429,235.1955,236.7862,38.8253,-0.3275,-0.7139,WIPRO
2025-06-02,234.0395216723142,234.81460465307967,232.7161878073705,234.11512756347656,5846259,235.3898,236.5561,43.5872,-0.4101,-0.6532,WIPRO
2025-06-03,234.41760446060843,235.8354528746847,232.27192315550505,232.73509216308594,8573438,235.6275,236.2984,38.9547,-0.5802,-0.6386,WIPRO
2025-06-04,233.00922028290134,236.1284899074843,233.00922028290134,233.34005737304688,6698150,235.7608,235.9423,32.3005,-0.6587,-0.6426,WIPRO
2025-06-05,233.3778512011228,235.8260138417121,233.35895693958497,234.36090087890625,6468060,236.0618,235.563,37.8667,-0.6311,-0.6403,WIPRO
2025-06-06,233.5669091121543,236.28916835190694,233.5669091121543,234.9752960205078,4445411,236.3728,235.2661,43.5086,-0.5534,-0.6229,WIPRO
2025-06-09,235.92998956076121,239.5218607883377,235.5707966687634,237.5274200439453,9193904,236.0897,234.9237,53.16,-0.2826,-0.5549,WIPRO
2025-06-10,239.0492528321261,241.79043526986945,238.03786172911973,240.91136169433594,10739851,236.2457,234.6188,57.2159,0.2028,-0.4033,WIPRO
2025-06-11,241.99836620570386,247.27277866210773,240.1835363199957,244.73956298828125,17268454,236.5283,234.4584,74.5461,0.8861,-0.1454,WIPRO
2025-06-12,245.76039332776924,248.59609017385887,242.28194545298726,245.39173889160156,14528657,236.672,234.2204,73.8233,1.4634,0.1763,WIPRO
2025-06-13,241.03424053378612,247.8871748234722,240.08900821796735,245.95889282226562,8692116,236.9508,234.1819,71.2761,1.9443,0.5299,WIPRO
2025-06-16,245.7603913456337,250.77957241503506,243.86992679682112,248.49212646484375,10935361,237.4773,234.1874,80.3482,2.5009,0.9241,WIPRO
2025-06-17,248.4921531003998,250.91194567455838,247.3295068936256,248.51104736328125,7528454,238.1012,234.1743,83.1904,2.9101,1.3213,WIPRO
2025-06-18,248.5015729633475,251.0537117843613,246.73399312750377,247.26332092285156,5016660,238.6055,234.2734,76.1058,3.0979,1.6766,WIPRO
2025-06-19,248.45430913234435,251.8476895364026,247.47125948988577,251.03477478027344,14184486,239.5337,234.6378,81.2573,3.5107,2.0434,WIPRO
2025-06-20,251.4317814678595,252.56607171972811,248.47319987504505,251.9422149658203,12904674,240.4402,235.0848,88.6158,3.8664,2.408,WIPRO
2025-06-23,249.5413227777721,250.6756130561511,247.4712617697605,248.82293701171875,6214062,241.0546,235.387,82.4066,3.8522,2.6969,WIPRO
2025-06-24,250.95919343620417,253.93666962298641,250.21245178934427,250.45822143554688,6319428,241.8448,235.9224,83.1078,3.9277,2.943,WIPRO
2025-06-25,251.33726985871147,255.1749107967825,251.29001978086484,254.65504455566406,5331739,242.8836,236.4831,84.956,4.2768,3.2098,WIPRO
2025-06-26,254.36204795014532,256.4415419497362,252.556650580888,253.8137969970703,8564099,243.7523,236.9467,82.1971,4.4345,3.4547,WIPRO
2025-06-27,254.26749265816466,255.21272497287902,250.01394724195,250.5338134765625,8906108,244.4791,237.2756,71.6897,4.2459,3.613,WIPRO
2025-06-30,251.5263108293543,252.1312444773519,248.5015560507679,251.4128875732422,7119563,245.344,237.8254,69.109,4.1198,3.7143,WIPRO
2025-07-01,250.95916994721514,253.6530877102388,249.25776338435804,250.06118774414062,3886095,246.2103,238.3188,60.6426,3.8663,3.7447,WIPRO
2025-07-02,250.486549634612,253.98392054534864,249.9666834285671,252.37701416015625,8750887,247.1622,238.9398,63.0981,3.8083,3.7575,WIPRO
2025-07-03,253.70035532211992,256.0161861030516,251.8571695593189,252.42428588867188,9357962,248.0653,239.3831,62.3644,3.7233,3.7506,WIPRO
2025-07-04,253.60582267009306,256.53604866313725,252.84964834436622,255.25997924804688,7141779,249.0796,239.8992,62.7948,3.8405,3.7686,WIPRO
2025-07-07,255.2599601585324,255.73257628831766,252.66057144471353,253.0859375,4849218,249.8575,240.4068,57.9973,3.715,3.7579,WIPRO
2025-07-08,253.13319620480237,255.4962769342953,252.70785898121383,254.8818817138672,5519016,250.556,240.9579,63.0674,3.7177,3.7498,WIPRO
2025-07-09,253.32226723508222,254.64558674244304,250.34479113196994,253.13320922851562,11564433,250.9757,241.4569,53.8676,3.538,3.7075,WIPRO
2025-07-10,252.89689426334843,252.89689426334843,248.7378778478454,250.5338134765625,6911031,251.2328,241.9021,47.5566,3.1494,3.5959,WIPRO
2025-07-11,246.70562687219976,247.6981092349297,243.63362193988308,244.1534881591797,13109857,251.1425,242.2163,42.7225,2.3002,3.3367,WIPRO
2025-07-14,244.15348123884672,245.33502156394024,237.86769247858902,240.32530212402344,10388421,250.7342,242.4182,35.2179,1.3032,2.93,WIPRO
2025-07-15,240.0889962075921,245.6186107477549,238.95472036997145,243.3027801513672,8750149,250.4738,242.7247,32.8281,0.7448,2.493,WIPRO
2025-07-16,243.30277972631657,249.541318456981,242.0267103967853,248.4070281982422,12179338,250.531,243.0793,42.7558,0.7059,2.1356,WIPRO
2025-07-17,249.3995501661673,249.87216632003677,243.86993539665417,246.32754516601562,7484171,250.2956,243.4391,44.1769,0.5016,1.8088,WIPRO
2025-07-18,253.88940046833872,257.0086555065787,251.05370358041134,252.32977294921875,30319126,250.315,243.9106,51.1116,0.8146,1.6099,WIPRO
2025-07-21,252.32977117871144,252.51880032885998,245.0042209362998,246.0912322998047,12190000,250.1784,243.9686,45.6967,0.5529,1.3985,WIPRO
2025-07-22,247.36730173748478,247.792638960103,244.57885494456423,245.47683715820312,6724044,249.9293,244.1223,42.2341,0.2925,1.1773,WIPRO
2025-07-23,245.9966983750615,247.41454678068146,244.01170483795366,247.08370971679688,6510321,249.5508,244.2822,44.1932,0.2133,0.9845,WIPRO
2025-07-24,247.6508733201784,248.97419282822142,245.99671672357414,247.50909423828125,8139900,249.2355,244.3821,41.1063,0.1828,0.8242,WIPRO
2025-07-25,247.46180761756264,247.69811569544274,242.0267218263203,245.0042266845703,8427780,248.9591,244.4745,40.7966,-0.043,0.6508,WIPRO
2025-07-28,244.81145305592867,244.81145305592867,239.99232996427654,241.0043487548828,8998911,248.4386,244.5353,34.9517,-0.5385,0.4129,WIPRO
2025-07-29,240.18509016724929,243.55847630641514,238.3056351167876,242.6910400390625,12923128,248.0701,244.6685,38.6616,-0.786,0.1731,WIPRO
2025-07-30,242.35369126518586,243.36571003043403,240.18508592828098,241.14891052246094,6057152,247.5087,244.7479,39.5702,-1.094,-0.0803,WIPRO
2025-07-31,239.1248954869482,241.10072420393195,237.14905206316777,239.31765747070312,7338764,246.8534,244.8849,44.0212,-1.4689,-0.358,WIPRO
2025-08-01,237.58277193770718,237.9682959080314,233.4383230761363,233.9684295654297,7436999,245.7888,244.888,42.4256,-2.1726,-0.7209,WIPRO
2025-08-04,233.96842370230374,237.50565825051578,232.37811898107256,237.1490478515625,5234393,244.992,244.9003,42.7029,-2.4455,-1.0658,WIPRO
2025-08-05,237.1490492375832,238.01648550754334,235.68403170626723,237.0141143798828,7383968,244.0986,244.9475,34.6855,-2.6421,-1.3811,WIPRO
2025-08-06,237.10085203381732,237.10085203381732,230.6528630949322,231.27935791015625,7700190,243.0059,244.8955,31.582,-3.2236,-1.7496,WIPRO
2025-08-07,230.46010213931336,234.38286063837594,229.97818983629165,233.55398559570312,6190830,242.1569,244.8377,24.7122,-3.461,-2.0919,WIPRO
2025-08-08,233.63107095627848,234.4503277272524,229.77577265860526,230.4022674560547,8922847,241.4693,244.7259,26.9533,-3.8589,-2.4453,WIPRO
2025-08-11,230.40226622424834,235.89606332770185,229.98781401193042,232.87928771972656,3047287,241.097,244.7011,32.4547,-3.9291,-2.7421,WIPRO
2025-08-12,233.9202214560127,237.38034815129546,232.37811095979444,232.97567749023438,8101435,240.5807,244.706,29.4879,-3.9317,-2.98,WIPRO
2025-08-13,234.10335089480168,234.10335089480168,231.43355269888772,232.908203125,5820844,239.8057,244.6973,28.548,-3.8942,-3.1628,WIPRO
2025-08-14,234.30578003705884,239.44295251771263,233.64073867053446,237.88156127929688,12857225,239.3834,244.7677,40.2429,-3.4238,-3.215,WIPRO
2025-08-18,239.64535848548027,240.00196889697452,235.9057141669896,236.33944702148438,5789317,238.5839,244.795,43.1484,-3.1392,-3.1999,WIPRO
2025-08-19,236.58040135331547,238.54659713751897,235.92499295404977,238.02613830566406,4090961,238.1807,244.805,43.1484,-2.7459,-3.1091,WIPRO
2025-08-20,236.42619536732082,243.74162111006225,236.42619536732082,241.76577758789062,10099384,237.9951,244.8221,50.8511,-2.1082,-2.9089,WIPRO
2025-08-21,243.59704073359595,243.59704073359595,240.58026495468013,240.86941528320312,7607486,237.6844,244.7447,52.1977,-1.656,-2.6583,WIPRO
2025-08-22,242.8838065671094,243.84763119634394,238.65261703304154,239.64535522460938,13572686,237.2912,244.6297,59.1035,-1.3805,-2.4028,WIPRO
2025-08-25,241.53444435217955,247.9824331113351,241.53444435217955,244.6572265625,16391069,237.2739,244.6037,61.3722,-0.7491,-2.072,WIPRO
2025-08-26,243.8476307919132,245.60179867347316,242.21876481812083,242.9127197265625,15797327,237.3693,244.4921,58.5189,-0.3851,-1.7347,WIPRO
2025-08-28,242.90309136700975,243.2211552649585,240.06944455510003,241.5826416015625,5851451,237.3139,244.3536,67.0494,-0.2016,-1.428,WIPRO
2025-08-29,241.4380775577911,243.94402755887427,239.66464371134924,240.38751220703125,10117017,237.2758,244.216,61.7268,-0.1509,-1.1726,WIPRO
2025-09-01,240.39713361268923,243.8379945461304,240.37785300249388,241.30313110351562,3198345,237.3751,244.0214,70.2616,-0.0363,-0.9454,WIPRO
2025-09-02,241.30313615063423,243.99220041066695,240.57063472265182,241.85250854492188,5046939,237.7693,243.8196,67.9661,0.0976,-0.7368,WIPRO
2025-09-03,242.78742009478904,243.26933241312472,240.1079887813865,240.53207397460938,3862765,237.9384,243.6538,64.4224,0.0961,-0.5702,WIPRO
2025-09-04,240.47423269101952,241.28384180852458,235.5972826696918,236.1081085205078,5021036,237.8931,243.3668,55.2366,-0.2591,-0.508,WIPRO
2025-09-05,237.19723442771922,238.3731015889232,232.541959953142,234.85513305664062,6233782,238.0719,242.9708,44.3606,-0.6343,-0.5332,WIPRO
2025-09-08,235.52018364088656,238.05504708592366,233.4383189416955,233.7467498779297,6596932,238.0815,242.5695,45.0894,-1.0095,-0.6285,WIPRO
2025-09-09,236.1370355041378,240.81159086520373,236.1370355041378,240.13690185546875,12836972,238.5683,242.3615,53.3932,-0.7823,-0.6593,WIPRO
2025-09-10,240.28148764927843,247.8667976284456,240.23329347552675,246.49815368652344,15261331,239.2492,242.2632,57.0163,-0.0878,-0.545,WIPRO
2025-09-11,246.44995580925047,246.44995580925047,243.0476560300271,244.72471618652344,5865301,239.8367,242.1565,55.571,0.3158,-0.3728,WIPRO
2025-09-12,245.65962020455956,246.64271071347045,241.7464946585437,242.8259735107422,5345794,240.3326,241.9655,54.5082,0.477,-0.2029,WIPRO
2025-09-15,242.40189244691152,242.68139511631705,240.57063154772504,242.18984985351562,3700703,240.548,241.7608,46.0075,0.547,-0.0529,WIPRO
2025-09-16,242.88380847272802,245.29337006471937,241.14892118513487,244.8210906982422,7316998,240.9721,241.552,53.0018,0.8056,0.1188,WIPRO
2025-09-17,244.136782057369,246.25719330493672,243.70306391462964,244.95602416992188,7339871,241.3186,241.3894,55.5135,1.0098,0.297,WIPRO
2025-09-18,247.702927053092,250.4016242205289,246.73910243420838,247.6354522705078,10498239,241.612,241.2445,61.2981,1.372,0.512,WIPRO
2025-09-19,247.70293777600946,248.33906558164145,245.48613811525385,246.6234588623047,10741757,241.8997,241.1143,58.2685,1.5594,0.7215,WIPRO
2025-09-22,239.5586090738771,242.67175843739852,238.26708762979038,241.2742156982422,15784007,241.9812,240.9291,49.2179,1.2617,0.8295,WIPRO
2025-09-23,241.16820134485926,242.88380801860566,239.75137795487365,240.59954833984375,8674114,241.7783,240.858,50.0929,0.9603,0.8557,WIPRO
2025-09-24,239.34657654249048,240.1079915432284,235.41417021482334,235.7418670654297,7888797,241.4198,240.7663,49.5019,0.3257,0.7497,WIPRO
2025-09-25,236.57075171358017,236.75388074576497,232.5516047845229,233.2455596923828,7957740,241.0029,240.5652,47.8823,-0.3743,0.5249,WIPRO
2025-09-26,232.71544644179085,232.81183478439056,226.50841367235438,227.22164916992188,16999628,240.3446,240.1415,42.3984,-1.3991,0.1401,WIPRO
2025-09-29,228.3107813425008,232.07932444027642,227.74211363791463,230.97093200683594,8894412,239.828,239.8344,38.6217,-1.8869,-0.2653,WIPRO
2025-09-30,231.25044808511086,232.76365988982718,230.3540981932451,230.71070861816406,5590909,239.2709,239.402,26.9036,-2.2683,-0.6659,WIPRO
2025-10-01,231.317898033036,234.75875882553942,229.23603342110766,232.3491973876953,9479378,238.8618,239.1271,31.8233,-2.4106,-1.0149,WIPRO
2025-10-03,232.262451171875,232.6672557446049,229.44808506613637,232.262451171875,10968346,238.6695,238.8629,33.6124,-2.5016,-1.3122,WIPRO
2025-10-06,231.31791367809595,234.17084108444976,230.66251998193718,233.37086486816406,6064946,238.5953,238.5886,36.5164,-2.4559,-1.5409,WIPRO
2025-10-07,234.11300061064694,236.1370382497925,233.38049917419653,234.72021484375,6587728,238.6439,238.3328,33.9264,-2.2845,-1.6897,WIPRO
2025-10-08,234.45033594384577,237.43819811197406,233.7949422695343,235.43344116210938,7360563,238.4088,238.1414,35.1205,-2.0673,-1.7652,WIPRO
2025-10-09,235.16356780872852,237.8719125627567,234.36359163149092,237.4863739013672,4629760,237.9582,238.071,33.8249,-1.7097,-1.7541,WIPRO
2025-10-10,239.02851172567705,242.16094181885626,237.34181859858052,239.70318603515625,7070200,237.7071,238.0113,39.3787,-1.2333,-1.6499,WIPRO
2025-10-13,237.15867892104916,238.7393506780979,235.66474784844178,236.2623291015625,6717589,237.3789,237.9136,41.829,-1.1205,-1.544,WIPRO
2025-10-14,236.908088103363,241.10071626242086,236.2430467805369,239.4333038330078,7888607,237.2411,237.9159,48.2418,-0.7663,-1.3885,WIPRO
2025-10-15,240.9561596908066,243.00911087754727,239.5489692472217,241.1585693359375,13278925,237.058,238.0597,59.018,-0.3425,-1.1793,WIPRO
2025-10-16,241.34168090575858,244.87893023158037,239.79957032543737,244.62832641601562,10661302,237.0416,238.2093,68.3556,0.2702,-0.8894,WIPRO
2025-10-17,240.95615856523548,240.95615856523548,230.4601088864057,232.1853485107422,43802251,236.2691,238.1127,56.6315,-0.2454,-0.7606,WIPRO
2025-10-20,232.18534996856562,233.18773583029687,230.6143258054781,232.5130615234375,9871824,235.5636,238.1374,52.2676,-0.6204,-0.7326,WIPRO
2025-10-21,232.28173043872368,233.3997705132051,231.66488327811263,232.6287078857422,2082336,235.1313,238.1188,52.8323,-0.8979,-0.7656,WIPRO
2025-10-23,235.94426887525432,238.83574272248345,234.5659920272076,235.4623565673828,18964626,234.8744,238.2201,54.4405,-0.8791,-0.7883,WIPRO
2025-10-24,236.1370391631165,236.98520956097948,233.39978068775494,234.1901092529297,6803979,234.7968,238.2463,52.6596,-0.9558,-0.8218,WIPRO
2025-10-27,234.48889027997774,236.84062475552142,234.26721473060016,235.0864715576172,9550336,234.8889,238.2885,52.381,-0.9335,-0.8442,WIPRO
2025-10-28,234.8455107449142,235.84788188003014,232.6672576885254,233.61181640625,8780789,235.2084,238.3026,48.4671,-1.0231,-0.8799,WIPRO
2025-10-29,234.78768218729533,234.78768218729533,232.8985794701761,233.5154266357422,8776917,235.3356,238.2152,47.3013,-1.0892,-0.9218,WIPRO
2025-10-30,234.10335279619028,235.9153477216527,231.7998126269634,233.16844177246094,8344622,235.4585,238.1518,43.6182,-1.1563,-0.9687,WIPRO
2025-10-31,233.35159397498447,234.3925263946994,231.79983565116837,231.96368408203125,5659566,235.4392,238.0306,38.2085,-1.2919,-1.0333,WIPRO
2025-11-03,231.96366836605088,232.561234921276,230.83599533112778,231.79981994628906,4902693,235.4161,237.8312,42.447,-1.3964,-1.1059,WIPRO
2025-11-04,231.79982545899986,232.1275223063169,228.92763215541518,229.3131561279297,6848284,235.2132,237.6001,32.465,-1.6607,-1.2169,WIPRO
2025-11-06,231.31790995337695,231.91547651458157,229.74687110876866,231.36610412597656,7141517,235.0455,237.4345,33.2232,-1.6851,-1.3105,WIPRO
2025-11-07,230.06493493145234,230.59504141629742,227.46261138660896,227.9348907470703,5520619,234.6706,237.1001,21.3625,-1.9588,-1.4402,WIPRO
2025-11-10,228.85052305418253,232.81184288134213,228.44571847341837,231.1636962890625,8566758,234.3544,236.8651,47.4371,-1.8933,-1.5308,WIPRO
2025-11-11,232.37812434127608,233.29375479906906,230.1709577011974,232.94677734375,8831094,234.0166,236.6924,51.014,-1.6781,-1.5603,WIPRO
2025-11-12,233.96842732113487,237.39000767542942,233.34194719866818,236.3490753173828,13152546,234.021,236.6116,57.5391,-1.219,-1.492,WIPRO
2025-11-13,237.10085410780368,237.10085410780368,235.17320488741504,236.45509338378906,6211124,233.872,236.5147,52.2617,-0.837,-1.361,WIPRO
2025-11-14,235.09609753988767,237.00446615330358,233.39012385913895,235.52981567382812,6841554,233.5906,236.3882,53.1013,-0.602,-1.2092,WIPRO
2025-11-17,235.14429729370875,235.92499289469308,233.91060293789207,235.22140502929688,6559062,233.1203,236.282,50.3211,-0.4356,-1.0545,WIPRO
2025-11-18,234.14191134174817,235.17321075966981,231.6070625542637,232.1853485107422,4730012,233.1203,236.2035,46.8403,-0.5424,-0.9521,WIPRO
2025-11-19,232.47448403171438,237.92010169243312,231.83835628399785,237.16831970214844,13298452,233.353,236.2498,56.6515,-0.2224,-0.8061,WIPRO
2025-11-20,238.54660356238765,238.8357539020045,236.82136389044234,237.35145568847656,6705862,233.5892,236.3219,57.6625,0.0454,-0.6358,WIPRO
2025-11-21,236.13703782780354,238.30564327724255,234.7973221606442,235.64549255371094,5516450,233.5983,236.2321,56.6227,0.1186,-0.4849,WIPRO
2025-11-24,236.15631523428277,240.3585912142264,236.15631523428277,238.32492065429688,19711070,233.8051,236.0686,60.7631,0.3884,-0.3103,WIPRO
2025-11-25,239.02851779723068,239.02851779723068,235.1732191230818,236.75389099121094,8188793,233.8884,235.9092,62.6558,0.47,-0.1542,WIPRO
2025-11-26,237.1008697491384,241.48627495618317,236.734611666928,241.13929748535156,8202096,234.2648,235.8755,65.401,0.8784,0.0523,WIPRO
2025-11-27,241.34168313978205,242.80670070542558,238.72972661020898,240.53207397460938,5268129,234.6156,235.8423,71.7906,1.1399,0.2698,WIPRO
2025-11-28,241.91998195093092,242.87417362837147,239.60680872336184,240.50315856933594,7049965,234.9824,235.7559,68.1665,1.3295,0.4818,WIPRO
2025-12-01,241.05254706736605,241.67902719732234,239.85739922566225,241.2260284423828,3865446,235.4455,235.6813,66.797,1.5206,0.6895,WIPRO
2025-12-02,240.9561467022455,242.35368941175932,239.8670202129766,241.1199951171875,8535708,235.9115,235.551,61.1738,1.6445,0.8805,WIPRO
2025-12-03,241.5344471782291,247.82822054940962,241.48625300756112,245.4764862060547,17215454,236.7197,235.5281,67.6204,2.0704,1.1185,WIPRO
2025-12-04,246.73910243420838,249.43779960164528,246.25719012476657,247.6354522705078,10687381,237.5331,235.6553,72.5575,2.5527,1.4053,WIPRO
2025-12-05,248.8595432100732,251.6546288888935,248.3776308718768,250.50767517089844,7886562,238.6618,235.8535,76.0,3.1306,1.7504,WIPRO
2025-12-08,250.60404922775925,253.55335021621693,250.31488419317733,251.9244842529297,9684253,239.6998,236.1771,85.5308,3.6607,2.1324,WIPRO
2025-12-09,251.92449916372735,252.34858437534015,247.7511218343546,248.09811401367188,8560580,240.4574,236.4742,70.5286,3.729,2.4518,WIPRO
2025-12-10,248.67640501776216,250.95101705182338,247.94388887830812,248.64749145507812,7944200,241.0723,236.9027,70.9286,3.7839,2.7182,WIPRO
2025-12-11,248.96553874623277,250.57513882628783,248.39688574205348,249.8715362548828,6473376,241.7431,237.2807,76.8363,3.8815,2.9508,WIPRO
2025-12-12,250.1124708276669,251.38472629345097,248.04987217129656,251.1726837158203,4008271,242.5253,237.6899,75.5657,4.0175,3.1642,WIPRO
2025-12-15,250.5847607240754,253.0039700019681,249.1872326331733,252.27145385742188,4023911,243.3778,238.0884,81.4699,4.1659,3.3645,WIPRO
2025-12-16,252.27144831941544,252.28109597802998,249.43780156451172,249.84262084960938,2982041,244.2606,238.44,69.1719,4.0409,3.4998,WIPRO
2025-12-17,249.63059259070548,252.64736855096913,248.96555120716388,251.6931915283203,4923276,244.9869,238.8064,73.3092,4.0446,3.6087,WIPRO
2025-12-18,251.7317053463729,255.40387476855722,251.5582239753074,254.3051300048828,9008412,245.8346,239.1981,76.0175,4.2097,3.7289,WIPRO
2025-12-19,257.3411791797771,257.3411791797771,253.77501624218536,254.88343811035156,12750745,246.7965,239.5871,75.886,4.3373,3.8506,WIPRO
2025-12-22,257.8327224357675,263.220498300555,257.1483858071697,262.8060607910156,14651313,248.0205,240.0935,81.708,5.0198,4.0844,WIPRO
2025-12-23,262.1603013976354,262.62294781252496,260.43504706071974,261.5820007324219,7572420,249.2619,240.5311,75.9231,5.3996,4.3475,WIPRO
2025-12-24,261.1386430787878,261.1772042991256,257.53394843742046,258.3628234863281,4694861,250.1231,240.9731,66.6967,5.3789,4.5538,WIPRO
2025-12-26,257.5339390398559,259.1531572718402,256.1267339780104,256.6664733886719,2899112,250.9298,241.3178,59.9501,5.1661,4.6762,WIPRO
2025-12-29,256.3677081449363,257.71708618004163,254.0641825363549,254.68101501464844,3755074,251.6387,241.5882,54.3731,4.7821,4.6974,WIPRO
2025-12-30,254.44971023637032,255.1436651681042,253.50515148068982,254.11236572265625,5117699,252.283,241.7779,60.6412,4.3813,4.6342,WIPRO
2025-12-31,254.4497074877141,255.0280081601777,251.80883736022957,253.75575256347656,5705044,252.9148,242.2093,59.1003,3.989,4.5052,WIPRO
2026-01-01,254.93162167792454,258.35318744351383,254.20875318545407,257.67852783203125,3639755,253.5249,242.7126,62.688,3.9491,4.3939,WIPRO
2026-01-02,257.6784942347598,262.5457963506695,256.52189303217216,259.268798828125,8286204,254.1066,243.2454,63.0354,3.9997,4.3151,WIPRO
2026-01-05,259.7025384483251,259.89528571142137,252.23289813734945,253.77499389648438,7006599,254.2699,243.6117,52.1207,3.5555,4.1632,WIPRO
2026-01-06,253.7750070466501,256.4737335921618,253.4376919653548,255.9918212890625,4083654,254.4733,244.0477,58.7254,3.3438,3.9993,WIPRO
2026-01-07,255.41352165429623,262.6422062294178,254.93160934928812,261.0036926269531,10242615,255.1186,244.5661,62.1235,3.5396,3.9073,WIPRO
2026-01-08,261.1000693171532,261.1000693171532,251.89555646775491,252.71481323242188,9269522,255.322,244.9481,48.1959,2.9915,3.7242,WIPRO
2026-01-09,251.89557628471195,254.40152623877253,251.02813998888934,252.473876953125,4735387,255.4521,245.3273,47.2455,2.5087,3.4811,WIPRO
2026-01-12,251.2690718368111,254.9315933597185,249.67873779915746,253.58224487304688,3802164,255.5726,245.7356,37.5097,2.1903,3.2229,WIPRO
2026-01-13,253.9196028628292,255.2689514213191,251.84735644009945,254.64247131347656,6931244,255.6911,246.1891,40.5611,2.0005,2.9784,WIPRO
2026-01-14,254.44969209149082,254.44969209149082,250.2088697726844,250.78717041015625,5625861,255.7383,246.5689,39.8711,1.5214,2.687,WIPRO
2026-01-15,250.78717041015625,250.78717041015625,250.78717041015625,250.78717041015625,0,255.693,246.9984,41.7657,1.1287,2.3754,WIPRO
2026-01-16,253.72682723776734,260.0398666343716,253.4858710865444,257.77490234375,12028289,255.8665,247.5265,53.8006,1.3656,2.1734,WIPRO
2026-01-19,242.88379986846235,242.88379986846235,232.81183571210164,237.0526580810547,65833247,254.975,247.7089,35.9835,-0.1174,1.7153,WIPRO
2026-01-20,237.05265351593278,237.10084768649656,230.73959954877458,231.2215118408203,16796201,253.3958,247.7101,33.0136,-1.7431,1.0236,WIPRO
2026-01-21,231.22151557682048,233.82385376135193,229.00473076302887,230.88418579101562,14397792,251.8609,247.6688,28.6482,-3.0239,0.2141,WIPRO
2026-01-22,233.24555079315903,234.11298704148953,230.54683899964755,231.9443817138672,8537915,250.5399,247.5807,28.0403,-3.9083,-0.6104,WIPRO
2026-01-23,233.53469674981093,234.73947746487724,229.24568034553408,229.77577209472656,13546802,249.1954,247.4471,29.6236,-4.7297,-1.4342,WIPRO
2026-01-27,232.54415887455278,233.73060566282555,229.133118700835,232.148681640625,15677537,248.0688,247.3795,29.8096,-5.13,-2.1734,WIPRO
2026-01-28,232.8407751991807,235.41142248862946,232.29698268566392,234.66989135742188,10155128,247.0967,247.3685,26.7184,-5.1841,-2.7755,WIPRO
2026-01-29,233.53286864540675,238.179794065089,232.79133751184608,237.09222412109375,12201949,246.2635,247.4666,34.5896,-4.9741,-3.2152,WIPRO
2026-01-30,235.31254535287096,235.31254535287096,232.64303630103964,234.22496032714844,11362317,245.0908,247.4077,32.8857,-4.9817,-3.5685,WIPRO
2026-02-02,241.24479625234574,241.32389471723346,236.58797408007496,239.56399536132812,12335721,244.1056,247.452,37.8199,-4.5049,-3.7558,WIPRO
2026-02-03,256.28304914464417,256.9553936654125,239.54422622894785,239.94960021972656,25915412,243.4143,247.5381,37.0823,-4.0493,-3.8145,WIPRO
2026-02-04,233.2461570142917,233.25603866523716,223.70511375338745,230.70516967773438,25995324,242.15,247.3857,33.8725,-4.3836,-3.9283,WIPRO
2026-02-05,230.70516972657904,232.90999989357695,229.0836888682677,230.75460815429688,10102736,240.6375,247.2657,33.9249,-4.5916,-4.061,WIPRO
2026-02-06,230.29979806673384,230.29979806673384,226.01870475724127,228.11476135253906,12279085,239.4075,247.0052,24.414,-4.9129,-4.2314,WIPRO
2026-02-09,229.23199706912882,230.29978862509608,227.0172853196085,227.4819793701172,9112474,238.1579,246.7442,37.3645,-5.1591,-4.4169,WIPRO
2026-02-10,227.38311204673963,230.23059654595468,224.63450440404904,228.85629272460938,12435622,236.9216,246.5113,46.4609,-5.1835,-4.5702,WIPRO
2026-02-11,228.85628607253213,230.36900839714787,226.90852973023792,227.21502685546875,7874912,235.5502,246.231,44.716,-5.2745,-4.7111,WIPRO
2026-02-12,223.64579895262358,223.70511903267632,216.03274858721431,216.606201171875,40899346,233.8412,245.7408,32.6757,-6.132,-4.9953,WIPRO
2026-02-13,208.27137256697807,214.035543080168,206.64989175146505,211.6725311279297,23721186,231.8855,245.0647,30.7547,-7.1275,-5.4217,WIPRO
2026-02-16,212.19654190349303,214.4606920536062,207.73747350293795,210.85189819335938,20754327,229.5393,244.329,26.587,-7.8917,-5.9157,WIPRO
2026-02-17,210.85190209079795,216.91268809220367,209.8631939058503,213.2544708251953,26941553,228.3494,243.584,26.395,-8.2089,-6.3744,WIPRO
2026-02-18,213.75871154399292,213.95645016828723,207.8857823748628,209.55670166015625,22679760,227.2662,242.7366,20.4792,-8.6588,-6.8312,WIPRO
2026-02-19,211.5835471232585,213.00728929344024,208.02419169780424,208.82505798339844,14151588,226.1632,241.9511,21.462,-8.9709,-7.2592,WIPRO
2026-02-20,207.33211373068798,209.56660399572445,205.89848980814543,207.4903106689453,17690420,224.9405,241.128,10.4005,-9.2198,-7.6513,WIPRO
2026-02-23,207.98465123840498,209.34907334064056,201.97330375460703,203.56512451171875,20946229,223.63,240.2019,8.6889,-9.6228,-8.0456,WIPRO
2026-02-24,200.70775660195747,200.9944753304764,197.10885950083022,197.8800506591797,25036686,221.9165,239.136,9.4529,-10.2824,-8.4929,WIPRO
2026-02-25,199.0368410208734,203.1597523152721,199.0368410208734,199.63995361328125,13979068,220.165,238.0834,13.124,-10.5416,-8.9027,WIPRO
2026-02-26,201.40975565647489,202.31936539730586,196.87157351677192,198.8094482421875,14378069,218.2509,237.0627,13.7121,-10.6908,-9.2603,WIPRO
2026-02-27,201.69647751747044,201.69647751747044,197.7910830534253,198.69081115722656,13288519,216.4742,236.0027,13.8889,-10.6953,-9.5473,WIPRO
2026-03-02,192.79809388477366,198.0975702996301,192.50147841534536,196.32778930664062,10486866,214.3124,234.8431,10.1888,-10.7654,-9.7909,WIPRO
2026-03-04,193.79668574400895,194.8941524318745,192.31362346778468,193.34188842773438,19562075,211.982,233.6123,9.8641,-10.9359,-10.0199,WIPRO
2026-03-05,194.18228431846163,194.74585523360835,191.03819948603214,193.4704132080078,13149281,210.1203,232.2256,13.5287,-10.9346,-10.2029,WIPRO
2026-03-06,193.39132670391479,196.68371167846257,192.79809575929033,193.19357299804688,9022914,208.2422,230.8578,15.8568,-10.8311,-10.3285,WIPRO
2026-03-09,191.8093886657331,197.24728370522553,190.85034051548527,196.50575256347656,25862728,206.6618,229.6207,25.7277,-10.3623,-10.3353,WIPRO
2026-03-10,198.23599552495915,199.03684675887746,195.1907724366907,198.6611328125,12982340,205.2207,228.4606,25.1012,-9.705,-10.2092,WIPRO
2026-03-11,200.40126932343745,203.62445265408158,199.30380260783787,199.9464569091797,29199002,203.7752,227.3659,32.1324,-8.9769,-9.9627,WIPRO
2026-03-12,198.78967321086512,201.49873917722337,197.44502942203997,200.22329711914062,19042475,202.4256,226.2881,33.7322,-8.282,-9.6266,WIPRO
2026-03-13,198.33487150232247,199.78827376725542,193.82634942522014,195.34896850585938,12629652,201.3628,225.12,29.7493,-8.0321,-9.3077,WIPRO
2026-03-16,194.02410546172283,196.05094523243446,190.59328675018614,192.9068603515625,12631649,200.4245,223.8245,31.2977,-7.9395,-9.0341,WIPRO
2026-03-17,192.79809150296356,192.90685000419404,186.12431141247635,189.15965270996094,21778468,199.3399,222.4223,33.5815,-8.0755,-8.8423,WIPRO
2026-03-18,190.8206791535338,195.76422006424713,190.5141820309079,192.1060028076172,24529164,198.2825,221.189,36.422,-7.8549,-8.6448,WIPRO
2026-03-19,189.81219692550877,190.61304815752558,185.560748627745,186.2825164794922,13685195,197.1188,219.7948,30.8668,-8.0571,-8.5273,WIPRO
2026-03-20,189.0311185851019,190.12858526393205,186.28251106271452,188.744384765625,24395304,196.1147,218.3496,35.823,-7.9274,-8.4073,WIPRO
2026-03-23,187.27122739211956,188.4675558887426,184.88843696343739,185.42233276367188,12014988,195.0113,217.0037,34.8697,-8.0004,-8.3259,WIPRO
2026-03-24,189.33762442635032,189.33762442635032,185.67940702392252,186.60879516601562,11843191,194.1635,215.6864,40.1675,-7.8717,-8.2351,WIPRO
2026-03-25,186.8658447771559,188.46754719042633,185.7782597517936,186.915283203125,13862888,193.6153,214.3531,40.4769,-7.6568,-8.1194,WIPRO
2026-03-27,186.91528404898315,190.11868889002054,185.7782605925063,189.43649291992188,26269256,193.1051,213.049,44.876,-7.2,-7.9356,WIPRO
2026-03-30,187.84468006738422,189.46616094402066,184.3940829499458,185.52120971679688,27946986,192.4407,211.7437,35.2613,-7.0725,-7.7629,WIPRO
2026-04-01,189.34750048944647,192.29386176497866,188.25993052973445,189.02122497558594,11769673,191.9572,210.5083,37.516,-6.6127,-7.5329,WIPRO
2026-04-02,188.3489148575087,193.1342589948106,186.4505968960953,192.70912170410156,16623045,191.7763,209.207,41.1765,-5.8829,-7.2029,WIPRO
2026-04-06,194.7755218511451,198.90831502251189,193.89557212745996,195.06224060058594,23282287,191.8623,208.3672,44.011,-5.0564,-6.7736,WIPRO
2026-04-07,194.785393724234,202.95213297211242,194.785393724234,202.40834045410156,24771466,192.3092,207.791,57.7474,-3.7652,-6.1719,WIPRO
2026-04-08,205.35468616494666,206.64000981747287,200.51002211291274,201.12301635742188,22084158,192.7057,207.1957,59.2518,-2.8132,-5.5002,WIPRO
2026-04-09,201.40974996967785,201.8546656333442,199.35323514506428,200.5792236328125,14540807,192.9093,206.5684,63.8589,-2.0787,-4.8159,WIPRO
2026-04-10,206.34340110912888,206.34340110912888,198.35463693487117,202.56654357910156,51219565,193.1046,206.0242,62.9976,-1.321,-4.1169,WIPRO
2026-04-13,200.71764227509874,201.10323786200135,198.04813320527367,200.6781005859375,21930624,193.1412,205.3948,69.8257,-0.8629,-3.4661,WIPRO
2026-04-15,204.1682443539207,208.11319552342096,202.78405890137145,207.3815460205078,27890080,193.4991,204.8491,72.9822,0.0405,-2.7648,WIPRO
2026-04-16,210.57506011256086,210.57506011256086,205.85893304222714,207.88577270507812,36305074,194.1259,204.2649,79.7694,0.7881,-2.0542,WIPRO
2026-04-17,202.6851774819952,204.11880132981383,200.2134070248977,202.0128631591797,80542603,194.5812,203.6207,68.1585,0.8964,-1.4641,WIPRO
2026-04-20,202.19082884058898,202.8829215699336,199.71905831686541,200.19363403320312,27927164,195.1329,202.8333,65.1137,0.8259,-1.0061,WIPRO
2026-04-21,200.70777025254299,203.37727945042653,200.1936377498463,202.695068359375,21530723,195.6624,202.0882,65.0979,0.9607,-0.6127,WIPRO
2026-04-22,201.20211806951784,203.06089430736998,199.91679439624752,201.69647216796875,21790433,196.4331,201.508,69.7299,0.9758,-0.295,WIPRO
2026-04-23,201.69647787313727,202.58630924092267,200.01567690815918,200.47047424316406,20307250,197.0194,200.9023,64.7855,0.8787,-0.0603,WIPRO
2026-04-24,200.46059172429597,200.46059172429597,195.64558751770736,197.10887145996094,39363394,197.6037,200.2822,55.7301,0.5244,0.0567,WIPRO
2026-04-27,197.1088670767416,202.9323577630474,197.1088670767416,202.734619140625,42632215,198.41,199.7873,59.2074,0.6897,0.1833,WIPRO
2026-04-28,202.25014872750128,203.35749709340243,198.7501283072838,199.30380249023438,23455983,199.0294,199.1962,45.8879,0.5376,0.2541,WIPRO
2026-04-29,199.30380212644286,201.30099692828904,198.03825682872588,198.41395568847656,15667662,199.4783,198.6202,46.3737,0.3413,0.2716,WIPRO
2026-04-30,198.6215879996505,199.8673548898837,197.74163831261896,198.38429260253906,15300274,200.1215,198.2558,47.0209,0.1813,0.2535,WIPRO
2026-05-01,198.38429260253906,198.38429260253906,198.38429260253906,198.38429260253906,0,200.5896,197.99,44.0,0.0539,0.2136,WIPRO
2026-05-04,200.11453203796404,201.0735801911796,197.80095848930563,198.48316955566406,8446995,200.8783,197.7426,46.6806,-0.0387,0.1631,WIPRO
2026-05-05,197.74164115770049,200.015673048312,197.34616390998104,197.5241241455078,8899200,201.0014,197.428,31.958,-0.1873,0.093,WIPRO
2026-05-06,198.2458705308143,198.85887985748613,196.01139548878703,196.87156677246094,13166683,200.7246,197.1743,29.9496,-0.3536,0.0037,WIPRO
2026-05-07,197.2472894503983,198.01848065336037,194.96337588112686,195.13145446777344,19303572,200.425,196.9004,35.2542,-0.6187,-0.1208,WIPRO
2026-05-08,195.76422731131214,196.69361545076993,194.47890360964692,195.6752471923828,15970687,200.1798,196.6641,39.758,-0.776,-0.2518,WIPRO
2026-05-11,195.64558361432836,196.00151917009842,193.93510756456368,194.45912170410156,9199527,199.7744,196.482,30.1761,-0.9874,-0.3989,WIPRO
2026-05-12,193.88567590965667,193.92521759794002,186.964718800399,187.42941284179688,27435195,199.112,196.273,23.3862,-1.7025,-0.6597,WIPRO
2026-05-13,188.51698520689447,189.13987618247523,185.19492514794618,185.6793975830078,17242394,198.0269,195.9938,22.9378,-2.383,-1.0043,WIPRO
2026-05-14,186.12431340514985,188.03251293586302,184.88842818997622,186.1737518310547,18280387,196.9413,195.7411,27.6475,-2.8496,-1.3734,WIPRO
2026-05-15,187.75567637057486,189.73309272028703,186.66810643012684,187.85455322265625,17902610,196.2334,195.5244,13.735,-3.0486,-1.7084,WIPRO
2026-05-18,188.83337738613744,190.57349832099325,187.0635813268366,190.0000457763672,16327369,195.7237,195.3978,25.8098,-2.9986,-1.9665,WIPRO
2026-05-19,190.22744541611505,195.76421718940094,190.22744541611505,192.96617126464844,20534622,195.2372,195.3903,37.2158,-2.6886,-2.1109,WIPRO
2026-05-20,192.41249770295815,195.70489772176057,191.81926676594372,194.89414978027344,16201692,194.8971,195.4188,42.4798,-2.2614,-2.141,WIPRO
2026-05-21,196.25856981438196,197.7811737431486,195.269861654108,197.4845733642578,18980608,194.7478,195.5046,48.256,-1.6942,-2.0516,WIPRO
2026-05-22,197.74164513500358,203.08066351905256,196.58485832134264,200.8165283203125,40014399,194.9332,195.5908,54.0191,-0.9647,-1.8342,WIPRO
2026-05-25,204.6625914594157,207.18380031353246,201.7557870219509,204.50439453125,72041558,195.0217,195.7077,60.99,-0.088,-1.485,WIPRO
2026-05-26,204.65271807734212,206.33351901916558,200.64844680449008,201.4295196533203,46458415,195.128,195.7373,56.6676,0.3546,-1.1171,WIPRO
2026-05-27,201.54817434786398,203.66400931070504,197.9393803347562,199.30380249023438,39465643,195.1725,195.7189,56.0355,0.5277,-0.7881,WIPRO
2026-05-28,199.30380249023438,199.30380249023438,199.30380249023438,199.30380249023438,0,195.2185,195.798,55.3327,0.6574,-0.499,WIPRO
2026-05-29,208.6174296235513,208.6174296235513,201.35041833903546,201.9436492919922,82734524,195.3964,195.9788,60.5579,0.9621,-0.2068,WIPRO
2026-06-01,202.78406404150158,205.40413481684354,202.78406404150158,204.0792694091797,26491139,195.6762,196.2772,77.2492,1.3602,0.1066,WIPRO
2026-06-02,205.65130059655002,207.80667717859504,204.1781199832558,207.47052001953125,42476874,196.1735,196.5845,83.8452,1.9271,0.4707,WIPRO
2026-06-03,205.6513050563035,206.046782300662,199.71905587198705,201.79534912109375,62282204,196.4197,196.8947,70.8995,1.8966,0.7559,WIPRO
2026-06-04,200.7077611163172,202.7741575976932,199.81792978635795,202.0128631591797,40659957,196.7638,197.1601,69.7137,1.8684,0.9784,WIPRO
2026-06-05,189.3573934689589,196.7529263768986,186.0254366679845,196.13003540039062,43539069,196.7865,197.3742,57.7307,1.3558,1.0539,WIPRO
2026-06-08,191.20627694364634,191.70063104041222,178.95618302924748,179.7075958251953,75164049,196.049,197.2362,37.5163,-0.3714,0.7688,WIPRO
2026-06-09,181.8926537660442,182.26836772005944,178.5607118680362,179.61862182617188,28381665,195.6584,197.0903,35.1013,-1.7274,0.2696,WIPRO
2026-06-10,180.04376407844163,180.2316059583898,176.4844086261751,176.9095458984375,16935979,195.2199,196.8397,29.9788,-2.9863,-0.3816,WIPRO
2026-06-11,174.9716949876097,176.18780187459916,173.844568219707,175.36717224121094,14468882,194.6796,196.6367,24.3421,-4.0616,-1.1176,WIPRO
2026-06-12,176.63271533495106,178.4123931267533,175.5649237463597,178.10589599609375,13850153,194.1922,196.4184,22.8658,-4.6393,-1.8219,WIPRO
2026-06-15,180.93359633950593,180.93359633950593,178.86719987092152,179.33189392089844,13870660,193.6588,196.1508,26.3892,-4.9412,-2.4458,WIPRO
2026-06-16,180.33049322515495,181.30931980268286,179.57908040249603,180.60733032226562,11706020,193.0408,195.8617,29.6535,-5.0197,-2.9606,WIPRO
2026-06-17,181.92231459128,183.15819988062296,181.50705894443965,182.3870086669922,16131548,192.4155,195.4613,32.2768,-4.8821,-3.3449,WIPRO
2026-06-18,182.38700509722617,182.6737238406862,179.65817586290345,180.77540588378906,18165845,191.58,195.0543,27.3343,-4.8471,-3.6453,WIPRO
2026-06-19,174.7640487007675,179.43075241675308,172.91516927167407,178.75843811035156,37469436,190.4771,194.6179,22.8189,-4.9254,-3.9013,WIPRO
2026-06-22,178.7979825340377,180.34036487136882,177.96747128878084,178.1454315185547,10368112,189.1592,194.1295,16.5237,-4.9795,-4.117,WIPRO
2026-06-23,177.47312174316596,177.47312174316596,172.03522664797148,172.5196990966797,23954730,187.7137,193.5663,16.5424,-5.414,-4.3764,WIPRO
2026-06-24,169.56345003957682,173.50840104306232,169.553568389078,172.50979614257812,56627728,186.374,192.8689,16.1217,-5.6934,-4.6398,WIPRO
2026-06-25,174.01264927455358,174.39824488255462,170.74002743214902,173.02394104003906,21544904,185.06,192.1717,19.7359,-5.8065,-4.8731,WIPRO
2026-06-26,173.02394104003906,173.02394104003906,173.02394104003906,173.02394104003906,0,183.614,191.5919,34.6364,-5.8289,-5.0643,WIPRO
2026-06-29,174.2894741882829,174.6948481568508,172.62845171194016,173.49850463867188,24484011,182.0849,191.058,36.1769,-5.7421,-5.1998,WIPRO
2026-06-30,173.02393352580475,173.41941076783928,168.12983099480138,168.4659881591797,26845383,180.1347,190.3734,32.7405,-6.0102,-5.3619,WIPRO
2026-07-01,169.0690946075389,170.2061029518828,167.33885533523951,168.20892333984375,34638511,178.4554,189.7036,34.5563,-6.1722,-5.524,WIPRO
2026-07-02,167.57616384420143,172.99428073688537,167.0916913788894,172.0352325439453,43447174,176.9565,189.1349,37.4898,-5.9236,-5.6039,WIPRO
2026-07-03,174.21037599219633,176.1284722498395,172.61855524001209,174.09173583984375,29538753,175.8546,188.6746,39.5587,-5.4973,-5.5826,WIPRO
2026-07-06,174.09174456499278,174.30926157953363,171.61009237280982,172.35162353515625,8304046,175.4868,188.0669,33.8491,-5.2394,-5.5139,WIPRO
2026-07-07,171.93635542159686,174.210387371323,170.81912537882604,171.04652404785156,18837725,175.0582,187.5018,27.3946,-5.0818,-5.4275,WIPRO
2026-07-08,171.04652093074372,173.4194146084817,170.29510811964104,170.76968383789062,16482564,174.7512,186.9489,28.9342,-4.9224,-5.3265,WIPRO
2026-07-09,171.0465147541525,172.32194166541998,169.71175267956764,170.80921936035156,10270117,174.5233,186.3974,31.7438,-4.7384,-5.2089,WIPRO
2026-07-10,173.25133076236907,175.21886547857812,173.0239321043918,173.47874450683594,16249590,174.292,185.8993,40.2075,-4.3272,-5.0325,WIPRO
2026-07-13,172.62845263285115,177.91803229401972,172.39115724075515,176.41519165039062,22417855,174.1461,185.4579,59.2142,-3.7215,-4.7703,WIPRO
2026-07-14,176.48441426759663,178.46183067395626,174.71463322196033,175.1397705078125,14461463,173.8727,185.0102,55.8694,-3.3063,-4.4775,WIPRO
2026-07-15,173.14258103959983,174.60588008759453,172.51970511124802,172.67788696289062,10398720,173.3873,184.5264,49.2895,-3.1397,-4.2099,WIPRO
2026-07-16,173.61716675469336,175.98017876012347,173.42930978198925,175.73300170898438,11184572,173.1352,184.1384,54.9423,-2.7296,-3.9139,WIPRO
2026-07-17,171.59031737522906,174.26970824635646,171.59031737522906,174.0126495361328,22960032,172.8979,183.7051,50.8972,-2.5145,-3.634,WIPRO
2026-07-20,175.0013456767054,175.79231522813527,173.8643373184864,174.3883514404297,10183661,172.71,183.3037,62.3404,-2.2874,-3.3647,WIPRO
2026-07-21,174.12140471814374,175.49570853646264,172.52958388514213,172.99427795410156,11350578,172.7337,183.015,59.5201,-2.1945,-3.1307,WIPRO
2026-07-22,172.79653613611436,172.984393107733,171.46177403307956,172.4702606201172,5057035,172.7318,182.7508,50.9964,-2.1386,-2.9322,WIPRO
2026-07-23,171.84737282841516,173.5776122086231,171.3530187197843,172.84597778320312,9055905,172.7229,182.4843,46.9088,-2.0404,-2.7539,WIPRO
2026-07-24,172.0352302981391,175.89118632194962,170.84878345131204,175.1199951171875,13282944,172.8277,182.2296,56.6921,-1.7588,-2.5549,WIPRO
2026-07-27,177.5,178.77999877929688,175.61000061035156,178.52999877929688,12504426,173.0793,182.0002,66.4193,-1.2462,-2.2931,WIPRO
2026-07-28,178.5500030517578,181.6999969482422,178.5500030517578,181.1199951171875,26873060,173.712,181.7633,70.6167,-0.6237,-1.9592,WIPRO
2026-07-29,183.0,185.75999450683594,181.4499969482422,183.61000061035156,26147867,174.482,181.5376,73.23,0.0697,-1.5534,WIPRO
2026-07-30,183.39999389648438,191.33999633789062,183.39999389648438,186.3300018310547,54015268,175.1967,181.3145,73.2789,0.8292,-1.0769,WIPRO
2026-07-31,184.85000610351562,185.24000549316406,180.8300018310547,183.64999389648438,18762810,175.6747,180.9712,63.2281,1.201,-0.6213,WIPRO
2026-08-03,184.02000427246094,189.80999755859375,184.02000427246094,188.66000366210938,15840516,176.4901,180.6543,71.7501,1.8783,-0.1214,WIPRO
2026-08-04,189.0,189.39999389648438,186.3000030517578,186.3000030517578,11903457,177.2528,180.3517,71.986,2.1992,0.3427,WIPRO
2026-08-05,187.0,188.5399932861328,186.07000732421875,186.99000549316406,8829250,178.0638,180.1054,69.6705,2.4807,0.7703,WIPRO
2026-08-06,186.0,188.24000549316406,185.41000366210938,186.1199951171875,6629768,178.8293,179.8417,71.8044,2.6035,1.1369,WIPRO
2026-08-07,185.8699951171875,188.3699951171875,185.64999389648438,187.52999877929688,7823102,179.5319,179.5535,72.817,2.7825,1.4661,WIPRO
2026-08-10,187.52999877929688,187.88999938964844,185.0,185.5,5337618,179.9861,179.1819,71.2438,2.7292,1.7187,WIPRO
2026-08-11,185.5,187.47999572753906,183.30999755859375,184.60000610351562,9182421,180.4591,178.7245,70.3453,2.5844,1.8918,WIPRO
2026-08-12,184.50999450683594,185.0,181.91000366210938,183.94000244140625,8624548,181.0222,178.3674,68.4323,2.389,1.9913,WIPRO
2026-08-13,183.49000549316406,183.75,181.72000122070312,183.10000610351562,5434084,181.3906,177.9891,63.9218,2.1416,2.0213,WIPRO
2026-08-14,183.5500030517578,185.83999633789062,183.10000610351562,184.0,7366162,181.8899,177.7465,60.4589,1.9951,2.0161,WIPRO
2026-08-17,183.5,183.7100067138672,181.0,181.89999389648438,4436515,182.2655,177.7904,51.5199,1.6902,1.9509,WIPRO
2026-08-18,181.89999389648438,181.99000549316406,178.05999755859375,178.05999755859375,7074731,182.5188,177.7592,39.726,1.1256,1.7858,WIPRO
2026-08-19,179.05999755859375,179.9499969482422,178.22000122070312,179.5500030517578,5964187,182.8728,177.812,36.8503,0.7894,1.5865,WIPRO
2026-08-20,181.55999755859375,182.4600067138672,180.50999450683594,181.0,5364164,183.2805,177.9246,44.6029,0.6326,1.3958,WIPRO
2026-08-21,180.60000610351562,181.75999450683594,180.0,180.7899932861328,4635652,183.564,177.9783,30.0759,0.4858,1.2138,WIPRO
2024-08-21,2641.742926879829,2685.555887581203,2635.449584394862,2681.80859375,1417729,2681.8086,2681.8086,,0.0,0.0,HINDUNILVR
2024-08-22,2693.0980594265625,2699.8718060680067,2673.065343530661,2683.345947265625,1552947,2682.5773,2682.5773,,0.1226,0.0245,HINDUNILVR
2024-08-23,2689.495041641558,2710.440713352591,2662.7366663031476,2705.25244140625,2111401,2690.1357,2690.1357,,1.9649,0.4126,HINDUNILVR
2024-08-26,2705.252661115509,2723.84416591014,2693.7229584562397,2710.5849609375,1152244,2695.248,2695.248,,3.8112,1.0923,HINDUNILVR
2024-08-27,2698.9110690675607,2713.419371206562,2651.39913578788,2658.4609375,1357212,2687.8906,2687.8906,,1.0563,1.0851,HINDUNILVR
2024-08-28,2651.8313756571047,2672.728959867446,2638.139854967571,2656.010986328125,1723549,2682.5773,2682.5773,,-1.3096,0.6061,HINDUNILVR
2024-08-29,2661.391380337622,2699.871806559106,2637.419255873575,2676.091796875,2129934,2681.6508,2681.6508,,-1.5464,0.1756,HINDUNILVR
2024-08-30,2686.132239865862,2705.9249885246168,2651.9275984762385,2669.1259765625,4029712,2680.0852,2680.0852,,-2.27,-0.3135,HINDUNILVR
2024-09-02,2684.499119525131,2698.815073255556,2670.086991109642,2679.7431640625,957950,2680.0472,2680.0472,,-1.9641,-0.6436,HINDUNILVR
2024-09-03,2671.0475015711477,2717.118220016506,2666.243459302135,2684.787109375,2022116,2680.5212,2680.5212,,-1.2997,-0.7748,HINDUNILVR
2024-09-04,2671.0476947453803,2732.3954127863854,2663.0248497469543,2729.897216796875,1640986,2685.0099,2685.0099,,2.8342,-0.053,HINDUNILVR
2024-09-05,2728.7444187868173,2743.1084599551136,2712.9870175378533,2727.20703125,1945173,2688.5263,2688.5263,,5.8261,1.1228,HINDUNILVR
2024-09-06,2717.2628675406695,2754.1097362282353,2717.2628675406695,2727.6875,1672730,2691.5387,2691.5387,,8.1421,2.5267,HINDUNILVR
2024-09-09,2741.2830254850464,2823.0476940661742,2731.7708798965596,2807.29052734375,3342754,2699.8067,2699.8067,,16.214,5.2641,HINDUNILVR
2024-09-10,2819.0120375659517,2822.4710418704444,2774.3344439235466,2784.99951171875,1536584,2705.4862,2705.4862,68.6782,20.5751,8.3263,HINDUNILVR
2024-09-11,2797.4902425402506,2834.3851966953944,2784.5193272333395,2790.33203125,1913665,2710.7891,2710.7891,69.1027,24.1829,11.4976,HINDUNILVR
2024-09-12,2796.913567246111,2847.2598392446016,2780.7719373945893,2840.5341796875,2454564,2718.4212,2718.4212,71.9383,30.7386,15.3458,HINDUNILVR
2024-09-13,2840.534085684311,2840.534085684311,2804.119538259187,2818.003173828125,1902001,2723.9535,2723.9535,66.4994,33.7272,19.0221,HINDUNILVR
2024-09-16,2795.9529692747783,2795.9529692747783,2697.373915085818,2754.734375,1489057,2725.5736,2725.5736,64.298,30.6373,21.3451,HINDUNILVR
2024-09-17,2754.734220040867,2799.6998714212546,2748.008560355651,2760.88330078125,1098661,2727.339,2727.339,65.4058,28.3578,22.7477,HINDUNILVR
2024-09-18,2761.363767778583,2780.1476218120856,2749.5457757201657,2763.141357421875,464796,2731.4057,2729.0439,63.4942,26.4288,23.4839,HINDUNILVR
2024-09-19,2763.5255740396533,2819.3005569204092,2760.7393230916587,2797.63427734375,1713010,2737.1201,2732.1617,68.3546,27.3679,24.2607,HINDUNILVR
2024-09-20,2810.172827301893,2872.193064647857,2781.924915858446,2860.903564453125,3641632,2744.9026,2737.7591,72.492,32.8388,25.9763,HINDUNILVR
2024-09-23,2863.209629130844,2916.054102151715,2853.5534557825476,2909.85693359375,1300470,2754.8662,2744.9299,75.1963,40.6561,28.9123,HINDUNILVR
2024-09-24,2901.641427921651,2901.641427921651,2830.6377795243034,2834.913330078125,1929308,2763.6889,2748.5292,61.0203,40.339,31.1976,HINDUNILVR
2024-09-25,2834.913608154621,2844.3295785071546,2791.244908103834,2833.376220703125,1055354,2772.5571,2751.7926,61.1684,39.5083,32.8597,HINDUNILVR
2024-09-26,2835.4422567851584,2875.5560144698934,2825.9301112254557,2869.070556640625,1902889,2782.2061,2756.1362,63.8468,41.2546,34.5387,HINDUNILVR
2024-09-27,2869.0704340908233,2911.2498345646336,2837.027375911129,2849.998291015625,2977081,2791.2497,2759.4884,54.7454,40.6312,35.7572,HINDUNILVR
2024-09-30,2848.0285396637546,2880.4077395503314,2827.2752165821803,2842.35986328125,1627702,2799.3805,2762.346,56.588,39.0704,36.4198,HINDUNILVR
2024-10-01,2846.587262073405,2846.587262073405,2778.0815699262566,2809.163818359375,1184642,2805.5994,2763.9066,52.0328,34.7542,36.0867,HINDUNILVR
2024-10-03,2794.7516790969526,2808.5393746775317,2748.9692486426334,2779.955322265625,1233447,2808.1023,2764.4243,43.1505,28.6465,34.5987,HINDUNILVR
2024-10-04,2777.6976792178584,2799.7962771500656,2706.6459297372667,2737.103515625,2456486,2808.5971,2763.5706,41.2547,20.1164,31.7022,HINDUNILVR
2024-10-07,2733.500208864578,2754.1095044738768,2714.3321260191797,2722.354736328125,1280975,2808.3304,2762.3216,46.0895,12.0275,27.7673,HINDUNILVR
2024-10-08,2732.5392303091903,2772.893185187174,2689.014560633461,2708.326904296875,1761488,2803.3823,2760.7335,43.7713,4.434,23.1006,HINDUNILVR
2024-10-09,2712.746889207585,2715.1010579197173,2652.5042373063156,2660.430908203125,1476282,2797.1538,2757.8677,39.0156,-5.3867,17.4031,HINDUNILVR
2024-10-10,2661.4394300011586,2678.157403349832,2626.0816318144653,2646.739013671875,2065078,2789.9742,2754.7808,33.1111,-14.1118,11.1002,HINDUNILVR
2024-10-11,2656.4435309289793,2680.65585951984,2629.781093616551,2674.122314453125,679307,2781.6536,2752.6009,27.2686,-18.6025,5.1596,HINDUNILVR
2024-10-14,2682.1932811757006,2694.7797326210543,2656.6356795435354,2679.791259765625,874010,2774.743,2750.6848,18.7036,-21.4566,-0.1636,HINDUNILVR
2024-10-15,2683.6342332548484,2689.591198858521,2656.8756235177616,2672.440673828125,1082666,2770.6283,2748.6786,22.9181,-24.0345,-4.9378,HINDUNILVR
2024-10-16,2679.8390730118053,2687.9100055740655,2647.6041338219375,2672.248779296875,1170797,2766.1966,2746.7678,23.0214,-25.7957,-9.1094,HINDUNILVR
2024-10-17,2670.5191491058513,2672.969257705141,2616.713872890363,2631.318115234375,1368242,2759.6054,2743.952,10.8776,-30.1467,-13.3168,HINDUNILVR
2024-10-18,2631.318027881403,2632.61521314749,2587.889531863665,2610.61279296875,1137277,2750.2543,2740.7772,10.8194,-34.8638,-17.6262,HINDUNILVR
2024-10-21,2608.594889629369,2630.6934835378315,2575.398911430661,2587.985595703125,792345,2736.6084,2737.2239,10.3134,-39.9672,-22.0944,HINDUNILVR
2024-10-22,2579.8672317373293,2603.791271733519,2568.9619604418804,2576.600341796875,1272253,2719.9456,2733.5734,11.0666,-44.4184,-26.5592,HINDUNILVR
2024-10-23,2518.278871420895,2587.505165067866,2518.278871420895,2555.077880859375,1431962,2705.9538,2729.6068,11.3589,-49.1164,-31.0707,HINDUNILVR
2024-10-24,2543.2600144821745,2543.2600144821745,2356.478942154974,2406.92138671875,9216267,2684.6311,2722.5919,8.3405,-64.0563,-37.6678,HINDUNILVR
2024-10-25,2404.230863823927,2440.453292950492,2402.1171322956857,2428.9716796875,2761166,2662.6262,2716.3447,13.6532,-73.2723,-44.7887,HINDUNILVR
2024-10-28,2444.2968286647133,2488.1097901772814,2421.3335992998454,2474.8505859375,852829,2643.8688,2711.3136,23.1907,-75.998,-51.0305,HINDUNILVR
2024-10-29,2484.3625217211766,2484.3625217211766,2436.6103856054533,2447.8037109375,1695654,2624.141,2705.9358,24.3569,-79.425,-56.7094,HINDUNILVR
2024-10-30,2456.7875756265485,2462.840716685124,2434.112398972091,2454.81787109375,1200637,2606.4237,2700.9134,26.4752,-80.6453,-61.4966,HINDUNILVR
2024-10-31,2454.8176022437847,2463.03256173984,2425.176801099299,2429.1640625,1901355,2588.8841,2695.8606,19.8463,-82.7288,-65.743,HINDUNILVR
2024-11-01,2444.248681442397,2446.170298398986,2412.9264657934314,2438.051513671875,118532,2573.9315,2690.9547,20.4764,-82.7094,-69.1363,HINDUNILVR
2024-11-04,2447.179267173946,2447.179267173946,2405.384097122094,2425.849365234375,1097260,2559.1062,2685.3666,20.2366,-82.7251,-71.8541,HINDUNILVR
2024-11-05,2421.23748263124,2431.08577001099,2408.7469718081425,2422.53466796875,702046,2544.8166,2679.6056,20.0852,-82.059,-73.8951,HINDUNILVR
2024-11-06,2444.744462450784,2451.4513228337587,2425.1103499635406,2430.650634765625,1219166,2533.3276,2675.0494,23.9095,-79.9546,-75.107,HINDUNILVR
2024-11-07,2430.650792943567,2439.5930367343426,2397.0201443149404,2406.15673828125,1322446,2521.2985,2670.0523,23.6763,-79.3486,-75.9553,HINDUNILVR
2024-11-08,2414.3698717211782,2444.793147696757,2398.1863642528074,2437.45458984375,1700877,2509.4651,2665.2796,31.0424,-75.4729,-75.8588,HINDUNILVR
2024-11-11,2438.7181349716725,2444.452769822316,2405.719186544309,2421.27099609375,1175577,2496.5391,2660.3225,30.6717,-72.8673,-75.2605,HINDUNILVR
2024-11-12,2425.11043110781,2427.005760537496,2387.202893306927,2392.548828125,1624222,2482.5445,2654.5786,30.1318,-72.2867,-74.6658,HINDUNILVR
2024-11-13,2393.1320758129814,2403.5323013697825,2381.7596248219456,2395.902099609375,1262017,2468.7272,2648.8009,47.9147,-70.7405,-73.8807,HINDUNILVR
2024-11-14,2391.4796825977996,2395.659279336055,2316.9282347989874,2322.274169921875,2443393,2453.275,2640.6484,33.1064,-74.5964,-74.0238,HINDUNILVR
2024-11-18,2333.8892867149557,2357.0712993634347,2309.200882252652,2355.030029296875,1374215,2440.4958,2633.2049,30.2061,-74.1543,-74.0499,HINDUNILVR
2024-11-19,2363.7779423907036,2371.845491684891,2337.728849202436,2342.831787109375,1133370,2428.2381,2625.5078,31.7644,-73.9359,-74.0271,HINDUNILVR
2024-11-21,2356.828323206402,2356.828323206402,2309.5411934961326,2316.053466796875,1291829,2415.2108,2615.683,27.4429,-75.0584,-74.2334,HINDUNILVR
2024-11-22,2323.9749048547187,2383.4121196689493,2311.242003100475,2376.75390625,1696471,2406.2946,2607.5181,42.3518,-70.2403,-73.4348,HINDUNILVR
2024-11-25,2400.8106354018087,2435.5105635219556,2388.758077739939,2402.219970703125,4368045,2406.0595,2599.7559,45.0125,-63.6335,-71.4745,HINDUNILVR
2024-11-26,2416.6054934792924,2425.061742768364,2391.4795053433168,2409.7529296875,982442,2405.0986,2591.1402,47.73,-57.1312,-68.6059,HINDUNILVR
2024-11-27,2405.816200610109,2423.1176358895655,2389.1466999635395,2417.237060546875,948232,2402.2179,2583.1249,49.2616,-50.7886,-65.0424,HINDUNILVR
2024-11-28,2416.3623676782477,2468.023439226603,2384.48111118336,2393.22900390625,2540530,2399.4892,2575.8948,45.0052,-47.1558,-61.4651,HINDUNILVR
2024-11-29,2386.328105245208,2437.2601873197295,2386.328105245208,2426.22802734375,1795164,2398.0597,2569.2017,52.6195,-41.1398,-57.4,HINDUNILVR
2024-12-02,2415.390571345119,2420.736506211275,2391.62550835502,2409.704345703125,1006993,2397.0867,2562.133,46.233,-37.2756,-53.3751,HINDUNILVR
2024-12-03,2410.530520207273,2421.659736640615,2396.922686625458,2413.30078125,1641588,2395.8492,2554.4463,48.8798,-33.5365,-49.4074,HINDUNILVR
2024-12-04,2411.599696499456,2423.1662596170304,2387.7373419097,2395.464599609375,1321495,2394.3299,2545.1375,50.4227,-31.6476,-45.8555,HINDUNILVR
2024-12-05,2396.5340239678508,2444.550142583365,2381.4195611129917,2424.7216796875,2071795,2394.4393,2535.4348,53.8865,-27.4732,-42.179,HINDUNILVR
2024-12-06,2425.110340492518,2425.8879784428123,2405.670578244081,2414.22412109375,1308086,2393.618,2527.021,64.9447,-24.727,-38.6886,HINDUNILVR
2024-12-09,2395.9504745627996,2407.56568396696,2316.5391006147215,2333.500244140625,3385021,2389.9851,2517.0235,46.9728,-28.7331,-36.6975,HINDUNILVR
2024-12-10,2341.2279687941573,2345.4075655839893,2321.3995041053026,2330.196044921875,2063838,2384.6222,2506.246,48.1778,-31.8079,-35.7196,HINDUNILVR
2024-12-11,2337.631401911156,2341.859645105597,2318.191639733101,2334.083740234375,1718225,2380.2628,2495.9277,52.784,-33.5443,-35.2845,HINDUNILVR
2024-12-12,2318.240245124781,2332.722772767621,2272.5081579587118,2279.263427734375,3231056,2374.5986,2484.6658,34.6683,-38.8956,-36.0067,HINDUNILVR
2024-12-13,2279.2635193052206,2327.474225501901,2268.0856558037367,2323.14892578125,2260902,2370.9609,2474.9455,38.246,-39.1442,-36.6342,HINDUNILVR
2024-12-16,2323.343284729169,2325.9676052312534,2296.807961204117,2299.86962890625,1247552,2369.8407,2465.3438,34.3961,-40.7499,-37.4574,HINDUNILVR
2024-12-17,2287.428194383181,2313.3315812440496,2287.428194383181,2297.05078125,2131569,2366.9417,2456.5427,32.7039,-41.7683,-38.3196,HINDUNILVR
2024-12-18,2284.220661696739,2316.2476218485995,2284.220661696739,2293.1142578125,988403,2364.4558,2447.9579,34.7091,-42.4043,-39.1365,HINDUNILVR
2024-12-19,2281.2561952032424,2320.087074457144,2270.5643255197165,2293.746337890625,1655915,2363.3405,2439.6663,27.5454,-42.3689,-39.783,HINDUNILVR
2024-12-20,2286.21332261703,2307.013773197231,2259.532059224196,2268.52294921875,2069691,2357.9289,2431.8282,26.7564,-43.8705,-40.6005,HINDUNILVR
2024-12-23,2271.536130079183,2285.8729541778853,2250.395389459062,2273.3828125,1066199,2351.4871,2424.361,27.0598,-44.1593,-41.3123,HINDUNILVR
2024-12-24,2265.801653352284,2290.9274044487324,2265.801653352284,2270.126953125,683646,2344.5058,2416.2811,28.4185,-44.1421,-41.8782,HINDUNILVR
2024-12-26,2266.919279380392,2276.25046019758,2259.5807216577036,2267.4052734375,1033769,2337.0142,2408.0334,20.1879,-43.8427,-42.2711,HINDUNILVR
2024-12-27,2277.3679712526696,2279.943644630648,2263.031147703384,2275.6669921875,556816,2331.1361,2400.0979,23.5185,-42.4494,-42.3068,HINDUNILVR
2024-12-30,2275.910271731068,2293.0657677973463,2259.87246712566,2277.854248046875,924180,2323.7174,2392.21,34.8023,-40.6995,-41.9853,HINDUNILVR
2024-12-31,2274.451957647109,2286.747511129924,2258.1711583776264,2261.67041015625,1878762,2316.3157,2384.8171,32.5149,-40.1558,-41.6194,HINDUNILVR
2025-01-01,2259.872381567988,2271.681942318693,2255.255437992742,2257.0537109375,559893,2308.5034,2377.7459,30.4177,-39.6404,-41.2236,HINDUNILVR
2025-01-02,2264.7325320988266,2312.991651864243,2250.638703036409,2303.612060546875,1650744,2303.9107,2372.0584,56.4612,-35.0709,-39.9931,HINDUNILVR
2025-01-03,2315.130020118565,2346.9626313452286,2298.5575750577605,2338.846435546875,1274239,2299.617,2367.3034,54.366,-28.2803,-37.6505,HINDUNILVR
2025-01-06,2350.2673355310308,2351.190676808784,2295.4957086180993,2309.63818359375,900419,2294.3877,2362.3946,52.6302,-24.9678,-35.114,HINDUNILVR
2025-01-07,2310.5615649077026,2334.958562700219,2308.714882320198,2323.829345703125,922768,2293.9041,2360.7327,56.7941,-20.956,-32.2824,HINDUNILVR
2025-01-08,2324.023527285994,2341.51931293683,2301.667801176593,2333.743408203125,953351,2294.0815,2358.8282,60.0048,-16.7831,-29.1825,HINDUNILVR
2025-01-09,2337.679991498679,2404.358231754575,2319.5522713307405,2367.1796875,2425267,2295.7363,2356.6747,65.5676,-10.6552,-25.4771,HINDUNILVR
2025-01-10,2367.1796915296013,2387.2027410371884,2346.184891237052,2373.6435546875,1651911,2300.4553,2355.1915,74.2109,-5.2171,-21.4251,HINDUNILVR
2025-01-13,2349.3438257292696,2391.57666015625,2341.5679211240063,2382.3427734375,2595013,2303.415,2353.742,74.6591,-0.2031,-17.1807,HINDUNILVR
2025-01-14,2395.9508859718553,2398.866850538961,2297.8773726189215,2301.619384765625,2052741,2303.5025,2351.1911,55.2769,-2.7119,-14.2869,HINDUNILVR
2025-01-15,2307.40252642736,2318.0943958552334,2284.2693987793928,2306.52783203125,1215150,2303.9763,2348.5607,56.5077,-4.255,-12.2805,HINDUNILVR
2025-01-16,2310.3669829255227,2313.3315939832087,2260.892885353062,2279.31201171875,2762596,2303.2862,2345.6299,50.5704,-7.5865,-11.3417,HINDUNILVR
2025-01-17,2284.1723497985477,2312.651652513846,2277.36843216085,2288.060302734375,1333005,2303.0019,2342.9404,51.5649,-9.4124,-10.9559,HINDUNILVR
2025-01-20,2290.441458627697,2301.6679693677006,2270.224057382351,2279.506591796875,1382273,2303.5511,2339.9175,52.8003,-11.418,-11.0483,HINDUNILVR
2025-01-21,2287.5740781905074,2310.7074432888235,2267.113680466325,2274.938232421875,1842885,2303.6289,2337.2932,52.8083,-13.2237,-11.4834,HINDUNILVR
2025-01-22,2276.93063564134,2295.835755601157,2266.8704644841923,2277.3193359375,2658047,2303.9885,2334.0905,45.2064,-14.2977,-12.0462,HINDUNILVR
2025-01-23,2250.152521908459,2275.7158571987056,2190.7155426543577,2256.664794921875,3408925,2303.4515,2330.7983,34.1755,-16.6239,-12.9618,HINDUNILVR
2025-01-24,2267.5025558634734,2314.1093382473864,2257.9283780654696,2301.76513671875,1688664,2304.7564,2328.9827,48.5714,-14.6592,-13.3013,HINDUNILVR
2025-01-27,2298.7518143345746,2342.199634147266,2295.0095652975047,2325.82177734375,2477358,2307.1547,2327.5811,50.349,-11.0339,-12.8478,HINDUNILVR
2025-01-28,2333.7433982337784,2339.575326759144,2312.7970074864847,2321.933837890625,1892156,2310.1679,2327.5743,47.8866,-8.3779,-11.9538,HINDUNILVR
2025-01-29,2318.3374809178226,2328.883647447392,2297.7800261125353,2317.171142578125,699576,2313.1738,2326.8171,40.0272,-6.5814,-10.8793,HINDUNILVR
2025-01-30,2317.2196613907627,2357.0711740237416,2317.2196613907627,2341.2763671875,1419960,2315.057,2326.786,43.9696,-3.176,-9.3387,HINDUNILVR
2025-01-31,2334.229440018275,2409.558518344911,2334.229440018275,2399.644287109375,2116148,2318.0969,2328.4578,52.7201,4.1843,-6.6341,HINDUNILVR
2025-02-01,2405.6707931713304,2529.1132944774954,2366.936968510051,2435.85107421875,2970999,2324.4075,2329.6397,74.538,12.7916,-2.7489,HINDUNILVR
2025-02-03,2434.830035851016,2449.409856424974,2348.8090944646624,2373.546142578125,2528480,2326.8934,2329.0663,60.1262,14.4192,0.6847,HINDUNILVR
2025-02-04,2381.371070811044,2381.371070811044,2335.5419224710554,2369.755859375,1992474,2328.694,2328.2663,64.7069,15.2278,3.5933,HINDUNILVR
2025-02-05,2384.28688281628,2384.28688281628,2320.1356662382636,2324.072265625,1357416,2326.5386,2326.403,55.2279,12.0434,5.2833,HINDUNILVR
2025-02-06,2332.7714061901434,2341.470652098705,2294.1835266397707,2306.236083984375,1132113,2323.1683,2324.6632,53.7785,7.9885,5.8244,HINDUNILVR
2025-02-07,2313.3315451962494,2315.226874422086,2270.6613649765723,2297.634033203125,855602,2318.9328,2322.0913,53.1721,4.0343,5.4663,HINDUNILVR
2025-02-10,2304.486509688912,2330.827482329024,2286.164676239331,2295.30126953125,1326354,2318.6169,2319.8032,52.5136,0.7042,4.5139,HINDUNILVR
2025-02-11,2304.5838458151115,2311.3391158277254,2232.2193773239997,2250.3955078125,1389260,2315.8103,2316.5451,49.1793,-5.4951,2.5121,HINDUNILVR
2025-02-12,2260.552786653806,2274.354970884732,2240.5299732010462,2267.162353515625,1341909,2315.2028,2313.9791,45.1072,-8.9519,0.2193,HINDUNILVR
2025-02-13,2264.8296518793604,2279.8954679957756,2248.5488505922667,2256.470458984375,1334967,2313.6233,2310.614,39.8086,-12.4112,-2.3068,HINDUNILVR
2025-02-14,2256.9563530266864,2299.7238291391645,2248.597160502172,2253.40869140625,1135380,2312.3184,2307.3977,39.9055,-15.2242,-4.8903,HINDUNILVR
2025-02-17,2253.4088903821407,2270.5643868259226,2235.5728123714134,2264.149169921875,1409168,2311.779,2306.0107,42.3245,-16.3979,-7.1918,HINDUNILVR
2025-02-18,2264.149124063214,2273.042958104678,2223.908909176285,2231.684814453125,1035705,2309.4973,2304.0405,34.5103,-19.7203,-9.6975,HINDUNILVR
2025-02-19,2234.3575336219537,2241.1128031202393,2185.0291400031115,2187.36181640625,1521343,2306.0321,2301.1061,18.7554,-25.6343,-12.8849,HINDUNILVR
2025-02-20,2187.3619104978293,2191.2985097365113,2164.1314899859503,2185.077880859375,2206196,2300.1977,2299.2223,8.9956,-30.1579,-16.3395,HINDUNILVR
2025-02-21,2185.077799541156,2190.423733855982,2164.0341157208236,2178.85693359375,1781509,2292.8495,2296.3365,11.016,-33.8546,-19.8425,HINDUNILVR
2025-02-24,2167.533624682074,2187.9453763046404,2156.647404610398,2178.662841796875,1627949,2285.6859,2293.9124,11.1769,-36.3805,-23.1501,HINDUNILVR
2025-02-25,2180.169242301758,2206.024219899787,2175.2606550849946,2196.0126953125,1988040,2279.628,2291.8916,20.598,-36.5609,-25.8323,HINDUNILVR
2025-02-27,2206.0727565313555,2206.0727565313555,2170.546780346935,2182.064697265625,1699658,2271.6674,2289.6706,20.9725,-37.3983,-28.1455,HINDUNILVR
2025-02-28,2182.1619689131203,2186.584562304575,2124.620319863376,2128.89697265625,3683249,2258.1301,2286.3736,17.3561,-41.8694,-30.8902,HINDUNILVR
2025-03-03,2137.4017551745787,2137.4017551745787,2098.0362385376666,2115.872314453125,1306470,2242.1311,2283.3206,16.6667,-45.9343,-33.8991,HINDUNILVR
2025-03-04,2118.8854906754163,2118.934137542599,2076.166659537152,2096.918701171875,1800330,2228.2998,2279.7913,18.4452,-50.1075,-37.1408,HINDUNILVR
2025-03-05,2091.7184776027166,2130.500709473983,2089.7745013224167,2109.651611328125,1145673,2215.2946,2276.5818,17.0696,-51.7904,-40.0707,HINDUNILVR
2025-03-06,2114.074138785248,2167.3391346618955,2103.139272550152,2156.79296875,1856868,2206.9306,2274.3696,31.9167,-48.7581,-41.8082,HINDUNILVR
2025-03-07,2164.3258279458114,2164.3258279458114,2127.876274648227,2142.79638671875,1738356,2198.7586,2271.7122,30.6987,-46.9433,-42.8352,HINDUNILVR
2025-03-10,2146.149847764431,2203.642852252801,2133.173710965246,2184.786376953125,1242387,2193.1162,2269.8508,37.5134,-41.6369,-42.5955,HINDUNILVR
2025-03-11,2177.2534958213787,2199.074582727622,2149.3088359977787,2154.84912109375,1325891,2186.0936,2267.7144,37.8141,-39.393,-41.955,HINDUNILVR
2025-03-12,2155.237955656902,2167.4848636040488,2123.794045012546,2131.47265625,1526212,2180.1475,2265.2028,40.5053,-39.0509,-41.3742,HINDUNILVR
2025-03-13,2123.793869228055,2148.0449233865756,2103.8194675285085,2113.879638671875,1845629,2172.4833,2261.4081,38.5026,-39.7413,-41.0476,HINDUNILVR
2025-03-17,2100.4663210186386,2133.951264191827,2096.0923744917604,2110.42919921875,1111886,2165.1813,2256.8398,38.8502,-40.1045,-40.859,HINDUNILVR
2025-03-18,2110.42919921875,2110.42919921875,2110.42919921875,2110.42919921875,0,2158.0323,2252.8556,38.8748,-39.9321,-40.6736,HINDUNILVR
2025-03-19,2145.177877700536,2150.8641033799995,2132.007390619496,2138.422607421875,1341405,2151.746,2249.1475,40.9251,-37.1088,-39.9607,HINDUNILVR
2025-03-20,2142.164397075367,2185.9038599093537,2127.1472289627195,2179.5859375,1426689,2149.141,2246.0643,49.6403,-31.1903,-38.2066,HINDUNILVR
2025-03-21,2182.1134468098517,2192.027678706935,2163.451321362083,2183.27978515625,2152415,2148.9369,2242.3863,59.216,-25.9032,-35.7459,HINDUNILVR
2025-03-24,2187.2162299631173,2202.525042593678,2178.225340005486,2192.99951171875,1454404,2149.333,2238.7734,63.2184,-20.6903,-32.7348,HINDUNILVR
2025-03-25,2187.7021117094087,2227.7966189216772,2180.5094950332496,2207.676513671875,2229340,2150.774,2235.2801,69.2646,-15.1995,-29.2277,HINDUNILVR
2025-03-26,2208.3569585052783,2216.035569558241,2175.1150130163032,2183.03662109375,1416907,2150.9927,2232.9084,62.2565,-12.6899,-25.9202,HINDUNILVR
2025-03-27,2181.3358461347175,2197.5680014294758,2138.3740156444046,2181.773193359375,3752627,2150.2807,2230.4134,54.9272,-10.68,-22.8721,HINDUNILVR
2025-03-28,2184.057285417061,2231.684702856062,2177.5450125337175,2195.575439453125,2280152,2150.9562,2228.7386,60.4183,-7.8824,-19.8742,HINDUNILVR
2025-04-01,2195.7212865784686,2220.652688338022,2157.8137477663568,2171.27587890625,2495962,2153.0752,2226.4029,47.1329,-7.5392,-17.4072,HINDUNILVR
2025-04-02,2180.8497368615344,2180.8497368615344,2128.7026682002793,2175.212158203125,1351493,2156.0422,2224.317,54.8574,-6.8704,-15.2998,HINDUNILVR
2025-04-03,2163.110957010432,2189.791983972201,2158.3969569161945,2181.676025390625,1310088,2160.28,2222.4518,63.0266,-5.7525,-13.3904,HINDUNILVR
2025-04-04,2167.5335505043304,2203.5457585235163,2159.7576453904135,2181.676025390625,1120226,2163.8813,2220.5389,69.359,-4.8111,-11.6745,HINDUNILVR
2025-04-07,2089.7746056836772,2198.248582462212,2089.7746056836772,2186.39013671875,3435185,2165.3611,2219.1334,71.5349,-3.6426,-10.0681,HINDUNILVR
2025-04-08,2204.760675866648,2241.598930289759,2189.2575129830993,2225.123779296875,2774874,2169.4775,2217.6006,76.6607,0.4042,-7.9737,HINDUNILVR
2025-04-09,2229.6921366684232,2288.205774983497,2225.3668369244515,2284.172119140625,2989089,2174.4468,2216.7676,79.6052,8.2806,-4.7228,HINDUNILVR
2025-04-11,2327.5228811667503,2327.76587820031,2278.680477421297,2299.86962890625,3836083,2181.6978,2216.3263,77.2518,15.6094,-0.6564,HINDUNILVR
2025-04-15,2332.77164275884,2332.77164275884,2279.5066427888187,2295.35009765625,3042779,2189.8917,2215.8899,75.2963,20.813,3.6375,HINDUNILVR
2025-04-16,2285.14401964844,2309.443722111737,2285.14401964844,2300.30712890625,1131979,2199.213,2215.0705,74.7535,25.0481,7.9196,HINDUNILVR
2025-04-17,2291.0731880539342,2313.2343263375133,2277.4653549947234,2308.4716796875,1962402,2209.1152,2213.2471,73.9715,28.732,12.0821,HINDUNILVR
2025-04-21,2301.765134543979,2305.9444935688916,2283.005716590514,2285.14404296875,1478430,2217.8509,2210.2329,74.4361,29.43,15.5517,HINDUNILVR
2025-04-22,2303.6118014366302,2338.603373104022,2289.1292736394507,2331.5078125,2352346,2227.5052,2209.3922,79.4721,33.34,19.1093,HINDUNILVR
2025-04-23,2342.49130202455,2369.706968604088,2326.35620477454,2355.90478515625,2226066,2236.3211,2209.1152,80.2939,37.9696,22.8814,HINDUNILVR
2025-04-24,2355.904639515163,2417.7229359717494,2252.193563957013,2260.163818359375,7065430,2240.1653,2207.837,63.2248,33.5266,25.0104,HINDUNILVR
2025-04-25,2266.5789615776075,2276.2988426038023,2230.129407729378,2266.87060546875,2859858,2243.8589,2207.0497,63.5255,30.1986,26.0481,HINDUNILVR
2025-04-28,2279.3122481174555,2283.2002007794895,2250.1526031522,2253.65185546875,1555660,2246.1576,2206.17,60.4135,26.1926,26.077,HINDUNILVR
2025-04-29,2262.7883676038414,2267.1623141907044,2247.8198453161813,2256.664794921875,1896387,2249.8391,2205.3973,60.7556,22.9958,25.4608,HINDUNILVR
2025-04-30,2255.012376420818,2286.601989452575,2251.1244240476785,2276.493408203125,2083807,2254.5751,2205.9193,62.3865,21.8109,24.7308,HINDUNILVR
2025-05-02,2268.7176720341317,2279.3122481174555,2245.2926623246576,2253.65185546875,1424284,2257.4789,2205.649,54.1009,18.8119,23.547,HINDUNILVR
2025-05-05,2258.997813142575,2288.934859100469,2254.1378722660597,2282.8115234375,2074103,2263.0557,2206.1759,49.786,18.574,22.5524,HINDUNILVR
2025-05-06,2274.646738914956,2323.1490924917193,2274.646738914956,2315.08154296875,1888125,2270.0491,2207.4093,52.2738,20.7502,22.192,HINDUNILVR
2025-05-07,2302.639778279785,2320.038270117709,2289.3235889472185,2304.389404296875,1610400,2276.1848,2208.2141,51.3267,21.3658,22.0267,HINDUNILVR
2025-05-08,2295.544136531012,2305.4583672078948,2275.424031301092,2288.9345703125,2323073,2281.5477,2209.3591,48.3808,20.3717,21.6957,HINDUNILVR
2025-05-09,2264.73235471963,2277.0765565746965,2237.8083308384716,2267.551025390625,1805685,2285.6058,2210.9629,44.3852,17.655,20.8876,HINDUNILVR
2025-05-12,2293.891743999213,2320.1354207314075,2280.381205342974,2315.761474609375,1274873,2290.1377,2213.5766,53.9326,19.1711,20.5443,HINDUNILVR
2025-05-13,2309.0549545191607,2330.8273923712263,2286.893579057945,2293.891845703125,1929665,2290.6236,2215.8773,44.8441,18.3959,20.1146,HINDUNILVR
2025-05-14,2303.611726353103,2303.611726353103,2272.994102142081,2284.657958984375,1568111,2289.8631,2217.9972,39.8109,16.8423,19.4601,HINDUNILVR
2025-05-15,2285.727303591603,2303.514495923454,2274.4521467468458,2289.226318359375,3236681,2289.5569,2219.8615,55.6224,15.7975,18.7276,HINDUNILVR
2025-05-16,2293.891932245899,2320.135611131763,2283.2000630701764,2314.6923828125,1473000,2290.2761,2222.514,58.6255,16.8305,18.3482,HINDUNILVR
2025-05-19,2308.4717935959884,2337.6314373045693,2308.4717935959884,2315.9560546875,936655,2290.6504,2226.2552,61.7442,17.5488,18.1883,HINDUNILVR
2025-05-20,2327.523098554208,2327.523098554208,2272.994464209847,2275.521728515625,1617408,2290.1692,2229.4482,53.115,14.686,17.4878,HINDUNILVR
2025-05-21,2280.284124796257,2309.1521244400974,2279.3121366782702,2297.6826171875,1570754,2288.478,2233.4635,53.4735,14.0436,16.799,HINDUNILVR
2025-05-22,2289.0322024287943,2296.9054017400363,2248.305991922015,2265.412841796875,2423653,2283.9534,2236.5787,51.8702,10.8059,15.6004,HINDUNILVR
2025-05-23,2271.438875913527,2298.2658421573706,2264.3435526876015,2293.1142578125,844118,2285.6009,2239.3051,51.6459,10.356,14.5515,HINDUNILVR
2025-05-26,2301.6681217274645,2330.147424241296,2297.8774625625742,2327.037109375,892618,2288.6092,2242.9899,51.8999,12.5916,14.1595,HINDUNILVR
2025-05-27,2327.0369005720772,2342.0054230052847,2294.183653984274,2313.526123046875,1865258,2291.6029,2245.5647,51.4391,13.1218,13.952,HINDUNILVR
2025-05-28,2321.1078754266778,2321.1078754266778,2286.11629941522,2295.836181640625,897517,2293.5615,2248.3845,51.0794,11.9765,13.5569,HINDUNILVR
2025-05-29,2302.6399170703785,2309.4438340900037,2289.518077103958,2300.404296875,1111275,2294.7571,2251.7631,55.4237,11.3071,13.1069,HINDUNILVR
2025-05-30,2293.891989062484,2308.374517293052,2277.8541849016656,2282.519775390625,3288892,2296.2005,2255.1359,43.9016,9.2272,12.331,HINDUNILVR
2025-06-02,2282.1309268833143,2317.2197947019963,2277.9515675984035,2305.167236328125,1178205,2297.3182,2259.0307,52.0627,9.299,11.7246,HINDUNILVR
2025-06-03,2298.8494557783715,2312.8459913579845,2276.979720621593,2286.407958984375,1643913,2295.8846,2262.5502,50.3094,7.7529,10.9303,HINDUNILVR
2025-06-04,2293.406172250839,2301.279371640828,2276.493672385733,2298.26611328125,3287896,2295.5784,2265.7471,51.5578,7.3991,10.224,HINDUNILVR
2025-06-05,2298.2659555931978,2313.3317717537793,2283.1028456979607,2309.83251953125,1787978,2296.6233,2268.352,49.1203,7.9603,9.7713,HINDUNILVR
2025-06-06,2306.8196167541355,2329.369695281899,2303.709302009238,2322.857421875,997488,2299.3886,2271.1436,51.1982,9.3483,9.6867,HINDUNILVR
2025-06-09,2326.939503171982,2331.799443654797,2311.679337516298,2326.161865234375,1293622,2299.9086,2273.8068,60.0929,10.5928,9.8679,HINDUNILVR
2025-06-10,2326.3563309102015,2332.965897755389,2311.776508737784,2328.10595703125,1778782,2301.6193,2276.2154,56.5951,11.6023,10.2148,HINDUNILVR
2025-06-11,2328.1059440121844,2335.590205225147,2304.875522401424,2309.83251953125,1977707,2302.8781,2278.7513,60.2512,10.8032,10.3325,HINDUNILVR
2025-06-12,2320.0381494311273,2321.107431191998,2258.997490579552,2267.3564453125,3339584,2301.7846,2280.463,44.4351,6.6656,9.5991,HINDUNILVR
2025-06-13,2240.4326931985097,2259.7751625270976,2237.5167287388153,2254.04052734375,1740682,2298.752,2281.6323,32.6878,2.2857,8.1364,HINDUNILVR
2025-06-16,2255.0124608859933,2271.1475587596,2248.3058377118327,2262.205078125,1105297,2296.0644,2283.4509,37.5117,-0.5205,6.405,HINDUNILVR
2025-06-17,2255.012389459953,2267.745528476323,2248.3057664982202,2263.37158203125,1119284,2295.4569,2285.2141,41.4094,-2.6202,4.6,HINDUNILVR
2025-06-18,2262.496584614853,2266.09289301594,2221.4787354933574,2232.9482421875,2056563,2292.2202,2286.2395,34.2986,-6.6623,2.3475,HINDUNILVR
2025-06-19,2235.6699307829094,2243.154191716161,2226.144399912506,2229.93505859375,1214549,2290.4463,2287.2047,36.8497,-9.9937,-0.1207,HINDUNILVR
2025-06-20,2230.712900802916,2248.2086882601934,2228.1856365828094,2241.59912109375,2685864,2287.8706,2288.3089,33.179,-11.5593,-2.4084,HINDUNILVR
2025-06-23,2242.777637332428,2245.3314785900775,2218.517104573964,2234.62548828125,842856,2283.25,2288.4989,35.3861,-13.2106,-4.5689,HINDUNILVR
2025-06-24,2254.171508269237,2260.0647671143856,2220.0888759075924,2222.839111328125,2440747,2278.7156,2287.2723,28.7046,-15.2939,-6.7139,HINDUNILVR
2025-06-25,2238.455843673713,2249.751254907696,2230.9909542436453,2238.1611328125,1047270,2275.8319,2286.0381,30.1851,-15.5297,-8.477,HINDUNILVR
2025-06-26,2248.179876457905,2250.2426129211913,2231.187839049338,2240.22412109375,1874722,2272.8229,2284.9356,25.6804,-15.3728,-9.8562,HINDUNILVR
2025-06-27,2240.223846681488,2269.395425704689,2238.7505321874146,2265.859375,1050745,2271.9898,2284.2466,34.3143,-13.0297,-10.4909,HINDUNILVR
2025-06-30,2268.8059358629935,2275.7797201777867,2247.295640814318,2253.7783203125,1403754,2269.4204,2283.1527,31.6347,-12.0092,-10.7946,HINDUNILVR
2025-07-01,2259.082297140465,2261.636138264844,2245.9207831543013,2254.662353515625,759914,2267.8331,2282.5431,35.0866,-11.0023,-10.8361,HINDUNILVR
2025-07-02,2254.171318752975,2267.9222549022306,2246.9030627072866,2266.05615234375,1128034,2266.2226,2281.2341,49.5775,-9.1792,-10.5047,HINDUNILVR
2025-07-03,2268.9044793168537,2285.503727857006,2263.011220929018,2272.243896484375,1060039,2264.3432,2279.5609,56.2018,-7.1525,-9.8343,HINDUNILVR
2025-07-04,2276.762233670115,2299.7458462360423,2269.199266444391,2297.683349609375,1242346,2263.0845,2280.3113,60.8143,-3.4538,-8.5582,HINDUNILVR
2025-07-07,2299.3528119827433,2372.723825559003,2299.3528119827433,2367.51806640625,2701583,2265.1523,2282.3242,72.3777,5.0542,-5.8357,HINDUNILVR
2025-07-08,2362.607071634493,2375.474114379278,2343.552299734942,2350.133056640625,1471046,2266.2536,2284.2538,76.6737,10.2756,-2.6134,HINDUNILVR
2025-07-09,2356.3210447333263,2396.29693113012,2354.45494224249,2380.286865234375,1741690,2269.7764,2286.7263,80.4598,16.6548,1.2402,HINDUNILVR
2025-07-10,2380.2868562218573,2390.6983748083844,2354.946038170592,2365.5537109375,1053695,2274.6862,2288.5075,74.8035,20.2877,5.0497,HINDUNILVR
2025-07-11,2455.5244711336377,2484.9907647872415,2417.218289383953,2474.77587890625,7242235,2285.723,2292.93,84.1005,31.6156,10.3629,HINDUNILVR
2025-07-14,2455.5240816011337,2487.445894661949,2445.7019852747294,2471.828857421875,2427712,2296.2042,2296.7103,86.266,39.8954,16.2694,HINDUNILVR
2025-07-15,2475.8561480958347,2484.8924301255456,2465.3465513939755,2481.94580078125,1700294,2307.1329,2300.0476,86.0546,46.7348,22.3624,HINDUNILVR
2025-07-16,2481.356455874828,2487.8388961282812,2462.890865236824,2472.811279296875,1284379,2319.126,2303.416,83.6938,50.832,28.0564,HINDUNILVR
2025-07-17,2468.2929253596812,2480.472229470397,2461.613851577524,2465.14990234375,807474,2330.8868,2306.9403,80.4563,52.8516,33.0154,HINDUNILVR
2025-07-18,2470.1590393490687,2470.1590393490687,2437.353331809416,2445.309326171875,771112,2341.0723,2310.4955,78.5923,52.249,36.8621,HINDUNILVR
2025-07-21,2446.5862827986753,2449.2384410834075,2411.717835071157,2421.048828125,1169960,2350.3935,2312.6012,73.2182,49.246,39.3389,HINDUNILVR
2025-07-22,2426.057819495432,2440.7909641482383,2408.967467617087,2435.585205078125,861632,2361.0308,2315.4351,73.451,47.4917,40.9695,HINDUNILVR
2025-07-23,2436.8623544586453,2442.755612873297,2398.5561747634065,2406.806640625,1320795,2369.463,2317.8781,67.5192,43.2803,41.4316,HINDUNILVR
2025-07-24,2412.2087602925917,2422.1291744035116,2377.9297369143965,2394.430908203125,693984,2377.1734,2319.9822,63.0394,38.5003,40.8454,HINDUNILVR
2025-07-25,2382.9390347834888,2385.3945590187477,2362.6071022777146,2372.42919921875,769388,2382.5019,2321.1369,50.7599,32.5614,39.1886,HINDUNILVR
2025-07-28,2372.429243771511,2404.7440871927433,2369.384537540986,2398.163330078125,987995,2389.7211,2322.7811,57.2445,29.5902,37.2689,HINDUNILVR
2025-07-29,2401.3064573670335,2413.7804732980653,2386.4749941452433,2409.949951171875,732282,2397.4855,2325.4696,54.7366,27.8654,35.3882,HINDUNILVR
2025-07-30,2398.5561023639793,2409.262092241855,2355.829980147422,2394.037841796875,1224146,2403.8846,2327.3967,54.5312,24.9271,33.296,HINDUNILVR
2025-07-31,2377.0459063535795,2503.652646914568,2377.0459063535795,2476.34716796875,5505507,2414.0898,2331.6154,50.2734,28.907,32.4182,HINDUNILVR
2025-08-01,2504.6346709904583,2678.976888284892,2491.767628330378,2508.268798828125,4259653,2424.619,2335.9185,55.7591,34.2422,32.783,HINDUNILVR
2025-08-04,2501.688117328015,2537.2440606709806,2489.9999177635377,2498.44677734375,1293028,2431.1655,2339.3467,52.6103,37.2484,33.6761,HINDUNILVR
2025-08-05,2492.357168773925,2507.5814194600316,2472.516580355361,2489.60693359375,756361,2438.1392,2342.8683,52.6594,38.474,34.6357,HINDUNILVR
2025-08-06,2493.535917373264,2517.501979853343,2481.651322928679,2490.4912109375,885487,2443.6494,2346.7614,54.1005,39.0664,35.5218,HINDUNILVR
2025-08-07,2490.5890589949863,2498.741447368421,2450.613172635303,2472.712890625,847151,2449.0073,2350.2076,54.464,37.6671,35.9509,HINDUNILVR
2025-08-08,2471.2397680498043,2484.892387860569,2442.362896885792,2454.1494140625,839794,2447.976,2353.6402,55.494,34.6606,35.6928,HINDUNILVR
2025-08-11,2445.800579905625,2479.5884991865532,2434.4068509541976,2473.596923828125,992436,2448.0644,2357.0088,56.2079,33.4616,35.2466,HINDUNILVR
2025-08-12,2473.2040732697083,2491.47326996814,2435.9784208260676,2439.612548828125,1406211,2445.9478,2360.0729,55.2681,29.4298,34.0832,HINDUNILVR
2025-08-13,2440.7910122672074,2456.9974717047967,2429.397284258838,2450.71142578125,969803,2444.8428,2363.1218,59.075,26.8209,32.6308,HINDUNILVR
2025-08-14,2454.44372812859,2464.3641420365734,2429.200986749531,2436.469482421875,1104362,2443.4087,2365.6545,60.5913,23.3352,30.7717,HINDUNILVR
2025-08-18,2493.830443434499,2550.798606380226,2476.445379598451,2522.412841796875,3089136,2447.2639,2369.6456,67.1363,27.1942,30.0562,HINDUNILVR
2025-08-19,2526.439827717028,2568.47845225644,2512.8852854397333,2558.4599609375,1400717,2454.1345,2374.2916,69.1975,32.7833,30.6016,HINDUNILVR
2025-08-20,2552.762973091036,2632.3219576313877,2542.449771391361,2622.303466796875,3156954,2463.4704,2380.1755,76.254,41.8815,32.8576,HINDUNILVR
2025-08-21,2619.651659128844,2619.651659128844,2580.559664029887,2600.891357421875,2235686,2473.1746,2385.9967,66.6579,46.8244,35.6509,HINDUNILVR
2025-08-22,2599.9091636055095,2611.20457553655,2572.4072910777595,2583.11328125,1223445,2482.6087,2392.3118,60.4042,48.7452,38.2698,HINDUNILVR
2025-08-25,2595.980052850747,2595.980052850747,2568.674577169291,2584.782958984375,667598,2493.2264,2398.9267,62.28,49.8278,40.5814,HINDUNILVR
2025-08-26,2577.9077368329176,2656.877302702266,2577.9077368329176,2644.697998046875,4348648,2505.5532,2406.5765,69.2608,54.8877,43.4427,HINDUNILVR
2025-08-28,2699.1121669118434,2699.1121669118434,2599.7125964973993,2607.17724609375,3198743,2515.4145,2413.4527,63.2826,55.2334,45.8008,HINDUNILVR
2025-08-29,2617.392493882605,2674.5570512791683,2594.4086426961376,2612.4814453125,1972773,2526.3367,2421.0433,66.3752,55.298,47.7003,HINDUNILVR
2025-09-01,2612.4813094408382,2625.7411398904956,2592.346011350618,2602.364501953125,1096729,2532.6376,2428.4919,67.7154,53.9113,48.9425,HINDUNILVR
2025-09-02,2601.8736154116664,2644.5014224406004,2598.043093323752,2629.37548828125,1525106,2538.6929,2436.2474,68.2887,54.3652,50.027,HINDUNILVR
2025-09-03,2633.304255827349,2639.099197248745,2611.00814317238,2617.294189453125,1010692,2544.6353,2443.9008,71.9912,53.1376,50.6491,HINDUNILVR
2025-09-04,2701.0768426775303,2701.0768426775303,2608.2580202655204,2619.16064453125,2494678,2551.113,2451.8272,71.3361,51.7191,50.8631,HINDUNILVR
2025-09-05,2620.1427902324845,2625.348310000531,2577.1219557941918,2586.551025390625,944879,2555.916,2458.795,68.1644,47.417,50.1739,HINDUNILVR
2025-09-08,2583.2115458729263,2597.5519036054347,2572.210845043877,2577.219970703125,903410,2561.1413,2465.535,58.1435,42.7617,48.6915,HINDUNILVR
2025-09-09,2590.087242016731,2599.123524215233,2564.844498121878,2594.998291015625,1610956,2568.1838,2472.1177,55.7407,40.0453,46.9622,HINDUNILVR
2025-09-10,2594.9981209437656,2605.704111140776,2572.407297029418,2596.471435546875,1031486,2574.3275,2478.9716,44.9521,37.5782,45.0854,HINDUNILVR
2025-09-11,2596.765978572866,2610.418597093595,2567.4960823902916,2575.353759765625,1212707,2581.1145,2485.3854,45.0039,33.5324,42.7748,HINDUNILVR
2025-09-12,2578.300619467218,2582.131141611505,2523.296872918584,2534.59228515625,1368380,2585.3086,2490.7562,41.2906,26.7289,39.5656,HINDUNILVR
2025-09-15,2534.5921470999765,2547.262556392294,2522.7073137348634,2535.083251953125,752745,2590.2393,2496.0129,41.0412,21.1331,35.8791,HINDUNILVR
2025-09-16,2542.1552867248165,2543.9233122758214,2526.8329581431617,2534.985107421875,1040928,2590.8679,2500.759,24.7857,16.5003,32.0034,HINDUNILVR
2025-09-17,2540.9764060412954,2545.0035615909655,2520.8411078875088,2523.984130859375,970247,2589.1441,2503.8883,28.2264,11.8049,27.9637,HINDUNILVR
2025-09-18,2525.162751622593,2563.468928857849,2525.162751622593,2540.780029296875,1550153,2585.0679,2507.7012,32.2988,9.3315,24.2372,HINDUNILVR
2025-09-19,2553.745387548905,2558.3617254823207,2509.3495541555926,2514.064208984375,2214708,2580.7266,2510.3768,29.8522,5.1562,20.421,HINDUNILVR
2025-09-22,2523.2966742412086,2541.1728425025335,2514.6531810760985,2526.439697265625,1174161,2577.8929,2513.5945,24.8319,2.8134,16.8995,HINDUNILVR
2025-09-23,2523.1982437079832,2529.484529270965,2473.4002630096147,2477.3291015625,1430474,2572.5202,2513.6456,21.0248,-2.9719,12.9252,HINDUNILVR
2025-09-24,2477.3294242524616,2530.1723576313984,2465.3465130647555,2504.143798828125,1882881,2565.4925,2514.2919,28.4187,-5.3316,9.2739,HINDUNILVR
2025-09-25,2500.7057886709636,2521.8232963129217,2486.758459490149,2493.142822265625,1624258,2559.7908,2514.5158,30.9266,-7.9971,5.8197,HINDUNILVR
2025-09-26,2489.901473834488,2500.1163583210514,2454.9347142199126,2467.1142578125,885612,2552.5224,2514.4019,28.9523,-12.0707,2.2416,HINDUNILVR
2025-09-29,2450.6133575294402,2472.6147602913434,2399.538449877524,2453.461669921875,2403556,2545.0773,2514.1681,22.5104,-16.2139,-1.4495,HINDUNILVR
2025-09-30,2453.461508732884,2481.3564080346573,2447.273779473271,2469.66796875,1678088,2537.0919,2514.6553,26.7051,-17.9823,-4.7561,HINDUNILVR
2025-10-01,2470.650311487506,2504.6348647874647,2453.4616408468078,2491.080322265625,1483899,2530.7812,2516.0559,34.535,-17.4548,-7.2958,HINDUNILVR
2025-10-03,2491.080068139014,2503.2596116860273,2463.676514803471,2499.625244140625,1242611,2524.8044,2517.3367,42.7227,-16.161,-9.0688,HINDUNILVR
2025-10-06,2490.0978867192407,2504.2418497280028,2475.3647417917477,2496.58056640625,818923,2520.3059,2519.1322,42.0712,-15.206,-10.2963,HINDUNILVR
2025-10-07,2494.812642046405,2513.8674143383946,2463.676642465363,2472.418212890625,1291750,2515.0658,2520.6919,38.2775,-16.212,-11.4794,HINDUNILVR
2025-10-08,2466.328548368669,2480.0794841222178,2441.8716228402013,2455.62255859375,1225128,2508.097,2522.3558,37.464,-18.1552,-12.8146,HINDUNILVR
2025-10-09,2456.506502076689,2478.1151158494545,2453.854583800399,2472.811279296875,1259173,2501.914,2523.8488,37.554,-18.0996,-13.8716,HINDUNILVR
2025-10-10,2465.3462454628498,2489.8031700666565,2461.908511654435,2483.909912109375,1018875,2497.3418,2525.328,44.1434,-16.9644,-14.4902,HINDUNILVR
2025-10-13,2474.3826327864285,2486.5621769669815,2441.183896906515,2448.452392578125,1114750,2493.0348,2526.4162,36.0994,-18.7102,-15.3342,HINDUNILVR
2025-10-14,2448.648848847169,2464.560598461446,2438.139252730148,2457.783447265625,1461017,2489.1698,2526.045,45.9405,-19.1205,-16.0914,HINDUNILVR
2025-10-15,2458.07813584284,2486.75861164498,2458.07813584284,2474.186279296875,881070,2486.1299,2525.3633,43.4967,-17.9155,-16.4562,HINDUNILVR
2025-10-16,2473.0076593520143,2522.8056437611326,2462.498063399367,2515.93017578125,1446646,2485.7272,2525.713,54.3642,-13.4372,-15.8524,HINDUNILVR
2025-10-17,2519.85903126701,2568.478412302955,2514.4568778185712,2557.37939453125,2050690,2486.5572,2527.0684,66.3234,-6.469,-13.9757,HINDUNILVR
2025-10-20,2562.585231279587,2578.00587635619,2539.6016191065405,2548.244873046875,1011485,2488.2662,2528.2235,67.4251,-1.6645,-11.5135,HINDUNILVR
2025-10-21,2547.8519036554026,2560.3259186012747,2539.11033344381,2545.5927734375,82020,2489.2239,2529.6811,64.6903,1.9071,-8.8294,HINDUNILVR
2025-10-23,2554.727472782394,2619.7497080594576,2549.914741090149,2555.31689453125,3386744,2493.1232,2531.7045,63.0176,5.4593,-5.9717,HINDUNILVR
2025-10-24,2538.0300447047853,2538.0300447047853,2430.478074931111,2471.632568359375,3110800,2491.4977,2531.6652,45.6516,1.5045,-4.4764,HINDUNILVR
2025-10-27,2471.6322783442465,2480.0793772907623,2461.4173938576832,2467.1142578125,2127832,2490.1963,2532.2152,45.4435,-1.9716,-3.9755,HINDUNILVR
2025-10-28,2474.186322669988,2481.0617908155573,2437.7462455795494,2452.676025390625,2294976,2489.4743,2532.2545,46.8525,-5.8243,-4.3452,HINDUNILVR
2025-10-29,2467.900320582059,2468.8825303347708,2439.8090257355866,2443.836181640625,1870143,2488.9931,2532.4018,48.072,-9.4816,-5.3725,HINDUNILVR
2025-10-30,2446.684475836149,2452.5777343086565,2411.22660810764,2425.665283203125,1195631,2486.7929,2530.4669,42.3126,-13.6885,-7.0357,HINDUNILVR
2025-10-31,2425.075917782587,2435.389120349099,2409.2622445950133,2421.63818359375,1401937,2483.3208,2527.7304,39.6066,-17.1497,-9.0585,HINDUNILVR
2025-11-03,2412.405317967791,2430.8706683206365,2396.8863568906377,2416.23583984375,1049185,2479.1514,2523.6091,44.0233,-20.0971,-11.2662,HINDUNILVR
2025-11-04,2416.236077610307,2419.4774178690022,2397.86880254078,2402.1904296875,1251588,2474.4318,2519.6351,39.8639,-23.2976,-13.6725,HINDUNILVR
2025-11-06,2420.066396652233,2420.066396652233,2389.3234247182095,2392.662841796875,1329256,2470.4441,2515.8261,34.7539,-26.2997,-16.1979,HINDUNILVR
2025-11-07,2392.662907838229,2400.582354781839,2376.4281382767645,2389.693115234375,817896,2467.1476,2511.9243,22.3871,-28.589,-18.6762,HINDUNILVR
2025-11-10,2380.7836246996762,2404.8389919884094,2379.7936938785956,2384.54541015625,780558,2462.7343,2506.7212,5.0572,-30.4674,-21.0344,HINDUNILVR
2025-11-11,2397.8104470854564,2409.194651815599,2378.9029129343594,2403.05712890625,1422399,2458.6917,2502.6388,14.0017,-30.1152,-22.8506,HINDUNILVR
2025-11-12,2406.126077343887,2410.283738675327,2391.870927758796,2400.08740234375,1680827,2456.2734,2498.3909,13.9797,-29.7329,-24.227,HINDUNILVR
2025-11-13,2404.542090020514,2406.5219517661053,2380.7837490734196,2383.357666015625,1256059,2452.5521,2494.0108,8.858,-30.4292,-25.4675,HINDUNILVR
2025-11-14,2380.882834280137,2405.729954130381,2367.91464319838,2403.255126953125,975973,2449.0056,2489.4884,26.4534,-29.0406,-26.1821,HINDUNILVR
2025-11-17,2406.9177360630524,2413.847251909541,2391.672897873711,2400.582275390625,920038,2443.2382,2485.1542,26.7939,-27.835,-26.5127,HINDUNILVR
2025-11-18,2391.474933232895,2398.503297074712,2377.7147497683018,2379.793701171875,1229034,2434.3589,2480.3668,25.6573,-28.2316,-26.8565,HINDUNILVR
2025-11-19,2387.7133295616327,2426.023607035294,2386.7233986621463,2417.015380859375,1465143,2427.7974,2476.9761,42.4696,-25.2513,-26.5354,HINDUNILVR
2025-11-20,2420.480036715518,2434.239978963932,2400.5823298037967,2403.947998046875,1396929,2420.7152,2473.5107,43.7226,-23.671,-25.9625,HINDUNILVR
2025-11-21,2411.6696515110984,2418.5991679296735,2388.703302574577,2409.19482421875,1840712,2413.4091,2469.7946,46.4284,-21.7445,-25.1189,HINDUNILVR
2025-11-24,2417.312010655888,2420.281803162537,2388.703106181435,2399.790283203125,4092327,2409.817,2465.861,45.3857,-20.7376,-24.2427,HINDUNILVR
2025-11-25,2397.612593614541,2399.7903932161203,2381.7736995196474,2389.792236328125,1240672,2405.9509,2462.1497,46.4404,-20.51,-23.4961,HINDUNILVR
2025-11-26,2387.713234421413,2403.2551005876053,2384.7434418412868,2400.7802734375,1242683,2403.3561,2459.4735,52.3112,-19.2213,-22.6412,HINDUNILVR
2025-11-27,2401.6713428676044,2434.932874570679,2400.5823222546774,2427.013427734375,1872248,2402.5149,2457.3121,59.3827,-15.9,-21.2929,HINDUNILVR
2025-11-28,2425.3307221458876,2445.129340285854,2422.5588672698223,2441.763671875,973225,2403.3199,2455.4477,63.7227,-11.94,-19.4223,HINDUNILVR
2025-12-01,2441.7635217623283,2462.9479451967945,2434.042012825968,2439.6845703125,1924828,2404.2222,2453.7617,59.536,-8.8672,-17.3113,HINDUNILVR
2025-12-02,2446.119251627908,2459.3842290026473,2435.2300117380223,2452.850830078125,2179406,2406.0529,2452.0031,63.0445,-5.3083,-14.9107,HINDUNILVR
2025-12-03,2453.2466947597763,2459.879183417393,2378.903029581739,2423.350830078125,3535932,2407.1109,2450.1888,59.3001,-4.8129,-12.8911,HINDUNILVR
2025-12-04,2415.431298091029,2457.9983250655837,2398.8004113086886,2437.40771484375,2587753,2409.3482,2448.4082,58.1637,-3.2485,-10.9626,HINDUNILVR
2025-12-05,2397.6126302941066,2397.6126302941066,2263.674931718664,2315.052490234375,4008271,2405.6162,2445.1627,36.9959,-11.7464,-11.1194,HINDUNILVR
2025-12-08,2326.4365509724244,2331.3862051452247,2278.8207811571547,2290.699951171875,1898154,2400.9239,2440.8938,36.5992,-20.213,-12.9381,HINDUNILVR
2025-12-09,2294.659840185007,2306.934886746879,2274.960311827886,2283.275634765625,1471488,2394.9348,2436.6964,27.9032,-27.2083,-15.7921,HINDUNILVR
2025-12-10,2283.2756424827394,2293.570827267341,2271.891437024881,2278.52392578125,2857290,2388.8566,2432.9246,28.6916,-32.758,-19.1853,HINDUNILVR
2025-12-11,2273.1783599753567,2289.710157566845,2268.9216087951613,2282.384765625,1108032,2383.808,2429.5031,28.3542,-36.4247,-22.6332,HINDUNILVR
2025-12-12,2283.6714979780418,2285.750449542293,2222.097844295659,2237.837890625,3203114,2375.5371,2424.8665,25.3169,-42.436,-26.5938,HINDUNILVR
2025-12-15,2237.83786456232,2275.8511140306505,2229.32436224316,2270.406494140625,1274115,2369.0283,2420.453,32.9757,-44.064,-30.0878,HINDUNILVR
2025-12-16,2270.3073037063286,2279.513708903146,2253.0826036728013,2258.13134765625,1256042,2362.9452,2415.6231,29.7328,-45.8166,-33.2336,HINDUNILVR
2025-12-17,2258.230235399214,2263.179889712154,2245.460223944765,2252.686767578125,808100,2354.7288,2410.7453,23.6772,-47.1019,-36.0072,HINDUNILVR
2025-12-18,2247.1431656574155,2255.35964054673,2232.5912296171614,2242.6884765625,1057295,2346.6658,2406.1507,19.5026,-48.3697,-38.4797,HINDUNILVR
2025-12-19,2240.906558258753,2261.7941971851546,2240.906558258753,2257.04248046875,1237214,2339.0582,2402.1791,23.0342,-47.6668,-40.3171,HINDUNILVR
2025-12-22,2257.0424338692947,2271.8913972500136,2257.0424338692947,2266.44677734375,790773,2332.391,2398.0518,22.1696,-45.8226,-41.4182,HINDUNILVR
2025-12-23,2266.2486667249427,2286.7401862916095,2257.7351650294536,2279.414794921875,1128801,2326.8722,2393.9619,27.3942,-42.8211,-41.6988,HINDUNILVR
2025-12-24,2279.414949884213,2281.790687332576,2255.161643229268,2259.22021484375,519380,2319.7942,2390.1772,22.5442,-41.5924,-41.6775,HINDUNILVR
2025-12-26,2259.3192987304974,2266.9417181800486,2252.092754960529,2262.387939453125,533626,2311.5629,2386.2693,37.1745,-39.9031,-41.3226,HINDUNILVR
2025-12-29,2265.8526552878384,2275.554026080165,2257.0423672814736,2270.20849609375,1086695,2302.9851,2382.1898,44.5726,-37.501,-40.5583,HINDUNILVR
2025-12-30,2270.208530832208,2274.8611576222947,2260.0121944524367,2267.1396484375,1556717,2294.3579,2377.214,45.6253,-35.4364,-39.5339,HINDUNILVR
2025-12-31,2266.941697626568,2302.0842435941418,2263.773967171593,2292.580810546875,1324220,2286.3444,2371.918,53.4266,-31.3855,-37.9042,HINDUNILVR
2026-01-01,2298.6194441455013,2302.5791675634955,2276.8409653465346,2299.609375,758866,2280.1573,2366.9453,54.1349,-27.2934,-35.7821,HINDUNILVR
2026-01-02,2302.5791870325143,2333.959947048983,2298.61946358104,2324.357666015625,973413,2274.5048,2362.5206,72.9517,-21.8021,-32.9861,HINDUNILVR
2026-01-05,2317.923087360375,2369.8944570321323,2312.8743433478985,2360.09423828125,1344113,2276.7569,2358.6161,73.3988,-14.4005,-29.269,HINDUNILVR
2026-01-06,2374.646286801663,2403.65131045372,2343.958428959233,2400.285400390625,1584720,2282.2362,2357.1892,82.3715,-5.2314,-24.4614,HINDUNILVR
2026-01-07,2391.672939054789,2397.5134344101753,2358.0152900780245,2375.239990234375,892690,2286.8344,2355.3517,75.6208,0.0142,-19.5663,HINDUNILVR
2026-01-08,2364.944858096775,2393.7519432044614,2344.255399502143,2362.66796875,1163828,2291.0416,2353.5515,74.8157,3.1209,-15.0289,HINDUNILVR
2026-01-09,2358.0152139754705,2361.9749372567057,2337.2266667489866,2348.7099609375,1189464,2294.3578,2351.649,68.9909,4.4058,-11.1419,HINDUNILVR
2026-01-12,2338.216782309291,2389.5940992696505,2337.226851410769,2381.9716796875,1057665,2301.5645,2350.7751,71.7805,8.0157,-7.3104,HINDUNILVR
2026-01-13,2390.782022961365,2397.8103867825116,2341.1863921461404,2365.439697265625,1519683,2306.3162,2349.6512,66.0036,9.4339,-3.9615,HINDUNILVR
2026-01-14,2374.7450098298477,2374.7450098298477,2317.428110518576,2329.80224609375,1027639,2309.8997,2347.9225,62.4173,7.5946,-1.6503,HINDUNILVR
2026-01-15,2329.80224609375,2329.80224609375,2329.80224609375,2329.80224609375,0,2313.7555,2346.4747,61.9936,6.067,-0.1069,HINDUNILVR
2026-01-16,2346.1362458650515,2349.0069488178538,2325.2486070875743,2336.6328125,1367606,2318.4527,2345.3541,61.8593,5.3459,0.9837,HINDUNILVR
2026-01-19,2329.30730174585,2400.978198972787,2329.30730174585,2389.593994140625,1505238,2325.0803,2345.3521,68.5568,8.9448,2.5759,HINDUNILVR
2026-01-20,2398.602397957309,2414.441291216623,2344.6511677927724,2355.14453125,1460806,2329.5152,2344.7641,59.229,8.9145,3.8436,HINDUNILVR
2026-01-21,2355.1445790948096,2376.329002586571,2336.2368032094596,2344.15625,1020245,2332.7523,2343.5861,56.4954,7.9125,4.6574,HINDUNILVR
2026-01-22,2345.04711560399,2377.8139237153,2341.879385191128,2366.52880859375,1745964,2338.1177,2342.9149,56.1919,8.8221,5.4903,HINDUNILVR
2026-01-23,2375.8341817545133,2409.7888602718917,2352.8678330006896,2385.238525390625,1378097,2344.2602,2342.9525,53.8862,10.9267,6.5776,HINDUNILVR
2026-01-27,2387.713182496065,2397.216615218734,2356.5303610828705,2376.724853515625,2060117,2349.586,2342.4219,45.9633,11.7719,7.6165,HINDUNILVR
2026-01-28,2378.902901138909,2395.8305735138733,2317.0322235644744,2354.451416015625,1797593,2353.9516,2341.4993,46.4041,10.5231,8.1978,HINDUNILVR
2026-01-29,2346.6310422104034,2350.7887033771153,2288.720088416137,2328.911376953125,1478536,2355.7682,2340.4817,44.4117,7.3875,8.0357,HINDUNILVR
2026-01-30,2317.428169157251,2360.985127484,2316.4382382861886,2349.10595703125,2090462,2358.243,2339.1235,50.0642,6.4575,7.7201,HINDUNILVR
2026-02-02,2332.3760961990047,2336.236729715009,2279.810673107486,2333.56396484375,1375089,2358.7033,2337.7158,41.6695,4.4155,7.0592,HINDUNILVR
2026-02-03,2365.934667080886,2375.734885556113,2319.704945981085,2344.750244140625,1553270,2357.9361,2336.4269,46.3728,3.6577,6.3789,HINDUNILVR
2026-02-04,2336.830792697157,2369.3994200347297,2333.0690072409366,2347.1259765625,1232755,2355.2781,2335.3736,53.4381,3.2118,5.7455,HINDUNILVR
2026-02-05,2338.7116518565326,2398.6024687612185,2327.921502178045,2330.693115234375,1962066,2353.0508,2334.1917,50.166,1.515,4.8994,HINDUNILVR
2026-02-06,2330.693062545289,2404.5419995502302,2313.963328097432,2399.790283203125,1421995,2354.9069,2334.1719,59.5509,5.6803,5.0556,HINDUNILVR
2026-02-09,2400.58238066687,2414.441412967627,2377.813970458483,2410.481689453125,958484,2357.9955,2333.8412,53.6217,9.7319,5.9908,HINDUNILVR
2026-02-10,2410.4817200012817,2433.3492202602692,2405.6311553074825,2428.89453125,792532,2360.3416,2333.5838,63.5405,14.2641,7.6455,HINDUNILVR
2026-02-11,2435.2298831546827,2445.723246803812,2422.360782146142,2438.1005859375,1137856,2363.9747,2333.5522,67.3618,18.3869,9.7938,HINDUNILVR
2026-02-12,2450.078811010715,2454.6325895142136,2326.436546675471,2385.436279296875,4656164,2366.7564,2332.2039,53.1424,17.2062,11.2763,HINDUNILVR
2026-02-13,2375.834017414984,2375.834017414984,2277.13796094467,2281.988525390625,2791519,2364.3657,2329.3766,36.611,7.8329,10.5876,HINDUNILVR
2026-02-16,2284.8595085309053,2303.5691050619544,2265.0608913838323,2295.649658203125,2036833,2362.3165,2326.5415,39.625,1.4897,8.768,HINDUNILVR
2026-02-17,2286.047297375419,2302.579093779329,2280.206560511637,2289.01708984375,1233244,2357.2877,2326.0207,41.2774,-4.0262,6.2092,HINDUNILVR
2026-02-18,2289.3143418344703,2305.4500224815533,2282.7807010907572,2300.1044921875,830787,2354.5357,2326.2088,46.0061,-7.4174,3.4839,HINDUNILVR
2026-02-19,2312.4783943638467,2313.864200838222,2252.686669538672,2256.349365234375,940180,2350.1453,2325.6703,37.9284,-13.4802,0.0911,HINDUNILVR
2026-02-20,2261.992106805432,2307.7268660551376,2255.359618111006,2291.195068359375,1716316,2346.3786,2325.9237,44.7498,-15.2969,-2.9865,HINDUNILVR
2026-02-23,2301.589198978469,2326.3374699352266,2297.4315377942003,2321.78369140625,1300035,2343.2059,2326.7117,47.2846,-14.1059,-5.2104,HINDUNILVR
2026-02-24,2307.627974972371,2348.116051360412,2306.835981930553,2334.85107421875,1544803,2341.1122,2328.652,48.5845,-11.9695,-6.5622,HINDUNILVR
2026-02-25,2345.0472309590837,2356.0355607092815,2325.3477025655893,2350.98681640625,1158620,2340.939,2330.2636,52.3418,-8.8722,-7.0242,HINDUNILVR
2026-02-26,2354.0555642457175,2363.261969498705,2331.485092501007,2359.30224609375,1470677,2342.4585,2332.287,44.5655,-5.681,-6.7556,HINDUNILVR
2026-02-27,2345.443166643118,2354.946357613014,2307.1328918130507,2314.557373046875,3053227,2340.7311,2333.5244,38.2031,-6.6855,-6.7415,HINDUNILVR
2026-03-02,2279.810762828429,2330.29723651677,2267.139599527044,2297.233642578125,2273224,2338.9146,2334.6153,33.7646,-8.7782,-7.1489,HINDUNILVR
2026-03-04,2269.812432719107,2288.3243336403816,2229.4234459004774,2238.53076171875,2648737,2333.6036,2334.2451,28.0679,-15.0006,-8.7192,HINDUNILVR
2026-03-05,2252.5877729936083,2254.86466241023,2205.961930722778,2232.294189453125,1751288,2327.862,2333.562,31.2576,-20.2023,-11.0158,HINDUNILVR
2026-03-06,2222.4938661562232,2227.344430687897,2197.15153951635,2203.2890625,1674258,2321.4918,2332.0395,38.2223,-26.3613,-14.0849,HINDUNILVR
2026-03-09,2176.8580406764563,2177.8479715726257,2148.545920373073,2172.50244140625,1512817,2310.1274,2330.3052,32.469,-33.3422,-17.9364,HINDUNILVR
2026-03-10,2201.606195210621,2201.606195210621,2153.0995838952795,2168.146484375,1084986,2298.0107,2328.4203,32.6809,-38.779,-22.1049,HINDUNILVR
2026-03-11,2168.1465318534633,2172.8982483412015,2134.290944612132,2139.636474609375,1313256,2283.5478,2325.8089,28.1005,-44.8711,-26.6581,HINDUNILVR
2026-03-12,2143.2992989000727,2143.2992989000727,2088.061111223958,2115.383056640625,1791973,2267.4119,2322.7738,29.6804,-51.0674,-31.54,HINDUNILVR
2026-03-13,2114.492390950521,2169.8294312879443,2098.950524241146,2138.250732421875,2298875,2255.0526,2319.6872,27.1653,-53.516,-35.9352,HINDUNILVR
2026-03-16,2147.7540473535414,2164.681719709848,2132.3110295750503,2153.79248046875,1981511,2248.6428,2316.7708,23.7388,-53.5847,-39.4651,HINDUNILVR
2026-03-17,2150.921837339099,2162.8010077496438,2123.8966763186418,2136.46875,1705956,2240.6838,2313.013,19.3952,-54.4098,-42.454,HINDUNILVR
2026-03-18,2143.2002132585976,2153.099521402979,2108.2556071724653,2113.79931640625,2441148,2231.9229,2308.0871,14.1318,-56.2446,-45.2121,HINDUNILVR
2026-03-19,2090.734099450428,2112.1167039586576,2049.256090646583,2056.383544921875,2098905,2219.7368,2301.2091,10.1147,-61.6213,-48.494,HINDUNILVR
2026-03-20,2078.5578289353593,2078.656918696704,2048.166999131025,2061.72900390625,2429744,2210.0058,2294.9389,12.8563,-64.7052,-51.7362,HINDUNILVR
2026-03-23,2041.534531517212,2075.8850852106953,2012.8265355843985,2031.5361328125,2599535,2197.0229,2288.3162,12.3879,-68.7925,-55.1475,HINDUNILVR
2026-03-24,2049.1568963579134,2093.7037854091727,2045.1971728866906,2064.005859375,1702418,2184.134,2282.6222,23.3121,-68.6207,-57.8421,HINDUNILVR
2026-03-25,2076.874939459462,2133.0039707547157,2064.9957691670343,2113.304443359375,2069217,2173.0566,2277.2488,33.9219,-63.7714,-59.028,HINDUNILVR
2026-03-27,2101.920214571949,2105.5829103672913,2048.6618866972776,2053.512451171875,2789151,2158.1829,2271.0103,31.3164,-64.0151,-60.0254,HINDUNILVR
2026-03-30,2043.2172992976207,2061.4319304866403,2025.5964816164349,2034.505859375,2482193,2141.9431,2265.1044,32.2646,-64.9927,-61.0189,HINDUNILVR
2026-04-01,2098.5542902611737,2098.5542902611737,2031.338082923151,2043.91015625,2028470,2128.4107,2259.3865,34.2376,-64.2678,-61.6687,HINDUNILVR
2026-04-02,2034.3079361718803,2049.0578094497764,2002.13518292342,2044.5042724609375,1431905,2115.7743,2253.5439,37.01,-62.9201,-61.9189,HINDUNILVR
2026-04-06,2044.5042099690797,2071.727308039528,2021.3398041699922,2063.807861328125,1661298,2107.0381,2247.0282,42.8611,-59.6072,-61.4566,HINDUNILVR
2026-04-07,2043.9101735971367,2098.1584324058085,2030.1502314824131,2089.34814453125,2709707,2099.8908,2241.7123,43.2807,-54.295,-60.0243,HINDUNILVR
2026-04-08,2108.552830795398,2170.720540058606,2108.552830795398,2123.995849609375,3794437,2095.9262,2237.3091,46.1101,-46.7503,-57.3695,HINDUNILVR
2026-04-09,2123.896656880212,2141.1213571449207,2093.7037656964103,2111.720458984375,2506245,2092.8871,2232.2129,46.726,-41.2857,-54.1527,HINDUNILVR
2026-04-10,2111.7205746871014,2148.1500806118274,2100.039341580484,2133.59814453125,2144484,2091.1596,2227.1801,52.6247,-34.7886,-50.2799,HINDUNILVR
2026-04-13,2109.5427916939393,2119.145073286812,2092.2190005842986,2105.781005859375,1994541,2089.4669,2221.7612,57.1062,-31.5209,-46.5281,HINDUNILVR
2026-04-15,2119.342960674532,2146.1701846556675,2119.342960674532,2135.875,1552971,2090.4915,2217.3897,59.9575,-26.2008,-42.4626,HINDUNILVR
2026-04-16,2136.270876584757,2141.9134343634555,2107.6619703228953,2117.561279296875,1845734,2089.457,2213.1627,61.9335,-23.195,-38.6091,HINDUNILVR
2026-04-17,2120.4318458384037,2222.3947217120526,2111.522468334881,2218.237060546875,4882697,2092.6792,2210.5453,67.9907,-12.5446,-33.3962,HINDUNILVR
2026-04-20,2218.2371672517165,2230.710151347242,2200.814287067127,2209.03076171875,1460822,2096.3073,2208.0547,62.3184,-4.7917,-27.6753,HINDUNILVR
2026-04-21,2216.1580861785023,2312.1813760556415,2204.773881708532,2287.43310546875,3217281,2104.989,2206.9083,78.726,7.5915,-20.6219,HINDUNILVR
2026-04-22,2287.136135627566,2383.753483110979,2287.136135627566,2344.9482421875,5558325,2119.4173,2206.8648,84.8289,21.7949,-12.1386,HINDUNILVR
2026-04-23,2312.478464472606,2375.8340388417187,2312.478464472606,2342.572265625,2063531,2133.4594,2207.1023,84.0442,32.4851,-3.2138,HINDUNILVR
2026-04-24,2364.5490228916565,2364.5490228916565,2275.8511183860137,2303.8662109375,1676706,2147.0759,2205.1839,77.201,37.4027,4.9095,HINDUNILVR
2026-04-27,2311.3896002112174,2339.0088177903613,2301.5893808110277,2304.856201171875,1099681,2159.1184,2203.0714,76.2902,40.9083,12.1092,HINDUNILVR
2026-04-28,2297.62960044326,2310.8945777237636,2258.131454523486,2266.44677734375,1629120,2166.7756,2199.8224,68.788,40.1246,17.7123,HINDUNILVR
2026-04-29,2281.7906936045574,2326.0405558989446,2267.9316611922086,2291.095947265625,1778765,2178.6547,2196.8823,68.1116,41.0197,22.3738,HINDUNILVR
2026-04-30,2288.720225829817,2344.948348918507,2189.331260792845,2228.2353515625,4434979,2188.3412,2193.7383,61.3808,36.239,25.1468,HINDUNILVR
2026-05-01,2228.2353515625,2228.2353515625,2228.2353515625,2228.2353515625,0,2197.5575,2192.6632,59.6565,32.0805,26.5336,HINDUNILVR
2026-05-04,2245.955163802939,2341.978456380622,2245.955163802939,2286.04736328125,2554255,2209.6346,2192.4712,67.333,33.0685,27.8406,HINDUNILVR
2026-05-05,2278.3259741656116,2311.884535117792,2265.0609967330465,2303.965087890625,1741424,2221.6425,2192.7701,66.5497,34.8951,29.2515,HINDUNILVR
2026-05-06,2306.5388097283676,2315.84406275992,2265.258742886433,2293.768798828125,1196175,2231.8635,2192.6434,67.6307,35.1152,30.4242,HINDUNILVR
2026-05-07,2286.7402347777156,2304.4599000972157,2245.262229356629,2249.32080078125,1859012,2238.1298,2192.5028,53.5045,31.3417,30.6077,HINDUNILVR
2026-05-08,2249.3208664913536,2274.16822791307,2233.2840347907604,2264.664794921875,1104526,2245.777,2191.9722,56.1867,29.2522,30.3366,HINDUNILVR
2026-05-11,2254.1717310173203,2293.7689667003274,2236.4518230397666,2283.968505859375,1903862,2253.2955,2191.2159,49.5564,28.8216,30.0336,HINDUNILVR
2026-05-12,2262.289070470158,2283.770522059433,2233.2840475795756,2239.2236328125,983506,2259.9676,2189.3034,36.0063,24.5864,28.9442,HINDUNILVR
2026-05-13,2242.193325602698,2272.683243444049,2227.3443631814885,2244.47021484375,1308559,2265.3974,2187.1731,37.1131,21.4065,27.4366,HINDUNILVR
2026-05-14,2245.1630860930386,2262.882750990242,2222.3946773716366,2226.057373046875,1380764,2270.8222,2184.5082,39.2033,17.2024,25.3898,HINDUNILVR
2026-05-15,2226.0574260984463,2275.7519058077983,2223.582599004531,2249.32080078125,1038522,2272.3764,2183.2034,42.7425,15.5684,23.4255,HINDUNILVR
2026-05-18,2240.312727327763,2242.193499373944,2202.299235574,2231.502197265625,1118204,2273.5,2181.8888,45.1736,12.6893,21.2783,HINDUNILVR
2026-05-19,2219.424971337065,2259.022205437637,2207.0508356806363,2210.41650390625,1145022,2269.6491,2181.3265,38.7462,8.6069,18.744,HINDUNILVR
2026-05-20,2202.4969749325523,2204.4768365637315,2178.83772511289,2187.05419921875,1071994,2261.7544,2180.4217,43.5444,3.4467,15.6845,HINDUNILVR
2026-05-21,2201.6062145049336,2206.5558687641624,2154.0895336163376,2157.059326171875,1581812,2252.4788,2179.4971,39.8014,-3.0282,11.942,HINDUNILVR
2026-05-22,2158.0493989217307,2202.101324725408,2153.4956200308816,2181.411865234375,1382889,2246.3561,2179.6753,33.4171,-6.124,8.3288,HINDUNILVR
2026-05-25,2192.696776899151,2215.56427562462,2170.8192089984664,2174.383056640625,780722,2239.8324,2179.8,28.7293,-9.0403,4.855,HINDUNILVR
2026-05-26,2177.451947396857,2197.6464396286196,2167.9485147687737,2187.153076171875,2302703,2235.8677,2180.7504,32.6458,-10.2035,1.8433,HINDUNILVR
2026-05-27,2182.8966461541704,2192.3009893676626,2164.9788008323703,2176.263916015625,616538,2230.1261,2181.968,36.6498,-11.8672,-0.8988,HINDUNILVR
2026-05-28,2176.263916015625,2176.263916015625,2176.263916015625,2176.263916015625,0,2227.5275,2182.7283,32.8862,-13.0355,-3.3262,HINDUNILVR
2026-05-29,2112.017544397656,2185.569457533162,2096.77270543257,2131.816162109375,17701621,2222.7066,2182.2887,23.1576,-17.3479,-6.1305,HINDUNILVR
2026-06-01,2136.7658114814612,2145.6751894306544,2059.3532647482753,2063.31298828125,1470488,2211.5699,2180.8256,21.3665,-25.9935,-10.1031,HINDUNILVR
2026-06-02,2058.066228961863,2075.88498419097,2044.9001003727778,2072.6181640625,2148903,2200.0025,2180.002,22.3919,-31.7286,-14.4282,HINDUNILVR
2026-06-03,2070.9353670832684,2078.4589383211337,2051.334687643431,2069.549560546875,1544973,2188.7916,2180.2653,23.5531,-36.1052,-18.7636,HINDUNILVR
2026-06-04,2067.9655912455964,2089.64498066566,2052.621662732285,2058.462158203125,2142735,2179.2486,2180.2,16.3643,-40.0071,-23.0123,HINDUNILVR
2026-06-05,2065.688783694319,2106.07801320051,2056.284440039605,2100.138427734375,1822999,2171.0223,2181.572,28.645,-39.2836,-26.2666,HINDUNILVR
2026-06-08,2084.101554867211,2103.603145099428,2070.440460223743,2088.853271484375,1601497,2161.2665,2182.069,29.5878,-39.1694,-28.8471,HINDUNILVR
2026-06-09,2098.3565153522595,2117.0663546833757,2088.8533235633454,2111.32470703125,1460636,2154.8716,2182.0294,37.2458,-36.8409,-30.4459,HINDUNILVR
2026-06-10,2113.403324412981,2182.6984855334144,2112.017517863509,2147.655029296875,2325534,2150.0308,2183.9122,48.4492,-31.6986,-30.6964,HINDUNILVR
2026-06-11,2142.2104294070446,2143.2003602893956,2113.7994614200466,2118.254150390625,1178896,2144.6407,2185.5872,39.7559,-29.6539,-30.4879,HINDUNILVR
2026-06-12,2129.539277901612,2157.455280606382,2123.40175473256,2146.962158203125,1156153,2139.5227,2187.6482,45.8446,-25.4238,-29.4751,HINDUNILVR
2026-06-15,2177.848007096508,2188.7372471319904,2128.351461480678,2134.39013671875,1439449,2134.6671,2189.4459,41.9994,-22.8229,-28.1447,HINDUNILVR
2026-06-16,2139.2405659215233,2186.7572467009,2138.3497248298445,2177.748779296875,1337309,2133.0338,2191.7248,50.205,-17.0662,-25.929,HINDUNILVR
2026-06-17,2178.9369260000276,2202.2003013528906,2161.0190806510564,2175.47216796875,1511401,2132.4547,2193.4472,49.8914,-12.5431,-23.2518,HINDUNILVR
2026-06-18,2186.460250293131,2199.2305034441215,2174.68016968817,2196.16162109375,1120482,2134.4098,2194.8906,59.4422,-7.206,-20.0426,HINDUNILVR
2026-06-19,2187.3514048487905,2188.34133574496,2157.950263886682,2172.50244140625,1508994,2133.9643,2196.1062,68.4511,-4.8297,-17.0,HINDUNILVR
2026-06-22,2181.5106513903265,2185.9653403900866,2160.524164883483,2162.89990234375,765860,2133.3901,2196.6922,65.2407,-3.6789,-14.3358,HINDUNILVR
2026-06-23,2160.10009765625,2179.699951171875,2156.0,2160.10009765625,710082,2132.0375,2197.7786,65.3,-2.9587,-12.0604,HINDUNILVR
2026-06-24,2160.0,2166.0,2140.0,2157.800048828125,942271,2131.1143,2198.2171,67.2984,-2.5442,-10.1571,HINDUNILVR
2026-06-25,2161.0,2200.89990234375,2161.0,2174.199951171875,1898262,2131.0111,2199.3499,64.1418,-0.8822,-8.3022,HINDUNILVR
2026-06-26,2174.199951171875,2174.199951171875,2174.199951171875,2174.199951171875,0,2133.1303,2198.4692,67.0306,0.43,-6.5557,HINDUNILVR
2026-06-29,2172.0,2189.89990234375,2143.0,2151.300048828125,1423514,2137.5296,2197.3145,57.9633,-0.3736,-5.3193,HINDUNILVR
2026-06-30,2151.0,2151.300048828125,2114.199951171875,2118.199951171875,2364422,2139.8087,2193.9299,44.0559,-3.6395,-4.9833,HINDUNILVR
2026-07-01,2133.5,2190.0,2120.199951171875,2182.0,2497576,2145.4312,2190.6709,61.2958,-1.0672,-4.2001,HINDUNILVR
2026-07-02,2186.0,2216.0,2179.199951171875,2210.60009765625,2585362,2153.0381,2188.0315,61.281,3.2417,-2.7117,HINDUNILVR
2026-07-03,2224.89990234375,2239.300048828125,2190.0,2201.199951171875,1536616,2158.0912,2185.9781,61.978,5.8309,-1.0032,HINDUNILVR
2026-07-06,2202.10009765625,2221.39990234375,2190.300048828125,2202.0,2131061,2163.7486,2183.921,55.1308,7.8568,0.7688,HINDUNILVR
2026-07-07,2200.0,2219.39990234375,2193.699951171875,2208.800048828125,2552492,2168.6223,2182.7681,56.9188,9.897,2.5944,HINDUNILVR
2026-07-08,2199.0,2199.0,2130.0,2135.800048828125,1326689,2168.0296,2179.6622,39.7051,5.5592,3.1874,HINDUNILVR
2026-07-09,2139.0,2166.800048828125,2137.10009765625,2144.5,2201039,2169.3419,2177.9875,44.9673,2.7914,3.1082,HINDUNILVR
2026-07-10,2151.5,2178.0,2145.0,2150.60009765625,1665179,2169.5238,2176.4348,47.7612,1.0777,2.7021,HINDUNILVR
2026-07-13,2143.0,2143.0,2120.0,2130.60009765625,1833988,2169.3343,2173.3258,44.9469,-1.8727,1.7871,HINDUNILVR
2026-07-14,2125.0,2145.0,2116.10009765625,2120.199951171875,2681897,2166.4568,2169.6505,43.7333,-4.9926,0.4312,HINDUNILVR
2026-07-15,2121.0,2128.5,2091.0,2102.60009765625,2029614,2162.8132,2165.8271,38.1143,-8.784,-1.4119,HINDUNILVR
2026-07-16,2104.89990234375,2123.0,2096.0,2098.39990234375,2143092,2157.9251,2162.8087,37.5901,-11.9894,-3.5274,HINDUNILVR
2026-07-17,2100.0,2154.5,2092.10009765625,2143.800048828125,1059832,2156.49,2160.3914,48.8564,-10.7425,-4.9704,HINDUNILVR
2026-07-20,2153.800048828125,2153.800048828125,2128.39990234375,2139.699951171875,689849,2155.33,2157.506,53.5965,-9.9703,-5.9704,HINDUNILVR
2026-07-21,2139.699951171875,2147.699951171875,2127.5,2142.5,1032417,2154.45,2155.5716,41.6982,-9.0282,-6.5819,HINDUNILVR
2026-07-22,2139.699951171875,2159.89990234375,2130.0,2154.60009765625,819175,2154.29,2153.7742,37.3533,-7.222,-6.71,HINDUNILVR
2026-07-23,2150.0,2166.0,2139.89990234375,2161.800048828125,833281,2153.67,2152.489,41.0128,-5.1502,-6.398,HINDUNILVR
2026-07-24,2148.0,2163.0,2139.0,2145.0,1603494,2152.21,2150.4026,37.8827,-4.8085,-6.0801,HINDUNILVR
2026-07-27,2155.0,2181.300048828125,2152.39990234375,2174.60009765625,698681,2153.375,2149.2646,43.3721,-2.1248,-5.289,HINDUNILVR
2026-07-28,2174.60009765625,2213.0,2016.0,2022.699951171875,9947304,2148.6,2145.5102,33.2146,-12.1153,-6.6543,HINDUNILVR
2026-07-29,2050.5,2123.0,2047.0,2117.800048828125,5183374,2145.39,2144.1252,46.8462,-12.2182,-7.7671,HINDUNILVR
2026-07-30,2120.0,2132.60009765625,2088.0,2107.89990234375,2602039,2140.255,2143.142,45.0012,-12.9493,-8.8035,HINDUNILVR
2026-07-31,2119.60009765625,2119.60009765625,2091.10009765625,2101.300048828125,1759019,2135.26,2141.5397,46.4588,-13.9011,-9.823,HINDUNILVR
2026-08-03,2107.0,2138.0,2105.300048828125,2138.0,740649,2132.06,2140.8121,52.0227,-11.5607,-10.1706,HINDUNILVR
2026-08-04,2119.10009765625,2119.10009765625,2070.199951171875,2096.5,1657094,2126.445,2138.999,49.3425,-12.9059,-10.7176,HINDUNILVR
2026-08-05,2085.300048828125,2097.800048828125,2074.199951171875,2085.300048828125,1150148,2123.92,2137.1797,48.6091,-14.7062,-11.5153,HINDUNILVR
2026-08-06,2081.0,2094.0,2075.199951171875,2079.5,1160270,2120.67,2135.2444,42.5458,-16.4117,-12.4946,HINDUNILVR
2026-08-07,2083.10009765625,2099.39990234375,2077.199951171875,2096.0,1054665,2117.94,2134.5281,45.0755,-16.2447,-13.2446,HINDUNILVR
2026-08-10,2096.0,2097.0,2076.0,2087.199951171875,1118008,2115.77,2135.0059,43.8515,-16.6308,-13.9219,HINDUNILVR
2026-08-11,2086.0,2086.5,2063.800048828125,2064.89990234375,956661,2113.005,2134.8515,40.2479,-18.5226,-14.842,HINDUNILVR
2026-08-12,2065.0,2072.10009765625,2050.10009765625,2063.0,995523,2111.025,2134.7205,39.1333,-19.9453,-15.8627,HINDUNILVR
2026-08-13,2063.0,2092.0,2052.89990234375,2092.0,1186057,2110.705,2135.3913,44.3231,-18.5192,-16.394,HINDUNILVR
2026-08-14,2089.0,2090.89990234375,2066.39990234375,2077.0,1148419,2107.365,2134.9285,39.2083,-18.3875,-16.7927,HINDUNILVR
2026-08-17,2070.89990234375,2076.0,2055.0,2055.0,1024288,2103.13,2134.2514,55.0109,-19.8297,-17.4001,HINDUNILVR
2026-08-18,2055.0,2060.0,2034.9000244140625,2035.0,1234596,2097.755,2132.7249,33.2524,-22.3291,-18.3859,HINDUNILVR
2026-08-19,2035.0,2041.699951171875,2008.300048828125,2020.699951171875,1449442,2091.06,2130.1858,32.6709,-25.1737,-19.7435,HINDUNILVR
2026-08-20,2022.9000244140625,2043.5999755859375,2018.199951171875,2028.0,1401471,2084.37,2128.3808,35.4736,-26.533,-21.1014,HINDUNILVR
2026-08-21,2028.0,2034.699951171875,2012.0,2015.0,857182,2077.87,2125.7415,23.0971,-28.3328,-22.5477,HINDUNILVR
2024-08-21,1070.833948709319,1077.0289038642159,1065.2290807379422,1067.0972900390625,4869876,1067.0973,1067.0973,,0.0,0.0,TATAMOTORS
2024-08-22,1071.8172728043394,1076.488036149129,1047.1850938882142,1050.626708984375,9377476,1058.862,1058.862,,-1.3139,-0.2628,TATAMOTORS
2024-08-23,1055.1007519054117,1074.3737705242843,1053.1341149027921,1067.048095703125,10179655,1061.5907,1061.5907,,-1.0184,-0.4139,TATAMOTORS
2024-08-26,1070.8339388984687,1084.9445365842228,1064.7865055948575,1074.17724609375,9415039,1064.7373,1064.7373,,-0.2065,-0.3724,TATAMOTORS
2024-08-27,1074.816388319003,1078.3563110896594,1057.0674404906517,1059.2799072265625,8813305,1063.6458,1063.6458,,-0.7565,-0.4492,TATAMOTORS
2024-08-28,1064.8847798247223,1070.5388615090756,1052.2491604151855,1056.625,8145376,1062.4757,1062.4757,,-1.3905,-0.6375,TATAMOTORS
2024-08-29,1061.0498652917627,1122.949716261215,1048.21751097588,1102.939208984375,40658159,1068.2562,1068.2562,,1.8231,-0.1454,TATAMOTORS
2024-08-30,1095.3676393528276,1096.400171833177,1079.142883446776,1092.81103515625,17647545,1071.3256,1071.3256,,3.5123,0.5862,TATAMOTORS
2024-09-02,1086.5670564448242,1086.5670564448242,1069.2114590929987,1074.423095703125,8116675,1071.6697,1071.6697,,3.3288,1.1347,TATAMOTORS
2024-09-03,1079.2905063359,1081.6504950591952,1064.1473753982687,1066.9990234375,5088731,1071.2027,1071.2027,,2.5548,1.4187,TATAMOTORS
2024-09-04,1061.0007497418949,1066.900661232582,1054.2158275208035,1062.426513671875,4665908,1070.4048,1070.4048,,1.5546,1.4459,TATAMOTORS
2024-09-05,1062.9673644173524,1067.7364354312956,1049.1516906220083,1051.3150634765625,7900593,1068.814,1068.814,,-0.1332,1.1301,TATAMOTORS
2024-09-06,1050.970955482245,1055.051631597624,1023.1429914119778,1031.8453369140625,8717377,1065.9703,1065.9703,,-3.0071,0.3026,TATAMOTORS
2024-09-09,1031.845291317038,1032.4352584373107,1009.1306569315186,1021.3729248046875,7206054,1062.7847,1062.7847,,-6.0599,-0.9699,TATAMOTORS
2024-09-10,1031.5011186438999,1031.5011186438999,1014.9813196358132,1018.5213623046875,6919238,1059.8339,1059.8339,37.1018,-8.6101,-2.4979,TATAMOTORS
2024-09-11,983.318578325336,994.6758959015931,955.0481691984827,960.013916015625,36140411,1053.5951,1053.5951,30.3308,-15.1773,-5.0338,TATAMOTORS
2024-09-12,960.013861504205,971.5187002207452,942.0191445460263,969.6995849609375,25675836,1048.6601,1048.6601,28.2322,-19.3769,-7.9024,TATAMOTORS
2024-09-13,978.3036328758404,989.2184445896618,971.5187109886539,975.55029296875,13203676,1044.5984,1044.5984,27.8195,-21.9796,-10.7179,TATAMOTORS
2024-09-16,980.3686251639965,983.2202730554272,968.0771429026626,971.912109375,5836274,1040.7728,1040.7728,29.3035,-24.0586,-13.386,TATAMOTORS
2024-09-17,978.4019879449698,978.4019879449698,943.9858376152473,958.6864624023438,44516613,1036.6685,1036.6685,27.9059,-26.4682,-16.0025,TATAMOTORS
2024-09-18,961.8822053000707,967.2904572558382,941.1833620909429,946.0015869140625,12044431,1030.6137,1032.351,8.2636,-29.0664,-18.6152,TATAMOTORS
2024-09-19,954.2123255636446,962.6196869921398,940.3966522028953,950.8690185546875,13466770,1025.6258,1028.6473,11.1649,-30.3825,-20.9687,TATAMOTORS
2024-09-20,950.8690327657926,961.1938774855867,933.36597467278,954.65478515625,16764981,1020.0062,1025.4302,14.3859,-30.7654,-22.928,TATAMOTORS
2024-09-23,957.2605817144122,962.8655092964173,949.9348467179229,955.5889282226562,10254297,1014.0768,1022.5202,15.5413,-30.6402,-24.4705,TATAMOTORS
2024-09-24,957.7522532202712,968.5687571067424,956.3755832642838,960.9971923828125,12755422,1009.1626,1020.0593,18.7897,-29.7616,-25.5287,TATAMOTORS
2024-09-25,966.0121318720627,966.1104397166337,943.2482842729576,947.5256958007812,12959075,1003.7077,1017.2695,18.5207,-29.8087,-26.3847,TATAMOTORS
2024-09-26,954.6056194921287,978.3527860623991,949.4923511189545,976.5828247070312,21640021,997.3898,1015.7626,34.1601,-27.1879,-26.5453,TATAMOTORS
2024-09-27,979.3853195513123,983.7119453713927,972.6496111897138,976.4353637695312,10360030,991.5711,1014.3581,36.3092,-24.8365,-26.2036,TATAMOTORS
2024-09-30,976.4352892721283,980.3194094252008,955.5889246679538,958.3914184570312,12225895,985.7695,1012.4282,33.2328,-24.1507,-25.793,TATAMOTORS
2024-10-01,960.6038988981375,968.0770957421656,942.9041653040704,949.0990600585938,10085203,979.8745,1010.3172,45.805,-24.0794,-25.4503,TATAMOTORS
2024-10-03,923.3361203438936,934.300146205683,909.5696606156566,910.2579956054688,24418517,972.266,1007.0895,31.3368,-26.8475,-25.7297,TATAMOTORS
2024-10-04,914.4862049726783,933.3659321755139,904.6530199729721,915.2236938476562,19187758,965.4615,1004.2187,30.9531,-28.3142,-26.2466,TATAMOTORS
2024-10-07,926.2860514617455,928.6951938537668,899.7364512606127,912.3720703125,11772546,959.4878,1001.4354,31.1076,-29.3681,-26.8709,TATAMOTORS
2024-10-08,900.7197615023699,909.3729524479012,878.939232345704,904.4563598632812,21177886,953.642,998.5831,32.1924,-30.4906,-27.5949,TATAMOTORS
2024-10-09,911.3396224446682,932.6284931128852,910.061320329831,923.483642578125,11557737,948.8901,996.4374,42.9014,-29.5048,-27.9768,TATAMOTORS
2024-10-10,918.173713992216,927.8593778920531,897.1306726044957,913.0112915039062,13249851,946.54,994.12,38.4731,-29.2315,-28.2278,TATAMOTORS
2024-10-11,916.45286262224,921.3694552328743,913.011247794796,915.174560546875,4459529,943.8137,991.9864,37.8591,-28.5118,-28.2846,TATAMOTORS
2024-10-14,914.4862493529912,924.319434829905,909.9137940994258,912.7654418945312,5740649,940.6745,989.9016,36.9494,-27.8151,-28.1907,TATAMOTORS
2024-10-15,917.3870053868108,919.7469337735464,897.7697893338917,901.998046875,9058919,937.1788,987.6477,32.5885,-27.8113,-28.1148,TATAMOTORS
2024-10-16,901.7522731307575,907.6030305641217,884.986703691993,892.3124389648438,10298258,933.8601,985.2643,33.3334,-28.2639,-28.1446,TATAMOTORS
2024-10-17,899.6872684600444,899.6872684600444,875.2026139425392,876.7267456054688,13864583,930.3963,982.617,17.189,-29.5398,-28.4237,TATAMOTORS
2024-10-18,879.3817721128805,902.3914503166184,872.0068829471955,894.9674072265625,11527914,927.6012,980.5301,26.0757,-28.7477,-28.4885,TATAMOTORS
2024-10-21,896.8356656743475,902.3422855286306,883.1183599879206,888.2316284179688,7390557,924.2801,978.3837,27.9307,-28.3368,-28.4581,TATAMOTORS
2024-10-22,889.903234814703,890.9848611485626,860.6495096923411,864.82861328125,13617490,919.7421,975.8029,25.6534,-29.5589,-28.6783,TATAMOTORS
2024-10-23,864.3370386061522,870.8269172783048,848.8989247755426,863.0095825195312,10553771,914.8427,973.2963,32.6347,-30.3246,-29.0075,TATAMOTORS
2024-10-24,860.6495494495738,875.1534978693181,860.6495494495738,865.3203125,7233484,910.7324,970.949,31.2938,-30.3946,-29.2849,TATAMOTORS
2024-10-25,869.1552815433146,870.9743968355782,842.9989723681958,849.8822021484375,10873022,904.3974,968.3732,28.5955,-31.3346,-29.6949,TATAMOTORS
2024-10-28,853.3729908359734,871.9577356822379,845.8506398397252,863.7962036132812,7106045,898.7654,966.1945,36.6225,-30.604,-29.8767,TATAMOTORS
2024-10-29,865.5661572026626,867.7786239492755,811.9261420826261,828.6917114257812,26818871,892.2805,963.3883,21.7964,-32.4832,-30.398,TATAMOTORS
2024-10-30,831.8875007745625,839.360697814909,824.0701062284223,826.1842651367188,12933218,886.1347,960.6442,22.8809,-33.7854,-31.0755,TATAMOTORS
2024-10-31,829.7733507972158,829.7733507972158,817.9735279641908,820.1368408203125,11904413,881.6287,955.705,21.0195,-34.903,-31.841,TATAMOTORS
2024-11-01,833.8049995152365,833.8049995152365,825.9876048233294,829.3800659179688,2900548,877.3365,951.2801,25.5901,-34.6435,-32.4015,TATAMOTORS
2024-11-04,825.9875719649766,830.363351462715,800.9129492446112,810.352783203125,15514419,872.2355,946.1462,24.4097,-35.5632,-33.0338,TATAMOTORS
2024-11-05,807.7961629985195,829.5274782519356,806.7145366349013,821.7101440429688,10215249,868.0982,941.0968,30.4679,-34.9726,-33.4216,TATAMOTORS
2024-11-06,829.8225156687083,829.8225156687083,812.2210903101512,825.6925659179688,10579596,863.2086,936.4251,34.9128,-33.7935,-33.496,TATAMOTORS
2024-11-07,826.970897529139,828.691704985353,803.6662359758689,806.0753784179688,13237161,857.8618,931.4141,23.9331,-34.0496,-33.6067,TATAMOTORS
2024-11-08,808.2386716381984,808.2878255609274,787.7364444322013,792.013916015625,16072692,851.7038,925.1956,22.9472,-34.9839,-33.8821,TATAMOTORS
2024-11-11,787.6381376806565,817.5801987382088,778.7882709651435,791.2764282226562,27587619,845.6294,919.1649,26.2991,-35.3761,-34.1809,TATAMOTORS
2024-11-12,792.554780463959,799.5363184190609,769.9876069076453,771.757568359375,16526921,839.1173,913.1116,23.6064,-36.8372,-34.7122,TATAMOTORS
2024-11-13,773.8717052271711,779.4274790872546,762.6126957334898,773.1342163085938,14674022,833.1584,907.2343,23.1913,-37.4524,-35.2602,TATAMOTORS
2024-11-14,773.4783511416193,778.7882953439469,759.1219242494028,761.383544921875,11740909,827.3913,901.2134,23.6996,-38.4449,-35.8972,TATAMOTORS
2024-11-18,765.0218398157322,768.7092844163864,746.5354628878526,759.0236206054688,17053446,820.5941,895.3676,16.5673,-38.9727,-36.5123,TATAMOTORS
2024-11-19,759.0236437702529,786.5565642954201,759.0236437702529,770.1351318359375,14012014,814.6893,890.1334,27.9363,-38.0557,-36.8209,TATAMOTORS
2024-11-21,771.8559120134802,772.8392305688151,753.4678430253184,760.9410400390625,14194678,809.4949,884.9247,26.5961,-37.6369,-36.9841,TATAMOTORS
2024-11-22,762.0718954787995,780.7549484002153,762.0718954787995,777.8049926757812,14535112,805.2346,880.1104,35.9084,-35.5347,-36.6943,TATAMOTORS
2024-11-25,794.5705327020565,796.6846915657552,780.4107817637283,783.3115234375,15194167,801.1342,876.5764,34.2732,-33.0434,-35.9641,TATAMOTORS
2024-11-26,783.8523968517837,788.4247920449067,767.135981699849,769.9384155273438,10310838,797.137,872.5811,35.6495,-31.7818,-35.1276,TATAMOTORS
2024-11-27,771.9542460696947,778.6900144126155,766.1034884634216,770.8726196289062,10014685,792.4908,868.4876,30.5053,-30.3566,-34.1734,TATAMOTORS
2024-11-28,769.9384005758893,779.3290804313652,765.0218079796193,766.4476318359375,10939142,789.3786,864.3783,27.3582,-29.2471,-33.1882,TATAMOTORS
2024-11-29,766.4967957804604,776.2316732551585,764.0876533733885,773.3308715820312,10358590,786.736,860.6712,36.1366,-27.4954,-32.0496,TATAMOTORS
2024-12-02,774.1667234535175,783.4590962470467,771.9051026720196,776.870849609375,8425826,784.5727,857.2886,42.9616,-25.5273,-30.7452,TATAMOTORS
2024-12-03,781.738231355426,792.5547351855012,776.8216387053919,787.8839721679688,9874135,782.4979,854.0289,48.5607,-22.8159,-29.1593,TATAMOTORS
2024-12-04,791.5714152396604,792.5547337679084,770.9708800694642,774.9533081054688,12392259,780.7279,850.4348,51.4361,-21.463,-27.62,TATAMOTORS
2024-12-05,779.7716069115625,784.1965403681854,767.9717843605679,779.3291015625,12169428,778.6088,846.9096,52.7108,-19.8095,-26.0579,TATAMOTORS
2024-12-06,779.7715916165133,805.1903515230638,772.2000269580728,803.174560546875,19716910,777.4829,843.7532,66.5369,-16.386,-24.1235,TATAMOTORS
2024-12-09,803.1746086807738,806.6653776561058,783.7049126901164,785.4257202148438,15573233,776.4505,840.5112,59.3132,-14.9329,-22.2854,TATAMOTORS
2024-12-10,791.3747433561946,796.9305170744531,784.1473761454338,786.5565185546875,13113082,776.1776,836.7107,56.2313,-13.534,-20.5351,TATAMOTORS
2024-12-11,789.5064949632769,793.4889231235005,784.8848857329548,785.7698364257812,7763357,775.9023,832.8974,60.0638,-12.3466,-18.8974,TATAMOTORS
2024-12-12,785.8681617179428,788.6214415303598,772.3966861871542,773.2324829101562,10602758,775.976,829.1942,48.0793,-12.2757,-17.5731,TATAMOTORS
2024-12-13,775.8383360717934,779.2799509973337,762.0718763696323,777.1166381835938,14101869,776.1751,825.7545,47.3618,-11.7704,-16.4125,TATAMOTORS
2024-12-16,778.1983123626096,780.7057626226759,769.9384126643907,771.7083740234375,10015361,776.6914,822.9835,50.8086,-11.6718,-15.4644,TATAMOTORS
2024-12-17,772.3966962270684,783.0656781452384,765.0218073388405,766.7426147460938,10270253,777.0773,820.0139,48.1802,-11.8577,-14.743,TATAMOTORS
2024-12-18,761.088590302752,761.3344199507826,741.4222184603036,743.0938720703125,19085263,775.7252,816.6284,41.2005,-13.7547,-14.5454,TATAMOTORS
2024-12-19,732.0314739678861,743.1921150068209,729.0323645272779,731.6381225585938,17119599,774.2601,813.172,34.8137,-15.998,-14.8359,TATAMOTORS
2024-12-20,731.8840028884866,737.0464254038466,709.4643513966097,711.9718017578125,17962656,770.9684,808.9418,28.8461,-19.1422,-15.6972,TATAMOTORS
2024-12-23,721.4608119340994,722.149146903223,705.7277155747003,710.1526489257812,9653868,767.3105,804.8846,23.0481,-21.5325,-16.8642,TATAMOTORS
2024-12-24,711.4310103710849,732.8673439462459,710.4476917665636,723.82080078125,12553555,765.0046,801.0575,32.361,-22.0695,-17.9053,TATAMOTORS
2024-12-26,723.8207735417741,735.3256127851124,723.2799603330407,728.4423828125,9343210,762.8831,797.371,32.4755,-21.8701,-18.6982,TATAMOTORS
2024-12-27,736.5056129572472,754.0578255209225,733.2606736619043,737.9805908203125,15835079,761.4598,794.0907,25.0939,-20.7037,-19.0993,TATAMOTORS
2024-12-30,741.3238828744561,742.3072014297918,718.5108803872653,721.4116821289062,17441198,758.8638,790.6727,25.3222,-20.8757,-19.4546,TATAMOTORS
2024-12-31,721.4117128098959,730.9990691321615,720.5267020656543,727.8032836914062,7092699,756.4104,787.6942,28.2332,-20.2627,-19.6162,TATAMOTORS
2025-01-01,728.0982128042986,738.5705190704571,723.7224333708709,736.7514038085938,7792251,753.8538,784.5299,32.8753,-18.8377,-19.4605,TATAMOTORS
2025-01-02,746.6337601559998,754.5494624498249,736.8497286175199,752.287841796875,15294572,752.7205,781.811,42.8331,-16.2672,-18.8219,TATAMOTORS
2025-01-03,755.1886074301342,787.2447664991454,748.7478832633941,777.2149658203125,24773025,752.6148,780.0587,50.0294,-12.0794,-17.4734,TATAMOTORS
2025-01-06,784.3932203178629,784.3932203178629,752.5336752512796,763.301025390625,16948151,750.6211,778.0646,47.6071,-9.7706,-15.9328,TATAMOTORS
2025-01-07,763.0551510055546,783.6556854491171,759.6135362780811,780.0173950195312,15547971,750.3507,776.3585,53.5414,-6.5169,-14.0496,TATAMOTORS
2025-01-08,779.3782523303164,783.7048779216276,768.6109623097367,781.6890869140625,11861066,750.1073,774.9946,61.6642,-3.7601,-11.9917,TATAMOTORS
2025-01-09,786.6548555303049,796.4880412244337,756.6144852381418,767.0867919921875,17948464,749.1732,773.0605,60.5133,-2.7222,-10.1378,TATAMOTORS
2025-01-10,767.0376062120775,774.8058465946257,754.0086357084494,761.7277221679688,11144005,748.598,771.7212,66.1249,-2.3055,-8.5714,TATAMOTORS
2025-01-13,756.1719628548653,760.6460502415687,736.3089161964998,738.4722290039062,12230175,746.6657,769.9669,58.0582,-3.8079,-7.6187,TATAMOTORS
2025-01-14,738.9639194693989,766.0051806608939,738.9639194693989,757.64697265625,11377053,745.9627,768.7171,59.3326,-3.412,-6.7773,TATAMOTORS
2025-01-15,758.1385805824749,771.9050398926626,743.4379566728389,750.8619995117188,10500910,745.1686,767.1468,56.1126,-3.6042,-6.1427,TATAMOTORS
2025-01-16,757.0569587862387,767.9717704412802,754.5494485259994,761.4326782226562,8680163,746.0856,766.1684,56.3583,-2.8705,-5.4883,TATAMOTORS
2025-01-17,760.9902254200757,772.3966962270684,759.3677258578658,766.7426147460938,7007239,747.8408,765.069,63.0891,-1.8393,-4.7585,TATAMOTORS
2025-01-20,766.9884519131864,769.9384074974679,754.2053110479666,761.4326782226562,9956101,750.3138,763.7838,59.7714,-1.434,-4.0936,TATAMOTORS
2025-01-21,762.0718593390569,773.5275441991472,745.7487957780784,748.0595703125,11657178,752.2092,762.6235,53.2033,-2.167,-3.7083,TATAMOTORS
2025-01-22,751.4029045539125,752.681206683485,718.8058701563026,730.35986328125,12418474,752.5361,761.3904,43.8635,-4.1284,-3.7923,TATAMOTORS
2025-01-23,730.3598487828657,747.0271101122431,727.4590470737645,739.9472045898438,7916689,753.1114,760.3638,38.5912,-4.8534,-4.0045,TATAMOTORS
2025-01-24,737.5380689052246,741.569710983988,719.9858567354784,721.8541259765625,9513166,752.3051,759.3658,37.6284,-6.8093,-4.5655,TATAMOTORS
2025-01-27,720.7233364040842,720.7233364040842,697.4678289099026,701.1552734375,14123990,751.2922,757.9262,27.0069,-9.9154,-5.6355,TATAMOTORS
2025-01-28,704.5477524563246,728.491535528814,695.6978853633631,716.1017456054688,16104653,750.7072,757.0206,32.2512,-11.0436,-6.7171,TATAMOTORS
2025-01-29,719.2975151594295,742.4055009506073,714.4300763617174,739.9472045898438,12461404,750.8669,756.639,43.0056,-9.8995,-7.3536,TATAMOTORS
2025-01-30,697.1728074946637,698.8444609264708,671.803202525761,685.2254638671875,59390998,747.5138,754.9408,34.2828,-13.2555,-8.534,TATAMOTORS
2025-01-31,694.2228650095947,705.0393685720671,684.832185283757,704.1543579101562,19157717,743.8608,753.8051,42.8219,-14.2239,-9.6719,TATAMOTORS
2025-02-01,707.4977205651464,712.6601431266016,689.2080189256493,694.7637329101562,14087493,740.4339,752.1443,36.2857,-15.5695,-10.8515,TATAMOTORS
2025-02-03,688.3229968514223,688.3229968514223,674.556536914394,675.9823608398438,17806760,735.2322,749.9977,34.4814,-17.9446,-12.2701,TATAMOTORS
2025-02-04,684.6847313890955,701.450301569871,682.1772809543938,698.697021484375,16792005,731.0826,748.5729,37.6213,-17.789,-13.3739,TATAMOTORS
2025-02-05,699.1394362021517,713.3484001789984,698.8444526628497,705.0885009765625,12907325,727.9827,747.2572,37.8864,-16.9544,-14.09,TATAMOTORS
2025-02-06,710.9392899538364,711.3326413686327,696.3370339387627,697.81201171875,10016927,724.7869,745.8845,37.5959,-16.6879,-14.6096,TATAMOTORS
2025-02-07,699.1394920389603,704.0069308856698,691.371251453949,694.9603881835938,12259132,722.6113,744.3171,39.2043,-16.5163,-14.9909,TATAMOTORS
2025-02-10,697.9103395089336,698.057861297948,681.4889077523819,684.3897094726562,10981963,718.9484,742.4674,40.3747,-17.0369,-15.4001,TATAMOTORS
2025-02-11,684.3897165195038,685.3730350777215,663.8383346459536,666.4441528320312,11939990,714.7275,740.0386,35.1303,-18.6822,-16.0565,TATAMOTORS
2025-02-12,668.6566093402031,676.0806523375655,655.9226222030446,672.9340209960938,12312424,710.3026,737.9983,39.6159,-19.2406,-16.6933,TATAMOTORS
2025-02-13,672.9339810197099,681.5872316989515,668.0173885960487,672.4423217773438,8490769,705.5876,735.8605,43.3333,-19.4981,-17.2543,TATAMOTORS
2025-02-14,674.5073525331992,679.4239451458518,657.9876133580867,669.2957763671875,9968127,700.9807,733.183,38.5024,-19.7286,-17.7492,TATAMOTORS
2025-02-17,666.6899689526078,679.1781263921409,655.9226189550617,675.146484375,10313575,697.3351,730.9774,32.5384,-19.2177,-18.0429,TATAMOTORS
2025-02-18,675.146491452964,676.4740075037571,660.9375864394843,671.0166015625,7810143,694.3679,728.6666,44.7359,-18.9278,-18.2199,TATAMOTORS
2025-02-19,670.3774425489787,679.4239854969347,663.7891960533475,669.6399536132812,9986815,690.8526,726.344,35.3015,-18.5948,-18.2948,TATAMOTORS
2025-02-20,668.6565815020648,681.29220024865,663.7399889910201,678.2930908203125,8673335,688.6745,724.4452,42.9414,-17.4318,-18.1222,TATAMOTORS
2025-02-21,674.5564966401198,678.4897706730069,659.9050268608163,661.9700317382812,14577524,686.7152,722.1423,43.8657,-17.624,-18.0226,TATAMOTORS
2025-02-24,658.8234075053194,665.3132857217064,654.8901334306607,657.1026000976562,8861769,683.7653,719.8501,28.4183,-17.9621,-18.0105,TATAMOTORS
2025-02-25,656.6109707699158,661.2817339464895,648.9902519028744,650.5635375976562,10251257,679.2961,717.5266,21.7524,-18.5438,-18.1172,TATAMOTORS
2025-02-27,650.9569093012196,653.9068650835515,634.879674294313,637.7312622070312,12281857,676.9214,715.4193,20.5683,-19.812,-18.4561,TATAMOTORS
2025-02-28,634.2404115361505,634.2404115361505,608.1333182274803,610.296630859375,20477619,672.2285,712.9925,16.576,-22.7683,-19.3186,TATAMOTORS
2025-03-03,610.2966708121899,616.3931976961863,596.1860138696488,610.788330078125,18362700,668.0297,710.9688,18.431,-24.7858,-20.412,TATAMOTORS
2025-03-04,603.2167680263092,618.6548810478195,602.7742626816257,608.870849609375,11878225,664.6742,708.9432,21.3691,-26.237,-21.577,TATAMOTORS
2025-03-05,608.6741426479638,630.8971164179726,608.2807912468851,630.1104736328125,12373061,661.2448,707.069,31.4285,-25.3806,-22.3377,TATAMOTORS
2025-03-06,642.3528446398893,645.0078167359459,624.9972481755394,628.979736328125,16991501,657.4394,705.0797,31.2553,-24.5106,-22.7723,TATAMOTORS
2025-03-07,629.32382027175,640.6319826672581,624.407227925877,637.4853515625,10123450,654.4231,703.0698,36.8868,-22.8712,-22.7921,TATAMOTORS
2025-03-10,637.4854134346467,643.3361708974894,632.6179745364162,637.3379516601562,10309166,651.5419,701.3883,33.6452,-21.3378,-22.5012,TATAMOTORS
2025-03-11,629.3238608049935,640.2878864492556,627.7997290830065,637.2395629882812,9534750,649.1844,699.5771,34.8611,-19.9012,-21.9812,TATAMOTORS
2025-03-12,643.5820100449092,660.6917773286874,641.3695432418518,657.1517944335938,18732785,648.7198,697.9851,45.2003,-16.9604,-20.977,TATAMOTORS
2025-03-13,659.4626076123944,660.6425418553009,638.7637041825589,644.5653076171875,14004345,647.3014,695.8306,37.4175,-15.4671,-19.8751,TATAMOTORS
2025-03-17,653.9559792152191,655.3326491700022,646.4827823615404,650.022705078125,9174398,646.1804,693.2868,45.1497,-13.6855,-18.6371,TATAMOTORS
2025-03-18,650.022705078125,650.022705078125,650.022705078125,650.022705078125,0,645.2167,691.0212,47.0075,-12.1337,-17.3365,TATAMOTORS
2025-03-19,673.9665570238454,674.3106945089562,667.2307889576675,670.8690795898438,9338414,645.0029,688.8382,57.6567,-9.1167,-15.6925,TATAMOTORS
2025-03-20,673.5731938506847,681.1447585440851,667.6732826636714,678.5389404296875,9712600,645.379,686.7752,66.0108,-6.0372,-13.7614,TATAMOTORS
2025-03-21,681.4397237576401,693.2395458140494,677.0639444083218,691.2237548828125,14823483,646.4582,685.258,85.9076,-2.5438,-11.5179,TATAMOTORS
2025-03-24,698.1561634301638,705.5310524804825,690.3387690334259,701.5977783203125,11671359,647.6234,684.0554,87.0438,1.0497,-9.0044,TATAMOTORS
2025-03-25,707.0059936988482,710.9884215765062,694.5669908043017,698.4511108398438,13617465,649.4475,683.2549,86.1795,3.6022,-6.4831,TATAMOTORS
2025-03-26,698.4511547957497,705.8751978526531,695.2062155807392,696.4353637695312,9363180,651.4141,682.0307,81.7114,5.4002,-4.1064,TATAMOTORS
2025-03-27,656.856769826475,665.3132850719322,650.0718480475156,657.3975830078125,34238666,651.7558,680.1614,59.9724,3.6331,-2.5585,TATAMOTORS
2025-03-28,660.6425544685536,673.5240636915661,658.1351041290023,663.19921875,16013687,653.0292,678.1968,59.1981,2.6701,-1.5128,TATAMOTORS
2025-04-01,659.3642150299472,670.4757021921232,654.6442981842529,660.6425170898438,9594669,655.5465,676.0748,58.195,1.6813,-0.874,TATAMOTORS
2025-04-02,663.6908207895912,664.0841121718137,651.0551422978718,660.6917114257812,8025225,658.0417,674.0599,58.2497,0.8913,-0.5209,TATAMOTORS
2025-04-03,648.9902641484287,657.8401313868163,641.6153747831056,643.0411987304688,13473832,659.7502,671.9596,44.9561,-1.1459,-0.6459,TATAMOTORS
2025-04-04,639.1570347084581,639.1570347084581,599.8242941110145,603.6100463867188,26621179,658.4252,669.4246,37.7175,-5.8743,-1.6916,TATAMOTORS
2025-04-07,551.1500367316361,572.2913851522073,526.8129030846994,570.0789184570312,49463598,655.4801,666.0272,29.4801,-12.1869,-3.7907,TATAMOTORS
2025-04-08,581.3379341939119,596.4810037346821,574.4547043980161,579.027099609375,20987855,652.5572,663.1707,32.5772,-16.2799,-6.2885,TATAMOTORS
2025-04-09,578.1912920667703,584.9762138886394,571.3572163221049,573.1763916015625,17483412,649.3491,660.6111,24.1209,-19.7679,-8.9844,TATAMOTORS
2025-04-11,599.8242806995662,602.5775604764269,581.1412293335142,585.1236572265625,21055814,646.7433,657.9915,25.8023,-21.3223,-11.452,TATAMOTORS
2025-04-15,603.7575768396013,617.8190198016838,602.4301208321774,611.82080078125,19722072,644.4768,655.429,30.824,-20.1675,-13.1951,TATAMOTORS
2025-04-16,614.5740894288654,614.5740894288654,603.3642340308825,605.7733764648438,12318376,642.5372,653.84,26.3643,-19.5153,-14.4591,TATAMOTORS
2025-04-17,605.7733885303073,616.5407387949595,598.103515744871,611.181640625,14342652,640.5951,651.9805,28.7119,-18.3505,-15.2374,TATAMOTORS
2025-04-21,614.1806972145747,625.1447222486203,609.854131922541,619.539794921875,12785568,639.071,650.476,31.8055,-16.5621,-15.5023,TATAMOTORS
2025-04-22,619.7365099334878,623.3748005354662,615.754081849255,620.3264770507812,10292748,636.5439,649.3629,39.2898,-14.9093,-15.3837,TATAMOTORS
2025-04-23,625.3414753135872,650.4652535257305,622.7848109448557,648.8919677734375,23390570,635.0615,648.3668,46.347,-11.1658,-14.5402,TATAMOTORS
2025-04-24,649.0885497110868,659.8067458941105,649.0885497110868,657.200927734375,15172229,633.3604,647.4091,49.1463,-7.4428,-13.1207,TATAMOTORS
2025-04-25,657.2009688239773,661.7734243661472,640.6320742563818,644.3195190429688,13207043,630.4965,646.3392,46.1821,-5.4687,-11.5903,TATAMOTORS
2025-04-28,643.3853351474548,658.4300974240604,641.6645276317678,657.0043334960938,10243493,628.4241,645.5801,53.3333,-2.8478,-9.8418,TATAMOTORS
2025-04-29,660.2492143327491,671.508223084486,650.5634911635004,654.4967651367188,13754685,626.3272,644.9822,64.7478,-0.962,-8.0658,TATAMOTORS
2025-04-30,655.8734250703337,655.8734250703337,630.4054524738474,633.5029296875,19485917,625.1325,644.3234,69.8218,-1.1482,-6.6823,TATAMOTORS
2025-05-02,630.3072378802756,650.3177478685802,624.9481393769563,638.2720947265625,11488717,623.8861,643.6302,69.0123,-0.9006,-5.526,TATAMOTORS
2025-05-05,651.8910131718832,655.5293036341764,644.9094157946184,650.5143432617188,8868484,623.3797,643.1916,73.8405,0.2802,-4.3647,TATAMOTORS
2025-05-06,650.5143633669469,652.1368629528583,634.7321129189917,637.3870849609375,12718175,622.2145,642.5534,65.9946,0.155,-3.4608,TATAMOTORS
2025-05-07,631.2905105716966,671.1149119395373,630.4547138090487,668.9515991210938,30390515,623.51,642.4295,66.9784,2.5731,-2.254,TATAMOTORS
2025-05-08,688.3229824879105,692.7479159467613,665.903331633133,671.4590454101562,29315465,626.9024,642.4384,69.9403,4.6383,-0.8756,TATAMOTORS
2025-05-09,656.3651516307974,699.1395098269617,654.8901737619641,696.6812133789062,40183276,633.2326,642.9792,73.1681,8.2155,0.9427,TATAMOTORS
2025-05-12,715.8559065613387,719.7891807732142,699.336166874862,708.7760009765625,20133616,639.72,643.5889,73.7007,11.8894,3.132,TATAMOTORS
2025-05-13,708.7760420690721,713.889310844361,691.5188124673512,695.8945922851562,16125700,645.8559,644.2674,68.8589,13.6047,5.2265,TATAMOTORS
2025-05-14,678.489814128108,696.1895484097109,674.5565398433074,687.29052734375,31505402,650.9643,644.8711,60.6432,14.1072,7.0027,TATAMOTORS
2025-05-15,687.0938477381951,717.6258771977942,684.5372434743423,715.9542236328125,28634074,656.1709,646.1789,64.6339,16.6267,8.9275,TATAMOTORS
2025-05-16,717.8225292811292,729.622351680271,713.4467498047139,718.5108642578125,20631512,661.8078,647.7945,69.481,18.6151,10.865,TATAMOTORS
2025-05-19,719.7891679205577,725.7873869797622,715.8558937789153,717.3308715820312,10460217,667.1153,649.9352,66.859,19.8668,12.6654,TATAMOTORS
2025-05-20,717.8225265140819,725.4432451174848,705.0393856309544,706.90771484375,14472506,671.4837,651.8576,64.0263,19.7895,14.0902,TATAMOTORS
2025-05-21,707.0060307068649,717.3308753833908,706.0227121662434,714.6759033203125,8998596,676.2011,653.9737,73.3787,20.1231,15.2968,TATAMOTORS
2025-05-22,712.9059152589249,712.9059152589249,698.7953187361167,705.4818725585938,10046820,679.0306,655.4811,68.876,19.4218,16.1218,TATAMOTORS
2025-05-23,706.7602139667813,709.7593235669965,703.0727693721719,706.2685546875,7915166,681.484,657.0269,66.7356,18.7137,16.6402,TATAMOTORS
2025-05-26,709.9560034481095,725.6891004774305,709.169360600044,716.8392333984375,13017400,685.11,658.614,74.2206,18.7889,17.0699,TATAMOTORS
2025-05-27,716.8392321488677,717.1833696389833,703.2694479881332,704.4985961914062,12223125,687.4847,659.9572,62.2751,17.6493,17.1858,TATAMOTORS
2025-05-28,707.9893628208639,709.9559999398107,704.2527642982652,705.9735717773438,7568961,690.0585,661.3319,62.0041,16.673,17.0832,TATAMOTORS
2025-05-29,712.4142662271832,716.5442160058132,707.9893328965796,712.3651123046875,8838921,694.0017,662.4361,56.2771,16.2279,16.9122,TATAMOTORS
2025-05-30,712.3651193794668,716.3967013361452,700.614450970319,707.4976806640625,14533919,697.4629,663.6948,49.457,15.306,16.5909,TATAMOTORS
2025-06-02,705.0393751392718,707.006012168949,695.599541403621,699.7294311523438,9712446,699.9237,664.6889,51.703,13.7895,16.0306,TATAMOTORS
2025-06-03,703.0727909192241,706.3668841845616,690.584632839356,692.1087646484375,9161608,702.6598,665.5306,52.1586,11.8364,15.1918,TATAMOTORS
2025-06-04,696.0262285599629,709.5639532364046,692.6542369255598,703.3157958984375,11287991,704.378,666.1796,43.2881,11.0653,14.3665,TATAMOTORS
2025-06-05,706.9357180436717,708.5721675581514,698.2081285434812,704.3075561523438,10203331,706.0204,666.6949,42.3296,10.4142,13.576,TATAMOTORS
2025-06-06,704.1588007716355,710.0102854419589,695.4312108405061,705.1505737304688,11975812,706.4439,666.9735,43.3981,9.8526,12.8313,TATAMOTORS
2025-06-09,709.1176402063359,720.0271423633565,707.2332474387352,711.8945922851562,9900412,706.5998,667.1794,52.8153,9.8383,12.2327,TATAMOTORS
2025-06-10,715.0683229497856,728.7052015081206,709.4647813653348,726.2257690429688,19151889,708.1164,667.7349,56.0704,10.8582,11.9578,TATAMOTORS
2025-06-11,728.9035309067402,737.8790638646193,724.1430329238943,730.3416137695312,12626754,710.2689,668.413,63.8027,11.8619,11.9386,TATAMOTORS
2025-06-12,730.936692117109,731.6309453152759,705.3985376774679,709.4647827148438,12585149,709.9444,669.4544,51.4509,10.8477,11.7204,TATAMOTORS
2025-06-13,694.2410429695907,709.0680602081871,692.5550169014901,706.19189453125,10516625,709.3285,670.3142,44.8237,9.6684,11.31,TATAMOTORS
2025-06-16,705.1505624763001,708.1258813053141,667.4136141015769,681.0009155273438,31246328,707.512,670.7214,39.8451,6.6247,10.373,TATAMOTORS
2025-06-17,680.4553901637183,680.5050272371491,666.4714159179325,669.1987915039062,17112867,705.6266,670.8915,35.4096,3.223,8.943,TATAMOTORS
2025-06-18,666.3226523985395,673.7609497485255,662.5043506387542,664.73583984375,12556088,703.1295,671.3254,30.8093,0.1652,7.1874,TATAMOTORS
2025-06-19,664.7357985224281,670.7360125718276,661.165440229583,666.7689208984375,10895470,701.1939,672.5886,33.2061,-2.0702,5.3359,TATAMOTORS
2025-06-20,667.8599496152863,673.2154873928483,664.5870503515874,670.6369018554688,11393470,699.4123,674.5998,37.6055,-3.4895,3.5708,TATAMOTORS
2025-06-23,664.4878838963571,670.4385216625931,660.6199451350966,665.7276000976562,10265601,696.8567,676.3338,38.4948,-4.9533,1.866,TATAMOTORS
2025-06-24,672.4220370927751,680.8521068793364,666.4713995963788,668.1078491210938,15359947,695.0372,678.2324,33.3646,-5.8539,0.322,TATAMOTORS
2025-06-25,670.4385261507367,673.4138450537725,667.9095171897599,668.9508666992188,10456015,693.1861,679.909,33.2708,-6.4255,-1.0275,TATAMOTORS
2025-06-26,671.4303010251225,678.0751920340426,668.9012920569638,677.1329956054688,10104914,691.4245,681.2152,37.6042,-6.1474,-2.0515,TATAMOTORS
2025-06-27,679.3644475780977,685.7613949940128,677.3809017457529,681.2488403320312,7198028,690.112,682.7247,36.1186,-5.5311,-2.7474,TATAMOTORS
2025-06-30,683.2324025740436,686.2077213940211,679.3644638948663,682.3397827148438,6960104,689.2425,684.1479,27.4119,-4.8982,-3.1775,TATAMOTORS
2025-07-01,685.4142466777455,688.1416222311387,674.8023247691367,678.17431640625,6866073,688.5458,685.3206,23.1633,-4.6788,-3.4778,TATAMOTORS
2025-07-02,678.1743323848484,686.7531926317655,675.0502839062556,682.88525390625,8034013,687.5243,686.5717,33.5985,-4.0778,-3.5978,TATAMOTORS
2025-07-03,688.1416611438542,691.2161937158914,682.8356998895108,684.7200927734375,9668110,686.5449,687.2883,36.511,-3.4141,-3.5611,TATAMOTORS
2025-07-04,685.3151339819361,687.1498897945845,680.7033653794143,683.3811645507812,4942900,685.4564,687.8119,52.1352,-2.962,-3.4412,TATAMOTORS
2025-07-07,683.3811669976727,686.2573328833315,677.7280488452168,683.1828002929688,5428220,684.0208,688.5892,65.8427,-2.5898,-3.271,TATAMOTORS
2025-07-08,687.2986425841362,691.2161577761757,681.8438914525161,687.4970092773438,7615926,682.0844,689.199,75.8736,-1.9246,-3.0017,TATAMOTORS
2025-07-09,683.2819791557234,689.7780798064636,682.8356692260966,687.1002807617188,5478813,679.9223,689.8511,74.0046,-1.4131,-2.684,TATAMOTORS
2025-07-10,686.3068997982751,691.0178214370638,679.3644889621654,689.8772583007812,7733963,678.943,690.9786,73.3172,-0.7748,-2.3021,TATAMOTORS
2025-07-11,687.2490886790489,692.6542634486437,671.4798743114267,676.1907958984375,8280654,677.4429,691.737,60.4559,-1.3576,-2.1132,TATAMOTORS
2025-07-14,675.3973909891297,675.3973909891297,666.4714342800223,668.9508666992188,7748550,676.8404,692.1057,50.7678,-2.3763,-2.1659,TATAMOTORS
2025-07-15,670.4384924566649,680.3066450957292,668.7524663897419,678.7694091796875,7041706,677.3189,692.9333,57.6863,-2.3641,-2.2055,TATAMOTORS
2025-07-16,678.7694163857486,678.7694163857486,670.7855958860033,673.413818359375,6244205,677.7528,693.0226,46.9537,-2.7549,-2.3154,TATAMOTORS
2025-07-17,673.413814770615,681.2488450761449,672.570831999204,676.0916137695312,6598144,678.219,693.1152,45.6739,-2.816,-2.4155,TATAMOTORS
2025-07-18,677.5793068282134,680.3562590442392,672.4220752652976,674.653564453125,5558670,678.4198,692.6747,43.5898,-2.9465,-2.5217,TATAMOTORS
2025-07-21,674.9014775665951,682.8356609913309,665.7275779817442,681.7943115234375,6731863,679.2231,692.135,52.8763,-2.4455,-2.5065,TATAMOTORS
2025-07-22,682.339785077222,683.1827678659276,666.8185142993955,667.8599243164062,7749518,679.2107,691.5743,39.5877,-3.1367,-2.6325,TATAMOTORS
2025-07-23,671.1327642040955,687.3978041875201,670.6864542720984,684.4224853515625,14460727,679.9843,691.517,49.8287,-2.3213,-2.5703,TATAMOTORS
2025-07-24,687.001121717902,700.6875760652268,686.6043883321181,694.7369384765625,15197664,680.8645,691.0926,55.9234,-0.8332,-2.2229,TATAMOTORS
2025-07-25,695.2328389018219,696.670921787894,679.066951901293,681.7447509765625,7271718,680.8893,690.3573,49.3382,-0.6942,-1.9171,TATAMOTORS
2025-07-28,685.0176165344545,694.7369797331828,675.7941398308963,677.2817993164062,7788718,680.6364,689.5563,45.3054,-0.9334,-1.7204,TATAMOTORS
2025-07-29,676.290012587127,688.2904413132428,675.0006592994628,686.6539916992188,6239871,681.0604,689.1513,49.8105,-0.3626,-1.4488,TATAMOTORS
2025-07-30,684.3233169449826,684.3233169449826,659.7769370980429,662.9506225585938,18923129,680.0637,688.1168,40.2932,-1.802,-1.5195,TATAMOTORS
2025-07-31,654.4213402448943,667.8599118029384,646.9830433085667,660.47119140625,18723710,678.8512,687.2165,43.8351,-3.1071,-1.837,TATAMOTORS
2025-08-01,662.4547400855488,662.4547400855488,641.6770851147209,643.5118408203125,12546169,676.8578,685.9614,40.73,-5.447,-2.559,TATAMOTORS
2025-08-04,644.701996441307,651.3964638787324,640.6853280854551,648.2227783203125,8033881,675.1098,684.5891,38.4384,-6.8425,-3.4157,TATAMOTORS
2025-08-05,650.5534683553224,653.4792106180864,645.1978702969401,649.2145385742188,6714804,673.1956,683.4834,40.5279,-7.7786,-4.2883,TATAMOTORS
2025-08-06,649.6112789158562,652.5865977505854,645.0491475824783,647.4789428710938,6410830,671.2146,682.3135,38.7172,-8.5619,-5.143,TATAMOTORS
2025-08-07,644.652418710424,646.3384448351931,630.2717109084222,641.1812133789062,13609913,668.7798,680.8898,37.2881,-9.5804,-6.0305,TATAMOTORS
2025-08-08,642.6192753341694,647.5781399319591,624.8169393215013,628.4865112304688,10144452,666.3946,679.3096,30.5746,-11.2819,-7.0808,TATAMOTORS
2025-08-11,630.9659784366706,649.611298249283,621.9408080495795,648.37158203125,17275390,665.3656,678.2824,43.1936,-10.9001,-7.8446,TATAMOTORS
2025-08-12,645.7433699929218,655.5123702705439,645.4458502023335,648.7186889648438,11212223,663.8631,677.4146,35.9375,-10.4491,-8.3655,TATAMOTORS
2025-08-13,651.7932058154078,661.5125687823682,651.2477427903317,658.289306640625,7557556,663.1068,676.5141,35.5599,-9.2132,-8.5351,TATAMOTORS
2025-08-14,660.5207694948372,661.0662324981772,652.289066305934,659.1322631835938,6250494,662.2589,675.6106,40.0869,-8.0726,-8.4426,TATAMOTORS
2025-08-18,671.4303105822681,679.3644944591636,667.364065558567,670.4385375976562,14226172,662.0481,674.9164,47.1698,-6.1851,-7.9911,TATAMOTORS
2025-08-19,671.1823491645005,697.563485627726,667.5623536554672,694.489013671875,19440384,662.6828,674.5683,52.8895,-2.7173,-6.9363,TATAMOTORS
2025-08-20,694.4889804145823,695.0344434086264,683.3315351740767,683.9265747070312,10050137,663.4862,673.7223,58.5662,-0.8119,-5.7114,TATAMOTORS
2025-08-21,688.2904539558599,689.2326504014522,679.3644970601787,679.76123046875,8432614,663.2531,672.7107,57.7707,0.3579,-4.4976,TATAMOTORS
2025-08-22,680.2570898334027,685.8109941337884,673.0170988803418,674.703125,6429718,662.2514,672.0154,63.8975,0.8668,-3.4247,TATAMOTORS
2025-08-25,678.1247627755924,683.2324177431605,674.703133950048,681.149658203125,6429311,662.2217,671.5146,64.4474,1.7699,-2.3858,TATAMOTORS
2025-08-26,681.1496475775307,681.2984377327185,672.719577531935,676.0420532226562,7496633,662.1597,671.4154,61.3608,2.0498,-1.4987,TATAMOTORS
2025-08-28,674.3064682406402,675.2982412131765,662.30597895314,669.89306640625,9466045,661.3216,671.4293,59.1498,1.7553,-0.8479,TATAMOTORS
2025-08-29,669.8930412896188,675.5461591277243,662.5043208146487,663.49609375,8201917,661.3489,671.4045,59.1019,0.9942,-0.4794,TATAMOTORS
2025-09-01,665.7771510176399,685.8109761662654,665.0333213254855,684.4721069335938,7644947,662.549,671.7586,71.3907,2.0599,0.0284,TATAMOTORS
2025-09-02,684.4721034572405,688.9350815874993,676.0420336556405,678.7694091796875,7854694,664.3118,671.9212,63.0259,2.4165,0.506,TATAMOTORS
2025-09-03,682.3397770455068,687.7449516301594,679.3644582502502,686.3564453125,6094892,666.2185,672.3338,65.1861,3.2735,1.0595,TATAMOTORS
2025-09-04,700.092580401063,700.5388298217708,680.0587538235784,681.8439331054688,13439418,667.85,672.6085,59.9082,3.5477,1.5572,TATAMOTORS
2025-09-05,685.215932152391,691.6128190367444,677.4800549780769,686.0093383789062,6692975,669.7765,672.9497,60.9984,4.0544,2.0566,TATAMOTORS
2025-09-08,689.282190509767,716.0600597813694,688.3399941139778,713.5806274414062,20531027,673.3965,673.6786,65.5802,6.6046,2.9662,TATAMOTORS
2025-09-09,715.2171120058265,716.3080380756,707.630024460977,709.6631469726562,9409853,677.4553,674.2469,56.4124,8.2148,4.0159,TATAMOTORS
2025-09-10,711.745881461517,714.076523679765,696.9188637590629,703.2661743164062,10363493,680.2,674.6654,58.4709,8.8725,4.9872,TATAMOTORS
2025-09-11,704.3571563373908,706.1423355284718,698.7536149953416,700.0429077148438,5530633,682.7663,675.1028,58.9575,9.0295,5.7957,TATAMOTORS
2025-09-12,702.1752467177124,712.9855960569404,701.5305700887337,709.3656005859375,8252416,685.3201,675.6324,64.7531,9.7933,6.5952,TATAMOTORS
2025-09-15,709.415191948069,716.0105063988879,705.6960433178368,707.0349731445312,6007524,687.7152,676.0787,61.4173,10.0942,7.295,TATAMOTORS
2025-09-16,709.1176827982606,713.7790279246572,699.1999529689143,707.382080078125,9765743,689.5624,676.5587,64.4292,10.2426,7.8845,TATAMOTORS
2025-09-17,709.1176386715479,717.0022455018415,708.4233855200915,713.2335205078125,11872451,690.4996,677.1598,70.0092,10.709,8.4494,TATAMOTORS
2025-09-18,716.060073800016,719.2833359050715,701.7785190290248,705.3489379882812,12199357,691.5707,677.5168,69.0606,10.3233,8.8242,TATAMOTORS
2025-09-19,707.6299747706404,707.6299747706404,699.1503284549743,701.6297607421875,12127319,692.6641,677.8074,59.2712,9.6068,8.9807,TATAMOTORS
2025-09-22,703.1670166453938,706.142335474641,689.1334052875718,690.5219116210938,9688597,693.4551,677.8203,56.0,8.0499,8.7946,TATAMOTORS
2025-09-23,696.0262660027691,701.9769038891417,691.265767800275,695.5799560546875,11904667,694.1766,678.2081,54.8337,7.1419,8.464,TATAMOTORS
2025-09-24,694.7369633260893,697.5139155268563,675.6949102546592,677.3313598632812,13252215,694.2411,678.3757,47.9328,4.8933,7.7499,TATAMOTORS
2025-09-25,664.3887428341492,669.4467608137568,649.9088210211812,658.8347778320312,24687611,693.6882,677.977,38.996,1.6003,6.52,TATAMOTORS
2025-09-26,660.5207563968995,674.7526734063597,656.9007610713084,667.364013671875,15780434,693.8815,677.856,27.8727,-0.3175,5.1525,TATAMOTORS
2025-09-29,678.3726736756505,679.364446590381,664.4878528694238,666.96728515625,13014474,693.0063,677.6735,28.8452,-1.848,3.7524,TATAMOTORS
2025-09-30,666.4713929340458,677.876781354792,661.165432099339,674.6039428710938,15001606,692.798,677.6725,35.9709,-2.417,2.5185,TATAMOTORS
2025-10-01,675.397368576227,714.0765130321342,673.6121894002498,712.4400634765625,30163206,694.1022,678.2854,54.5323,0.1831,2.0514,TATAMOTORS
2025-10-03,712.588836327758,733.6144341409002,709.1176311403577,710.2085571289062,27786917,695.5204,679.1324,50.325,2.0401,2.0492,TATAMOTORS
2025-10-06,712.0929481508228,712.5888346049669,698.1585508959786,706.7869873046875,10333314,696.5593,679.5797,49.9052,3.1988,2.2791,TATAMOTORS
2025-10-07,706.7869886800858,707.0349319076403,691.4145085717063,692.3070678710938,13099357,695.4957,679.5311,44.7981,2.9151,2.4063,TATAMOTORS
2025-10-08,689.1830768666096,696.224640901839,673.4138620688728,675.94287109375,16568975,693.8096,679.415,38.0026,1.3542,2.1959,TATAMOTORS
2025-10-09,678.967726264384,679.3644596511094,663.2977260169909,675.4965209960938,16202851,692.4212,679.3793,39.9129,0.0802,1.7728,TATAMOTORS
2025-10-10,679.1661053680235,682.9348304787151,661.4134058484707,673.3642578125,16069904,691.0872,679.1135,40.3455,-1.0889,1.2004,TATAMOTORS
2025-10-13,673.4138208534335,673.810554239455,652.6857423606443,655.31396484375,33288645,688.3846,678.9608,38.5188,-3.4324,0.2739,TATAMOTORS
2025-10-14,396.70917956682865,418.0818745093882,373.2041485708907,392.1966247558594,52267874,672.6427,673.5953,13.1268,-26.2188,-5.0247,TATAMOTORS
2025-10-15,399.68449564169015,399.68449564169015,384.80790151110614,387.63446044921875,26953559,656.6553,668.4778,13.5785,-44.1365,-12.847,TATAMOTORS
2025-10-16,392.1966226826057,397.1554874009772,386.3451381017207,393.5354919433594,21983752,640.6704,663.384,15.555,-57.2009,-21.7178,TATAMOTORS
2025-10-17,393.5354946333106,399.18861255749846,389.022939815351,393.337158203125,16564547,625.0699,658.2665,13.6352,-66.8005,-30.7343,TATAMOTORS
2025-10-20,396.7587624586154,400.0812079439719,393.3371638899868,396.46124267578125,10471672,609.8114,653.2461,14.3604,-73.311,-39.2497,TATAMOTORS
2025-10-21,399.486141995886,400.08121183384895,396.7587663161893,398.5439758300781,3449156,595.2125,648.3934,13.0884,-77.4103,-46.8818,TATAMOTORS
2025-10-23,404.1474666350049,405.5359426756641,400.2795582837015,402.51104736328125,14126009,580.5591,643.8739,4.4328,-79.4234,-53.3901,TATAMOTORS
2025-10-24,403.6020206861824,405.13925667712977,397.70095943091565,399.9820251464844,6311744,566.6916,638.9061,4.4289,-80.2972,-58.7715,TATAMOTORS
2025-10-27,400.67626895598994,408.015382680595,400.32914237265214,406.6764831542969,10699376,554.0837,634.0652,6.3348,-79.5327,-62.9238,TATAMOTORS
2025-10-28,407.91619629456346,410.74275521424806,405.1888207217377,408.11456298828125,10332279,541.1212,629.0617,7.0196,-77.9126,-65.9215,TATAMOTORS
2025-10-29,409.1063531832241,411.58578562675876,403.7011783497147,407.9658203125,8485023,528.1712,624.0384,7.3817,-75.7674,-67.8907,TATAMOTORS
2025-10-30,409.30470593121305,415.5528633693033,404.7425443373415,409.0567626953125,8783965,514.8938,618.8108,7.7129,-73.1361,-68.9398,TATAMOTORS
2025-10-31,410.6435910777938,414.06521997219176,405.68472616794725,406.6269226074219,8012169,499.6031,613.0535,7.7056,-70.435,-69.2388,TATAMOTORS
2025-11-03,410.5939866758937,414.412318450698,406.72607836195846,413.5693054199219,8952229,484.7712,607.6464,10.2689,-66.9622,-68.7835,TATAMOTORS
2025-11-04,413.9660196916726,414.0652030391154,401.76722461891995,403.15570068359375,8889004,469.5896,602.1143,60.6352,-64.309,-67.8886,TATAMOTORS
2025-11-06,403.8003452262031,406.32938437533244,402.06474258653924,404.4945983886719,6862359,455.199,596.7101,67.4538,-61.3906,-66.589,TATAMOTORS
2025-11-07,403.3540776541771,403.84996413751566,398.1472695791224,402.3623046875,6930046,441.52,591.1344,59.911,-58.5746,-64.9861,TATAMOTORS
2025-11-10,402.6598100199961,409.5526439976312,402.6598100199961,407.0732116699219,7913640,428.0988,585.755,64.0041,-55.325,-63.0539,TATAMOTORS
2025-11-11,409.15593168579824,410.2964948284962,399.3373852156611,404.2466735839844,8120946,414.6429,580.4421,57.9858,-52.374,-60.9179,TATAMOTORS
2025-11-12,404.24666646341586,408.0153916226573,398.5935484580447,398.84149169921875,12940220,401.8193,575.149,50.2857,-49.8963,-58.7136,TATAMOTORS
2025-11-13,400.6762701240013,400.6762701240013,394.1305626280798,394.6760559082031,13165727,401.9433,569.353,42.5047,-47.7188,-56.5146,TATAMOTORS
2025-11-14,394.6760654466791,396.3124847935812,384.1136591048833,387.9815979003906,21834856,401.9606,563.5373,39.3673,-46.0029,-54.4123,TATAMOTORS
2025-11-17,376.8737194613381,376.8737194613381,360.013579380173,369.6337890625,32393346,400.7655,557.2028,22.7968,-45.598,-52.6494,TATAMOTORS
2025-11-18,370.03047917522923,370.9230687418949,366.1129640698817,368.2452697753906,17484757,399.5109,550.9309,20.6997,-44.8719,-51.0939,TATAMOTORS
2025-11-19,368.14614303847117,368.1957195809692,357.3854001300756,357.88128662109375,17854517,397.5819,544.3683,17.9974,-44.6184,-49.7988,TATAMOTORS
2025-11-20,359.0218174397363,361.4020665296813,356.2944417547659,356.83990478515625,15999034,395.4967,537.2335,16.6138,-43.9944,-48.6379,TATAMOTORS
2025-11-21,356.0464828417497,361.2532907384605,355.05470990904286,359.2697448730469,10829322,393.3347,530.2256,19.721,-42.8103,-47.4724,TATAMOTORS
2025-11-24,359.51769235997557,359.8648189438317,353.86457447005677,355.35223388671875,12671925,391.1032,523.2673,11.2797,-41.7072,-46.3194,TATAMOTORS
2025-11-25,355.0547122273441,355.153895574564,349.104074592249,349.5503845214844,12577566,388.2469,516.2575,12.0169,-40.8306,-45.2216,TATAMOTORS
2025-11-26,351.53393552290044,359.8648222801415,351.38514536664815,356.29443359375,13130211,385.6559,509.1961,18.2767,-39.1404,-44.0054,TATAMOTORS
2025-11-27,359.02181230750597,359.8152185706428,353.5174844740359,354.8563537597656,8871759,383.0004,502.1525,18.4453,-37.4849,-42.7013,TATAMOTORS
2025-11-28,355.0547025895979,356.79030518605543,352.1785671973412,353.86456298828125,10905212,380.2408,495.0821,12.8205,-35.8397,-41.329,TATAMOTORS
2025-12-01,356.04647840726085,361.99711592938775,355.74895863775754,360.8069763183594,12714139,377.9498,488.0336,21.2975,-33.5886,-39.7809,TATAMOTORS
2025-12-02,361.0053538841137,361.0053538841137,356.6415589563986,358.77386474609375,8576018,375.21,481.1021,22.2908,-31.6043,-38.1456,TATAMOTORS
2025-12-03,358.724289448912,358.724289448912,351.186808947721,353.9141845703125,9504331,372.7479,474.1478,22.0788,-30.0771,-36.5319,TATAMOTORS
2025-12-04,354.06294959809605,356.5423820182508,351.38515047772535,353.5174865722656,9173145,370.1991,467.4077,24.1636,-28.5695,-34.9394,TATAMOTORS
2025-12-05,352.07939403276066,353.61662998461026,350.09584815088596,350.69091796875,5667381,367.6155,460.5099,31.4922,-27.2882,-33.4092,TATAMOTORS
2025-12-08,351.03805070507644,353.2695398613035,342.95507688153594,345.43450927734375,7186158,364.5336,453.872,29.2793,-26.3927,-32.0059,TATAMOTORS
2025-12-09,345.63286071076647,345.78162059464324,338.8888169986228,341.8641357421875,9143402,361.4145,447.5326,33.4018,-25.6752,-30.7397,TATAMOTORS
2025-12-10,344.14521781810686,344.6411042991128,339.13677646655066,340.5748291015625,8705054,358.5011,440.9968,33.2311,-24.9232,-29.5764,TATAMOTORS
2025-12-11,340.5748335346312,345.3353619741584,338.5912875847888,343.798095703125,6756893,355.9572,434.5334,34.3058,-23.7929,-28.4197,TATAMOTORS
2025-12-12,345.13698523052915,346.4758847610182,341.91372315581873,344.5915222167969,7241621,353.7877,427.9332,38.3459,-22.573,-27.2504,TATAMOTORS
2025-12-15,344.59152587696303,345.8808186139384,340.22770065472,344.2939758300781,8169383,352.5207,420.5702,43.5366,-21.3836,-26.077,TATAMOTORS
2025-12-16,344.2939670145502,346.4758795698046,341.0707049881336,342.60797119140625,8391226,351.2389,413.2182,30.78,-20.3426,-24.9302,TATAMOTORS
2025-12-17,343.5997631859093,347.1205451804212,342.55838339046227,343.5005798339844,7045390,350.5198,405.9525,33.8049,-19.224,-23.7889,TATAMOTORS
2025-12-18,343.50057141396076,344.59152772537345,334.9217413466628,342.955078125,15417506,349.8256,398.9655,34.2407,-18.172,-22.6655,TATAMOTORS
2025-12-19,344.541910371023,351.8810240112735,344.1452072517001,349.74871826171875,74052760,349.3495,392.4416,33.9569,-16.5988,-21.4522,TATAMOTORS
2025-12-22,353.31911594275186,357.9804609474071,350.69092365991804,356.19525146484375,10798315,349.3917,386.0556,46.6837,-14.6628,-20.0943,TATAMOTORS
2025-12-23,358.0300464354461,363.732741080886,354.7076008930618,360.26153564453125,11885576,349.9272,379.7935,58.3333,-12.6545,-18.6063,TATAMOTORS
2025-12-24,361.0053404060707,361.89792997465236,355.6001659225087,356.2448425292969,9212351,349.9248,373.8121,53.2699,-11.2573,-17.1365,TATAMOTORS
2025-12-26,356.2448473975807,357.434956749784,351.78186922717595,355.8481140136719,8589856,349.9744,373.0851,56.5656,-10.0659,-15.7224,TATAMOTORS
2025-12-29,355.5505969267114,359.8152084373603,354.905950572754,355.6497802734375,10050266,350.0636,372.4455,64.9275,-9.0336,-14.3846,TATAMOTORS
2025-12-30,355.6497860061676,360.9557773432055,355.5010261169346,358.77386474609375,13807060,349.962,371.7502,75.0366,-7.8727,-13.0823,TATAMOTORS
2025-12-31,358.77385488470236,365.46832211475555,357.6828986161329,364.3277893066406,10439184,350.2397,371.17,81.2255,-6.4304,-11.7519,TATAMOTORS
2026-01-01,365.8154459971468,367.9477517125298,362.54257721554063,364.526123046875,7214281,350.7703,370.5313,79.6033,-5.2113,-10.4438,TATAMOTORS
2026-01-02,366.1625982238953,369.83214010904373,365.5179215703403,367.3031311035156,7077536,351.4595,369.9065,80.697,-3.9752,-9.1501,TATAMOTORS
2026-01-05,367.3031208193331,371.91485901785273,366.0634046226069,370.4767761230469,9591926,352.4488,369.2658,82.8358,-2.7083,-7.8617,TATAMOTORS
2026-01-06,368.443636373413,368.443636373413,357.03824789886596,365.8650207519531,17493345,353.4704,368.5835,77.1726,-2.0527,-6.6999,TATAMOTORS
2026-01-07,364.03025963380026,364.2286263360941,356.2448659661681,360.3607177734375,10682229,354.3952,367.6572,67.7824,-1.9548,-5.7509,TATAMOTORS
2026-01-08,360.3110994837254,362.34425218467135,355.05471497202774,356.4927978515625,7353203,355.1911,366.6247,63.3431,-2.1644,-5.0336,TATAMOTORS
2026-01-09,355.0547211249978,356.7903238120614,349.3024500401908,351.23638916015625,8018768,355.563,365.4902,51.5121,-2.7232,-4.5715,TATAMOTORS
2026-01-12,350.0462643293675,351.23637367383276,344.7898496918297,347.6659851074219,9771562,355.7167,364.2623,40.7923,-3.4148,-4.3402,TATAMOTORS
2026-01-13,347.7651787126374,349.00489489959716,342.75673742392354,346.8725891113281,7527115,355.8457,363.0672,34.447,-3.9811,-4.2683,TATAMOTORS
2026-01-14,346.1287738895152,351.0876388449524,344.244411259751,346.92218017578125,6249594,356.0614,361.7343,38.0711,-4.3754,-4.2898,TATAMOTORS
2026-01-15,346.92218017578125,346.92218017578125,346.92218017578125,346.92218017578125,0,356.2324,360.6096,38.4616,-4.6344,-4.3587,TATAMOTORS
2026-01-16,346.82300955239594,356.74073896176947,346.7734027454442,350.69091796875,10735620,356.6192,359.5336,44.1315,-4.484,-4.3837,TATAMOTORS
2026-01-19,350.69091763465156,350.69091763465156,335.56638029976585,341.1698913574219,14364958,356.1903,358.3097,31.9062,-5.0745,-4.5219,TATAMOTORS
2026-01-20,342.01290622220745,343.7485088763921,333.97953931239385,335.07049560546875,11541904,355.1341,356.8697,20.2621,-5.9659,-4.8107,TATAMOTORS
2026-01-21,333.23572218128226,340.87238625454046,333.18614563875195,336.458984375,9873473,353.9439,355.5139,22.1457,-6.4855,-5.1457,TATAMOTORS
2026-01-22,341.61618993402186,348.8561200487578,340.27729045622624,344.4427185058594,10714263,353.3538,354.4259,29.4379,-6.1818,-5.3529,TATAMOTORS
2026-01-23,344.24440324942356,348.1123117713591,339.33511495117256,341.6162109375,8354700,352.6422,353.3647,23.8779,-6.0989,-5.5021,TATAMOTORS
2026-01-27,337.2027974910616,342.1616621600478,333.1365224091913,337.7482604980469,12510469,351.7472,352.3601,24.2038,-6.2731,-5.6563,TATAMOTORS
2026-01-28,339.08716148707583,343.74850640280386,334.27705668393264,337.64910888671875,9425163,350.6909,351.7204,26.8687,-6.3459,-5.7942,TATAMOTORS
2026-01-29,337.6986788091586,349.7487137177698,332.83899756094803,348.90570068359375,13586977,349.9198,351.3336,43.2835,-5.4327,-5.7219,TATAMOTORS
2026-01-30,347.91393468426907,350.0958472553533,345.53368568540964,347.17010498046875,9910289,349.052,351.1194,46.161,-4.7937,-5.5363,TATAMOTORS
2026-02-02,341.8145418210762,361.5012409697106,338.2937599484136,359.9143981933594,19654613,348.6826,351.1808,59.8564,-3.2219,-5.0734,TATAMOTORS
2026-02-03,378.01424490971857,381.435873612996,362.98889112545027,368.9891052246094,16720225,348.6082,351.3752,65.7042,-1.2297,-4.3047,TATAMOTORS
2026-02-04,369.4354331545169,374.49348137986715,365.4187647127292,372.3611755371094,10142353,348.933,351.7154,67.2495,0.6141,-3.3209,TATAMOTORS
2026-02-05,371.9148514287798,372.50992124436743,361.302868894742,371.07183837890625,14013838,349.4686,352.1458,66.0939,1.9488,-2.267,TATAMOTORS
2026-02-06,361.9971351468676,378.65890898674985,358.0300432548471,366.4601135253906,23116970,349.9669,352.3492,60.3922,2.6044,-1.2927,TATAMOTORS
2026-02-09,367.25351098774,376.77453735350645,366.55928808319453,374.29510498046875,8800284,351.1199,352.7379,72.3262,3.7134,-0.2915,TATAMOTORS
2026-02-10,374.89016544010434,379.35314360010557,373.6504492845484,376.22906494140625,8921719,352.548,353.1852,79.391,4.6943,0.7057,TATAMOTORS
2026-02-11,379.3531521079499,384.1632569526857,378.95644898257655,381.5350646972656,10933658,354.2811,353.5998,80.4829,5.8325,1.7311,TATAMOTORS
2026-02-12,381.8325850843103,383.7169476327234,377.0224802318946,380.29534912109375,8324442,355.9498,354.0302,76.679,6.5589,2.6966,TATAMOTORS
2026-02-13,375.8819573657596,384.3120276496882,371.31979562939046,377.1216735839844,15565868,357.4598,354.4944,76.2849,6.8001,3.5173,TATAMOTORS
2026-02-16,375.1876812401525,376.4770041881901,372.0140260754214,374.1463317871094,5004467,358.6325,354.9069,77.3065,6.6743,4.1487,TATAMOTORS
2026-02-17,373.00581933100284,380.4441165912601,370.47678010260995,379.7002868652344,7843059,360.5591,355.4871,79.1609,6.9427,4.7075,TATAMOTORS
2026-02-18,379.7002868652344,382.32847917722347,375.88195488500054,379.7002868652344,4796850,362.7905,356.1724,75.3056,7.0738,5.1808,TATAMOTORS
2026-02-19,378.80768112824876,383.6177556053292,370.9230742612789,372.6091003417969,6910527,364.598,356.7873,69.2135,6.5303,5.4507,TATAMOTORS
2026-02-20,372.609101605779,376.5761933225656,371.4189619841399,374.8901672363281,6324165,366.1204,357.4736,63.4341,6.212,5.6029,TATAMOTORS
2026-02-23,375.6835945690148,380.8408261970368,372.95621886057245,376.82415771484375,11701520,367.8808,358.1342,58.0612,6.0461,5.6916,TATAMOTORS
2026-02-24,373.74965524461635,377.17125388107536,368.5924236188542,374.4438781738281,7213746,369.7156,358.7312,52.1875,5.6573,5.6847,TATAMOTORS
2026-02-25,374.89016429301955,382.4276445490379,373.0058017956419,378.70849609375,7748663,371.7686,359.4195,57.549,5.6285,5.6735,TATAMOTORS
2026-02-26,378.55973527775006,390.0642769246051,376.9728925540953,388.32867431640625,14697484,373.7397,360.3339,69.6699,6.3092,5.8006,TATAMOTORS
2026-02-27,390.41142532601054,390.80812846247557,377.81592671081825,379.5019226074219,15951041,375.3563,361.0539,54.6012,6.0664,5.8538,TATAMOTORS
2026-03-02,355.054710869009,375.2868726976286,352.5752785305383,367.5510559082031,11804909,375.7381,361.5459,43.4847,4.8538,5.6538,TATAMOTORS
2026-03-04,360.1623374289798,360.90616713464334,347.2197126570377,348.3106689453125,17733124,374.7042,361.5171,29.3719,2.3135,4.9857,TATAMOTORS
2026-03-05,350.19502701775673,354.211695270559,345.08740249057985,352.2281494140625,10574236,373.6976,361.4378,33.1347,0.6094,4.1105,TATAMOTORS
2026-03-06,351.0876113336934,351.4347379066751,346.47587333981505,347.8643493652344,6929668,372.5372,361.1898,32.6674,-1.0807,3.0722,TATAMOTORS
2026-03-09,339.1863451118929,340.07893470362256,325.94617032396036,329.26861572265625,17240937,370.6776,360.6503,27.5657,-3.876,1.6826,TATAMOTORS
2026-03-10,335.2192687910743,342.9550859642645,331.50012009886564,342.36004638671875,13770080,369.0809,360.3805,32.6418,-4.9776,0.3505,TATAMOTORS
2026-03-11,341.9633006599363,344.1452132540292,331.8968112823204,332.591064453125,5949596,366.899,359.9194,29.9239,-6.5632,-1.0322,TATAMOTORS
2026-03-12,329.76452074471354,330.26040724207405,320.6898038963189,321.8799133300781,9707654,363.9162,359.1815,29.0283,-8.5851,-2.5428,TATAMOTORS
2026-03-13,320.34267314353104,321.4832060193779,305.9619649064375,311.5158996582031,17073811,360.4772,358.1252,25.442,-10.8982,-4.2139,TATAMOTORS
2026-03-16,310.4249394234798,313.8465682745276,304.3751182568131,311.81341552734375,10394023,357.2118,357.071,24.4842,-12.5625,-5.8836,TATAMOTORS
2026-03-17,312.4084855117038,318.3591233309744,310.424939571947,316.5739440917969,7953108,354.3332,356.0564,27.7035,-13.3435,-7.3756,TATAMOTORS
2026-03-18,318.3591288859519,327.4834524746454,317.268172546748,322.0782775878906,7533727,351.4521,355.0884,28.3876,-13.3643,-8.5733,TATAMOTORS
2026-03-19,315.3838081400339,316.3260045791315,304.97019183352336,306.75537109375,10146164,347.8049,353.9062,20.1669,-14.4506,-9.7488,TATAMOTORS
2026-03-20,308.44139736110884,314.2928519008312,308.2430306581314,311.5158996582031,13905760,344.7502,352.9293,24.3738,-14.7572,-10.7505,TATAMOTORS
2026-03-23,308.49094869672984,308.49094869672984,301.0030754020622,302.7386779785156,10816349,341.1426,351.8543,24.9713,-15.5295,-11.7063,TATAMOTORS
2026-03-24,310.37534257312757,311.61505870376556,302.98662232792236,308.6397399902344,8524890,337.7334,351.0023,32.9206,-15.4868,-12.4624,TATAMOTORS
2026-03-25,313.4002591138567,319.59884018810226,312.01178300652754,315.334228515625,7857557,334.7779,350.3557,34.4871,-14.7429,-12.9185,TATAMOTORS
2026-03-27,309.92904260765044,310.27616918867267,298.57323037990295,300.70556640625,19009638,330.8778,349.4324,31.7467,-15.159,-13.3666,TATAMOTORS
2026-03-30,294.804502542891,301.00308333647575,291.8787603017159,293.7631530761719,16410266,326.1495,348.3692,34.8945,-15.866,-13.8665,TATAMOTORS
2026-04-01,307.4496291250607,307.4496291250607,299.5650216908947,300.4576416015625,8911554,322.1973,347.4399,31.1468,-15.7051,-14.2342,TATAMOTORS
2026-04-02,295.54833358722726,301.7964909490789,292.62259133269686,300.8047180175781,9098035,318.86,346.4422,34.3735,-15.3724,-14.4618,TATAMOTORS
2026-04-06,300.80472700334144,305.56525537665834,297.3831284473572,304.8710021972656,6425909,316.688,345.7162,41.0537,-14.6122,-14.4919,TATAMOTORS
2026-04-07,303.9783963334619,306.8049551748559,299.36665836408605,306.1603088378906,8543428,314.3846,345.138,46.8858,-13.7472,-14.343,TATAMOTORS
2026-04-08,318.3591238396483,334.22749138305755,316.32600135475263,331.9960021972656,20930060,313.5912,345.0487,59.0485,-10.8518,-13.6447,TATAMOTORS
2026-04-09,331.7480474702416,336.40939238135945,327.73137918146523,330.5083312988281,11110200,313.6532,344.77,56.4361,-8.5784,-12.6315,TATAMOTORS
2026-04-10,333.8307951535919,340.9715425359383,332.2439523131228,339.78143310546875,10666149,313.5242,344.7333,57.9017,-5.9598,-11.2971,TATAMOTORS
2026-04-13,329.26862711706315,343.9468550144731,329.26862711706315,342.6575622558594,13113105,314.0276,344.8315,68.0279,-3.6108,-9.7599,TATAMOTORS
2026-04-15,349.15365802659517,359.12099442208813,346.37670584865685,354.9555358886719,12495093,315.6813,345.1777,70.2778,-0.7482,-7.9575,TATAMOTORS
2026-04-16,357.038254809024,357.038254809024,351.1868005751777,353.3686828613281,6871023,317.774,345.2669,75.335,1.3765,-6.0907,TATAMOTORS
2026-04-17,349.1536606342842,358.3771673795901,349.10408409257917,357.137451171875,7314044,320.0402,345.4663,74.7971,3.3261,-4.2073,TATAMOTORS
2026-04-20,354.3604636329952,356.83989601292524,349.599965570133,352.7736511230469,7216605,321.8502,345.3234,69.6104,4.4676,-2.4724,TATAMOTORS
2026-04-21,351.08762232219823,355.94730369652024,350.5421593093744,352.97198486328125,5922373,323.3948,345.0031,82.2521,5.3268,-0.9125,TATAMOTORS
2026-04-22,352.5257060683905,364.92286790415454,350.49255336742016,358.873046875,14994313,326.0007,344.7333,90.7005,6.41,0.552,TATAMOTORS
2026-04-23,356.9886880521628,358.22840424866774,347.1205350213801,349.05450439453125,11374109,327.8777,344.293,79.2363,6.4024,1.7221,TATAMOTORS
2026-04-24,350.7405033499433,352.922415981606,344.64110566273905,347.6164245605469,5722477,330.1215,343.9161,77.7974,6.2087,2.6194,TATAMOTORS
2026-04-27,348.1123079582281,353.86457900307107,347.36847824036863,351.43475341796875,9713765,332.2613,343.4589,77.7318,6.2908,3.3537,TATAMOTORS
2026-04-28,351.4347525790563,353.07117190113905,346.4758878051639,347.9139404296875,7247106,333.8903,342.8926,74.2232,6.0026,3.8835,TATAMOTORS
2026-04-29,348.11231368227493,360.65823574316335,348.11231368227493,349.79833984375,10581537,336.3449,342.2579,64.3028,5.8587,4.2785,TATAMOTORS
2026-04-30,349.1040910800748,349.1040910800748,334.72338278274214,338.74005126953125,12670807,338.5938,341.4268,55.732,4.7971,4.3822,TATAMOTORS
2026-05-01,338.74005126953125,338.74005126953125,338.74005126953125,338.74005126953125,0,340.5079,340.6591,49.1673,3.9106,4.2879,TATAMOTORS
2026-05-04,335.6159535775589,343.0542505551932,335.21925045872,340.2276916503906,7734863,342.479,339.9808,48.013,3.2902,4.0884,TATAMOTORS
2026-05-05,339.08716516049765,341.16989440639657,336.21102966211754,337.3515625,6084755,344.1031,339.1338,32.9818,2.5372,3.7781,TATAMOTORS
2026-05-06,342.5087795866235,355.99689717909735,340.8227535376241,355.2034606933594,11036464,346.5552,338.6439,51.3494,3.3424,3.691,TATAMOTORS
2026-05-07,357.2366300063077,358.47634619835276,354.11252098914724,356.29443359375,6975162,347.7701,338.3176,49.3546,4.0223,3.7573,TATAMOTORS
2026-05-08,353.07115879906445,354.509241636731,350.79009319432515,352.52569580078125,4615800,348.871,337.8703,49.8084,4.2084,3.8475,TATAMOTORS
2026-05-11,349.40159989184986,349.40159989184986,342.360036125525,343.1534423828125,4283236,349.0396,337.1969,43.3557,3.5586,3.7897,TATAMOTORS
2026-05-12,341.021146232037,342.85593230374997,333.2357222627744,334.0787353515625,5758949,348.6107,336.3896,33.9125,2.2851,3.4888,TATAMOTORS
2026-05-13,332.2439492798495,339.58306330019207,331.2521762969246,334.0787353515625,5692558,347.5668,335.497,38.8643,1.2612,3.0433,TATAMOTORS
2026-05-14,337.2523664086617,337.79785966982587,330.9050258291218,335.96307373046875,7975089,346.6966,334.4496,41.3919,0.595,2.5536,TATAMOTORS
2026-05-15,349.10408330430363,363.93110122170077,349.10408330430363,353.61663818359375,51689818,346.5205,333.9319,51.3382,1.4746,2.3378,TATAMOTORS
2026-05-18,351.8810176428297,355.30264630139305,348.21147602237085,350.2445983886719,10409685,346.3941,333.5858,51.432,1.8778,2.2458,TATAMOTORS
2026-05-19,349.9966600957266,362.7905248084281,349.9966600957266,358.2283935546875,15119605,346.6569,333.7842,54.8186,2.8093,2.3585,TATAMOTORS
2026-05-20,355.6993688495488,361.9971332484051,353.1703598882526,358.2779846191406,9875276,346.6271,333.9052,62.7756,3.511,2.589,TATAMOTORS
2026-05-21,361.0053590504697,362.9889049793184,356.04649422834785,358.3771667480469,10834385,347.0933,334.1154,62.8238,4.0287,2.8769,TATAMOTORS
2026-05-22,361.50125064535416,362.6417835172708,358.7738749546142,360.3607177734375,6934910,347.7305,334.7373,63.0631,4.5466,3.2109,TATAMOTORS
2026-05-25,363.1376661287954,371.22060976355607,363.1376661287954,370.17926025390625,10356089,348.6677,335.2936,69.5396,5.6838,3.7055,TATAMOTORS
2026-05-26,370.6751277033204,384.11363862114547,368.7411584087001,382.4276428222656,21346890,350.3934,336.2904,67.3624,7.4871,4.4618,TATAMOTORS
2026-05-27,382.62598313023443,400.6762625082487,380.54328419673936,397.6513671875,16294686,352.786,337.8058,72.3473,10.029,5.5752,TATAMOTORS
2026-05-28,397.6513671875,397.6513671875,397.6513671875,397.6513671875,0,355.7316,339.5285,75.419,11.9062,6.8414,TATAMOTORS
2026-05-29,397.6513803191249,404.6433675787722,387.48570748166793,390.65936279296875,31210075,358.3276,341.1054,77.4971,12.6836,8.0099,TATAMOTORS
2026-06-01,391.7503111817787,395.5686430529281,380.6920489574175,381.7333984375,8626860,360.4029,342.4086,77.6308,12.436,8.8951,TATAMOTORS
2026-06-02,376.4770080790993,388.67580294013925,374.1959121935378,386.98980712890625,12789321,362.8848,343.7069,78.916,12.5196,9.62,TATAMOTORS
2026-06-03,388.82456866664006,396.51080894464707,381.6838216650417,394.8743896484375,8638483,364.8683,345.4692,80.2136,13.0715,10.3103,TATAMOTORS
2026-06-04,392.9404463617246,397.8993110040154,387.783215027139,396.4116516113281,12067304,366.8742,347.1671,76.2949,13.4775,10.9437,TATAMOTORS
2026-06-05,397.7009376215467,399.7340599840814,390.3618241277174,394.5272521972656,9554051,368.9742,349.0029,77.7157,13.4916,11.4533,TATAMOTORS
2026-06-08,388.77500150626605,389.6675911196878,383.8161366911351,385.7996826171875,7585986,371.1066,350.5461,67.0972,12.6528,11.6932,TATAMOTORS
2026-06-09,390.70895528000636,392.19661466510627,383.6177546644907,384.6095275878906,8550946,373.6331,351.9316,66.1006,11.7564,11.7058,TATAMOTORS
2026-06-10,384.80791996032235,385.6013262453892,376.87373604361466,377.8655090332031,7251442,375.8224,353.4748,61.0208,10.3822,11.4411,TATAMOTORS
2026-06-11,371.9148445085123,375.28686637875467,369.286652327287,372.80743408203125,6508792,377.6647,355.0557,56.8021,8.7837,10.9096,TATAMOTORS
2026-06-12,377.12165679931644,389.7171851224911,375.88194063626804,386.79144287109375,7787586,379.3234,356.7824,58.6832,8.5468,10.4371,TATAMOTORS
2026-06-15,394.9240034271085,404.44499959731905,391.99826109851733,393.1387939453125,11097635,381.4681,358.6291,55.9668,8.7701,10.1037,TATAMOTORS
2026-06-16,395.02316172147215,395.370288314166,384.36160229728983,390.3618469238281,6432360,383.0748,360.3389,45.2854,8.6236,9.8076,TATAMOTORS
2026-06-17,392.246213055723,392.3453964068898,352.07940742043405,357.98046875,51987488,383.0599,361.3753,31.9168,5.8274,9.0116,TATAMOTORS
2026-06-18,360.9061641968756,363.2368366422847,356.19524276602004,361.6499938964844,22656468,383.2235,361.9684,36.3636,3.8629,7.9819,TATAMOTORS
2026-06-19,363.75,363.75,356.5,359.5,11928855,383.1805,362.5482,38.8377,2.1083,6.8071,TATAMOTORS
2026-06-22,362.0,370.5,360.0,361.5,15447905,382.7465,362.9826,36.7703,0.8691,5.6195,TATAMOTORS
2026-06-23,361.5,361.8999938964844,350.1000061035156,354.54998779296875,16257406,381.3527,363.2204,28.8658,-0.6661,4.3624,TATAMOTORS
2026-06-24,355.0,356.79998779296875,348.0,349.70001220703125,12569135,378.9551,363.1153,26.3398,-2.2481,3.0403,TATAMOTORS
2026-06-25,352.29998779296875,360.5,351.0,353.20001220703125,15424509,376.7325,363.1119,29.4041,-3.1829,1.7957,TATAMOTORS
2026-06-26,353.20001220703125,353.20001220703125,353.20001220703125,353.20001220703125,0,374.8596,363.0332,32.2057,-3.8789,0.6608,TATAMOTORS
2026-06-29,350.0,354.45001220703125,343.3999938964844,345.04998779296875,11882122,373.0254,362.8787,29.9315,-5.0302,-0.4774,TATAMOTORS
2026-06-30,348.0,356.3999938964844,343.29998779296875,352.20001220703125,17609242,371.2859,362.8633,37.0333,-5.3045,-1.4428,TATAMOTORS
2026-07-01,353.5,354.6000061035156,346.5,347.79998779296875,12059086,368.9322,362.6418,37.2812,-5.8099,-2.3163,TATAMOTORS
2026-07-02,351.1499938964844,351.25,345.0,345.95001220703125,10423984,366.4091,362.5797,26.3033,-6.2873,-3.1105,TATAMOTORS
2026-07-03,346.5,347.54998779296875,341.0,344.1000061035156,12651872,363.8877,362.5094,19.9804,-6.7373,-3.8358,TATAMOTORS
2026-07-06,345.5,348.6499938964844,341.6000061035156,347.04998779296875,4980867,361.9503,362.4217,23.5422,-6.7777,-4.4242,TATAMOTORS
2026-07-07,348.79998779296875,348.79998779296875,341.70001220703125,342.29998779296875,7428187,359.8348,362.3094,35.5398,-7.111,-4.9616,TATAMOTORS
2026-07-08,340.95001220703125,341.3999938964844,330.75,332.04998779296875,10789766,357.544,361.9545,25.6579,-8.1088,-5.591,TATAMOTORS
2026-07-09,332.8999938964844,334.6000061035156,330.0,331.5,11549474,355.4786,361.8097,26.3514,-8.842,-6.2412,TATAMOTORS
2026-07-10,334.54998779296875,340.25,333.6499938964844,337.95001220703125,19331002,353.0366,361.7939,31.5004,-8.8012,-6.7532,TATAMOTORS
2026-07-13,339.3500061035156,344.0,334.3999938964844,342.25,8402444,350.4921,361.8343,39.918,-8.3259,-7.0677,TATAMOTORS
2026-07-14,340.04998779296875,340.75,332.54998779296875,333.3500061035156,8043834,347.6415,361.7543,37.4327,-8.5686,-7.3679,TATAMOTORS
2026-07-15,335.0,335.1000061035156,330.79998779296875,333.0,7144390,346.3925,361.3102,33.6834,-8.689,-7.6321,TATAMOTORS
2026-07-16,334.6499938964844,339.20001220703125,331.29998779296875,331.79998779296875,8194443,344.9,360.8203,33.0428,-8.78,-7.8617,TATAMOTORS
2026-07-17,332.1000061035156,336.79998779296875,330.20001220703125,335.6000061035156,7785825,343.705,360.4818,41.9575,-8.4482,-7.979,TATAMOTORS
2026-07-20,335.5,337.6000061035156,332.45001220703125,336.45001220703125,7562963,342.4525,360.3477,34.9857,-8.0241,-7.988,TATAMOTORS
2026-07-21,336.1000061035156,337.6499938964844,331.79998779296875,333.79998779296875,5847490,341.415,360.3422,36.1933,-7.8118,-7.9528,TATAMOTORS
2026-07-22,333.79998779296875,334.6000061035156,327.1000061035156,327.70001220703125,8609616,340.315,360.2146,33.394,-8.043,-7.9708,TATAMOTORS
2026-07-23,326.95001220703125,328.5,323.79998779296875,324.29998779296875,6985396,338.87,359.9813,32.4779,-8.4038,-8.0574,TATAMOTORS
2026-07-24,321.0,325.75,318.25,323.79998779296875,7171058,337.4,359.385,28.4922,-8.6305,-8.172,TATAMOTORS
2026-07-27,326.75,329.04998779296875,326.1000061035156,327.6499938964844,4777294,336.53,358.9331,36.2183,-8.4027,-8.2182,TATAMOTORS
2026-07-28,327.0,327.3500061035156,322.79998779296875,324.3999938964844,6650930,335.14,358.2565,41.7118,-8.3877,-8.2521,TATAMOTORS
2026-07-29,326.0,330.5,325.3500061035156,329.79998779296875,7220810,334.24,357.687,48.3333,-7.8496,-8.1716,TATAMOTORS
2026-07-30,328.20001220703125,335.0,328.04998779296875,334.20001220703125,6078600,333.6525,357.2034,46.1696,-6.9876,-7.9348,TATAMOTORS
2026-07-31,335.54998779296875,341.95001220703125,334.5,339.75,8527463,333.435,356.7912,47.51,-5.7898,-7.5058,TATAMOTORS
2026-08-03,344.5,350.45001220703125,343.5,349.29998779296875,12027810,333.5475,356.3736,65.6833,-4.0236,-6.8094,TATAMOTORS
2026-08-04,348.95001220703125,349.54998779296875,345.0,348.54998779296875,8003110,333.86,355.6961,65.1707,-2.6538,-5.9782,TATAMOTORS
2026-08-05,349.0,353.20001220703125,346.3999938964844,349.79998779296875,7110154,334.7475,354.739,67.5438,-1.4506,-5.0727,TATAMOTORS
2026-08-06,349.0,349.0,343.0,345.3500061035156,5218339,335.44,353.693,59.384,-0.8464,-4.2275,TATAMOTORS
2026-08-07,345.0,349.79998779296875,343.6499938964844,347.0,4274035,335.8925,352.8198,60.0,-0.2318,-3.4283,TATAMOTORS
2026-08-10,347.0,351.3999938964844,344.6000061035156,347.1000061035156,5233700,336.135,352.1272,63.247,0.2604,-2.6906,TATAMOTORS
2026-08-11,345.5,348.70001220703125,344.25,347.6000061035156,4864857,336.8475,351.3394,72.3094,0.6829,-2.0159,TATAMOTORS
2026-08-12,348.3999938964844,351.25,334.20001220703125,343.0,22384343,337.3475,350.3019,70.4149,0.6392,-1.4849,TATAMOTORS
2026-08-13,343.5,351.54998779296875,342.45001220703125,349.6000061035156,9528820,338.2375,349.3656,74.8555,1.1242,-0.963,TATAMOTORS
2026-08-14,329.0,337.75,329.0,334.5,31933028,338.1825,348.1651,55.4236,0.2868,-0.7131,TATAMOTORS
2026-08-17,334.0,334.20001220703125,329.04998779296875,330.20001220703125,7337847,337.87,347.0531,54.5171,-0.7156,-0.7136,TATAMOTORS
2026-08-18,330.5,331.70001220703125,322.79998779296875,322.79998779296875,9865820,337.32,345.8169,44.713,-2.0831,-0.9875,TATAMOTORS
2026-08-19,323.8500061035156,324.0,320.20001220703125,321.29998779296875,5659002,337.0,344.6856,39.8104,-3.2504,-1.44,TATAMOTORS
2026-08-20,323.3999938964844,324.54998779296875,318.45001220703125,320.25,10475953,336.7975,343.6345,33.4184,-4.2117,-1.9944,TATAMOTORS
2026-08-21,321.5,322.3999938964844,316.8999938964844,317.8999938964844,10821968,336.5025,342.2566,19.5737,-5.1043,-2.6163,TATAMOTORS
